Full name,Email,Group,username,OTP identifier,Mobile Phone,Created
OL Admin,support@securiag.co.uk,Native Users,oladmin,4NHJTCWCYRAN,+66618504449,05-13-2021 12:23:55 am
OL Admin,support@securiag.co.uk,Native Users,oladmin,79TE9TPAQHCM,+66618504449,05-13-2021 12:23:55 am
OL Admin,support@securiag.co.uk,Native Users,oladmin,W6WDXXKKMWPA,+66618504449,05-13-2021 12:23:55 am
Sittichai Pongpaisarnsri,sittichai.pongpaisarnsri@lotuss.com,,sittichai.pongpaisarnsri@lotuss.com,VJJN6CKVQEJM,+66618504449,05-26-2021 11:16:19 am
Sumit Tiwarri,sumit@securiag.co.uk,Native Users,sumit@securiag.co.uk,WVR3CVYENHTY,+917003752368,05-27-2021 06:56:23 am
Srinath B,srinath@securiag.co.uk,Native Users,srinath@securiag.co.uk,HWWE3XRTTH4V,+919701936824,05-27-2021 11:38:15 am
Surajit Panda,surajit@securiag.co.uk,Native Users,surajit@securiag.co.uk,ATEJ4HKFPJKR,+447904035251,05-27-2021 11:41:04 am
MOHD RAMZAN MANSOR,mohdramzan.mansor@lotuss.com,,mohdramzan.mansor@lotuss.com,,+60192059259,05-29-2021 04:45:00 am
Siew Quee Yap,siewquee.yap@lotuss.com,,siewquee.yap@lotuss.com,,+60122900868,05-31-2021 12:39:24 pm
Siti Azmilia Aznam @ Mohd Noor,sitiazmilia.aznammohdnoor@lotuss.com,,sitiazmilia.aznammohdnoor@lotuss.com,,+60132743787,05-31-2021 12:59:17 pm
Sharina Khairul Anuar Asokumaran,sharina.khairulanuarasokumaran@lotuss.com,,sharina.khairulanuarasokumaran@lotuss.com,,+60167115677,05-31-2021 01:13:35 pm
Syahir Izam Md Nasir,syahirizam.mdnasir@lotuss.com,,syahirizam.mdnasir@lotuss.com,,+1111172411,05-31-2021 01:13:37 pm
Li Leng Lam,lileng.lam@lotuss.com,,lileng.lam@lotuss.com,,+60192641926,05-31-2021 01:13:39 pm
Nurul Faridzatul Hidayah Jasni,nurulfaridzatulhidayah.jasni@lotuss.com,,nurulfaridzatulhidayah.jasni@lotuss.com,,+60193828820,05-31-2021 01:13:41 pm
Fetty Suzana Abd Wahab,fettysuzana.abdwahab@lotuss.com,,fettysuzana.abdwahab@lotuss.com,,+60182618951,05-31-2021 01:13:43 pm
Chooi Ting Yong,chooiting.yong@lotuss.com,,chooiting.yong@lotuss.com,,+60123043431,05-31-2021 01:13:49 pm
Sharipah Suryaney Syed Mohamed Zain,sharipahsuryaney.syedmohamedzain@lotuss.com,,sharipahsuryaney.syedmohamedzain@lotuss.com,,+60136792729,05-31-2021 01:13:52 pm
Mohd Zulhelmi Abdul Rahim,mohdzulhelmi.abdulrahim@lotuss.com,,mohdzulhelmi.abdulrahim@lotuss.com,,+601116406977,05-31-2021 01:13:54 pm
Peh Yen Seow,pehyen.seow@lotuss.com,,pehyen.seow@lotuss.com,,+60122990630,05-31-2021 01:14:00 pm
Jun Chiang Chong,junchiang.chong@lotuss.com,,junchiang.chong@lotuss.com,,+60178815060,05-31-2021 01:14:04 pm
Saiful Azmi Murad,saifulazmi.murad@lotuss.com,,saifulazmi.murad@lotuss.com,,+60149992438,05-31-2021 01:14:09 pm
Siow Foong Chan,siowfoong.chan@lotuss.com,,siowfoong.chan@lotuss.com,,+60123228171,05-31-2021 01:14:10 pm
Sze Hui Chong,szehui.chong@lotuss.com,,szehui.chong@lotuss.com,,+60166850787,05-31-2021 01:14:14 pm
Muhamad Fadly Hadinur,muhamadfadly.hadinur@lotuss.com,,muhamadfadly.hadinur@lotuss.com,,+60179252787,05-31-2021 01:14:16 pm
K. Veerasingam Kulanthavalu,kveerasingam.kulanthavalu@lotuss.com,,kveerasingam.kulanthavalu@lotuss.com,,+60143661699,05-31-2021 01:14:20 pm
Chee Chun Chong,cheechun.chong@lotuss.com,,cheechun.chong@lotuss.com,,+165333954,05-31-2021 01:14:21 pm
Muhammad Shahnawaz Arbelrel,muhammadshahnawaz.arbelrel@lotuss.com,,muhammadshahnawaz.arbelrel@lotuss.com,,+60124007868,05-31-2021 01:14:24 pm
Jo Lin Teh,jolin.teh@lotuss.com,,jolin.teh@lotuss.com,,+60122598202,05-31-2021 01:14:26 pm
Choa Yee Wong,choayee.wong@lotuss.com,,choayee.wong@lotuss.com,,+60123382836,05-31-2021 01:14:28 pm
Muhammad Afiq Mohd Shoed,muhammadafiq.mohdshoed@lotuss.com,,muhammadafiq.mohdshoed@lotuss.com,,+133132150,05-31-2021 01:14:30 pm
SITI NUR FATIHAH MOHAMMED SOFFI,sitinurfatihah.mohammedsoffi@lotuss.com,,sitinurfatihah.mohammedsoffi@lotuss.com,,+60175697498,05-31-2021 01:14:32 pm
Bee Huay Ng,beehuay.ng@lotuss.com,,beehuay.ng@lotuss.com,,+60123052259,05-31-2021 01:14:35 pm
Pei Pei Tong,peipei.tong@lotuss.com,,peipei.tong@lotuss.com,,+60179544913,05-31-2021 01:14:36 pm
Surendran R Nadarajah,surendran.rnadarajah@lotuss.com,,surendran.rnadarajah@lotuss.com,,+60105559493,05-31-2021 01:14:39 pm
Suet Cheng Wong,suetcheng.wong@lotuss.com,,suetcheng.wong@lotuss.com,,+162467882,05-31-2021 01:14:43 pm
Mohd Khairul Abd Razak,mohdkhairul.abdrazak@lotuss.com,,mohdkhairul.abdrazak@lotuss.com,,+179218810,05-31-2021 01:14:45 pm
Anuradha M Gunaratnam,anuradha.mgunaratnam@lotuss.com,,anuradha.mgunaratnam@lotuss.com,,+60197912132,05-31-2021 01:14:47 pm
Ganesh Rao Manikarao,ganeshrao.manikarao@lotuss.com,,ganeshrao.manikarao@lotuss.com,,+60122195359,05-31-2021 01:14:52 pm
Sherina Edmund Raj A Edmund Raj,sherinaedmundraj.aedmundraj@lotuss.com,,sherinaedmundraj.aedmundraj@lotuss.com,,+123424437,05-31-2021 01:14:54 pm
Siti Fatimah Azzahra Romli,sitifatimahazzahra.romli@lotuss.com,,sitifatimahazzahra.romli@lotuss.com,,+60193308186,05-31-2021 01:14:57 pm
Wai Keong Kwan,waikeong.kwan@lotuss.com,,waikeong.kwan@lotuss.com,,+60192301013,05-31-2021 01:14:59 pm
Manickam Lingam,manickam.lingam@lotuss.com,,manickam.lingam@lotuss.com,,+166667621,05-31-2021 01:15:04 pm
Amirah Hanani Abdullah,amirahhanani.abdullah@lotuss.com,,amirahhanani.abdullah@lotuss.com,,+162431765,05-31-2021 01:15:06 pm
Yee Voon Siow,yeevoon.siow@lotuss.com,,yeevoon.siow@lotuss.com,,+60146308891,05-31-2021 01:15:08 pm
Geok Ting Chiam,geokting.chiam@lotuss.com,,geokting.chiam@lotuss.com,,+125714541,05-31-2021 01:15:10 pm
Kai Yean Ong,kaiyean.ong@lotuss.com,,kaiyean.ong@lotuss.com,,+60122520418,05-31-2021 01:15:12 pm
Yat Yan Lim,yatyan.lim@lotuss.com,,yatyan.lim@lotuss.com,,+60126347263,05-31-2021 01:15:19 pm
Siti Noor Akhmaliah Mohari,sitinoorakhmaliah.mohari@lotuss.com,,sitinoorakhmaliah.mohari@lotuss.com,,+60167636775,05-31-2021 01:15:21 pm
Richard Antony Leonard,richardantony.leonard@lotuss.com,,richardantony.leonard@lotuss.com,,+60172009442,05-31-2021 01:15:23 pm
Mohamad Aris Nazri,mohamadaris.nazri@lotuss.com,,mohamadaris.nazri@lotuss.com,,+60122090779,05-31-2021 01:15:27 pm
Sawallis Salim @ Lim Lai Chong,sawallis.salimlimlaichong@lotuss.com,,sawallis.salimlimlaichong@lotuss.com,,+60122046992,05-31-2021 01:15:29 pm
Sit Wah Lee,sitwah.lee@lotuss.com,,sitwah.lee@lotuss.com,,+60126772607,05-31-2021 01:15:36 pm
Daniel Teoh Chun Yang Teoh,danielteohchunyang.teoh@lotuss.com,,danielteohchunyang.teoh@lotuss.com,,+60122102224,05-31-2021 01:15:44 pm
Mohamad Azron Ehsan Mohamad Zakuan,mohamadazronehsan.mohamadzakuan@lotuss.com,,mohamadazronehsan.mohamadzakuan@lotuss.com,,+60124038320,05-31-2021 01:15:52 pm
Yin Kuan Goh,yinkuan.goh@lotuss.com,,yinkuan.goh@lotuss.com,,+165173505,05-31-2021 01:15:55 pm
Nur Muhammad Hilmi Hanafiah,nurmuhammadhilmi.hanafiah@lotuss.com,,nurmuhammadhilmi.hanafiah@lotuss.com,,+1126241631,05-31-2021 01:15:56 pm
Muhammad Ikhwan Mohamed Suhaimi,muhammadikhwan.mohamedsuhaimi@lotuss.com,,muhammadikhwan.mohamedsuhaimi@lotuss.com,,+60192421704,05-31-2021 01:15:59 pm
Jaspreet Kaur Halpal Singh @ Harpal Singh,jaspreetkaur.halpalsinghharpalsingh@lotuss.com,,jaspreetkaur.halpalsinghharpalsingh@lotuss.com,,+60104062016,05-31-2021 01:16:01 pm
Kok Min Liaw,kokmin.liaw@lotuss.com,,kokmin.liaw@lotuss.com,,+60173883341,05-31-2021 01:16:03 pm
Mohamad Faris Azri Dzulkifli,mohamadfarisazri.dzulkifli@lotuss.com,,mohamadfarisazri.dzulkifli@lotuss.com,,+60173082068,05-31-2021 01:16:05 pm
Chee Seng Tan,cheeseng.tan@lotuss.com,,cheeseng.tan@lotuss.com,,+129778352,05-31-2021 01:16:09 pm
Mei Cheen Lu,meicheen.lu@lotuss.com,,meicheen.lu@lotuss.com,,+60126699967,05-31-2021 01:16:11 pm
Noor Iliyana Amir Hamzah,nooriliyana.amirhamzah@lotuss.com,,nooriliyana.amirhamzah@lotuss.com,,+60196184433,05-31-2021 01:16:16 pm
Ahmad Khaisyam Ilyasa Khalid,ahmadkhaisyamilyasa.khalid@lotuss.com,,ahmadkhaisyamilyasa.khalid@lotuss.com,,+60129800540,05-31-2021 01:16:18 pm
Tze Cher Ong,tzecher.ong@lotuss.com,,tzecher.ong@lotuss.com,,+60123809805,05-31-2021 01:16:20 pm
Sam Mun Chan,sammun.chan@lotuss.com,,sammun.chan@lotuss.com,,+123771105,05-31-2021 01:16:22 pm
Voon Xin Ng,voonxin.ng@lotuss.com,,voonxin.ng@lotuss.com,,+60164210426,05-31-2021 01:16:26 pm
Kang Zheng Lee,kangzheng.lee@lotuss.com,,kangzheng.lee@lotuss.com,,+60169592598,05-31-2021 01:16:28 pm
Kar Lok Hoh,karlok.hoh@lotuss.com,,karlok.hoh@lotuss.com,,+60102210780,05-31-2021 01:16:30 pm
Abhishek Rajpal,abhishek.rajpal@lotuss.com,,abhishek.rajpal@lotuss.com,,+601126168321,05-31-2021 01:16:32 pm
Muhamad Izzul Haqeem Mohd Saleh,muhamadizzulhaqeem.mohdsaleh@lotuss.com,,muhamadizzulhaqeem.mohdsaleh@lotuss.com,,+60102793787,05-31-2021 01:16:39 pm
Wei Lun Wong,weilun.wong@lotuss.com,,weilun.wong@lotuss.com,,+123237852,05-31-2021 01:16:41 pm
Foong Yee Chin,foongyee.chin@lotuss.com,,foongyee.chin@lotuss.com,,+601128892691,05-31-2021 01:16:43 pm
Nurul Aqilah Mohd Habib,nurulaqilah.mohdhabib@lotuss.com,,nurulaqilah.mohdhabib@lotuss.com,,+60133451593,05-31-2021 01:16:45 pm
An Ni Ngo,anni.ngo@lotuss.com,,anni.ngo@lotuss.com,,+166015614,05-31-2021 01:16:47 pm
Ilham Arif A.Aziz,ilhamarif.aaziz@lotuss.com,,ilhamarif.aaziz@lotuss.com,,+60199155617,05-31-2021 01:16:49 pm
Mei Qi Tan,meiqi.tan@lotuss.com,,meiqi.tan@lotuss.com,,+173680841,05-31-2021 01:16:51 pm
Thamby Ramash K.Kalimuthu,thambyramash.kkalimuthu@lotuss.com,,thambyramash.kkalimuthu@lotuss.com,,+60125658466,05-31-2021 01:16:53 pm
Kuo Chian Wong,kuochian.wong@lotuss.com,,kuochian.wong@lotuss.com,,+60122081521,05-31-2021 01:16:55 pm
Amarawathi Sooriyanarayanan,amarawathi.sooriyanarayanan@lotuss.com,,amarawathi.sooriyanarayanan@lotuss.com,,+60142365070,05-31-2021 01:16:57 pm
Nurain Shafinaz Sarak Ali,nurainshafinaz.sarakali@lotuss.com,,nurainshafinaz.sarakali@lotuss.com,,+143659115,05-31-2021 01:16:59 pm
Siti Nabila Mohamed,sitinabila.mohamed@lotuss.com,,sitinabila.mohamed@lotuss.com,,+60176623692,05-31-2021 01:17:01 pm
STEVEN LEONG,steven.leong@lotuss.com,,steven.leong@lotuss.com,,+60166283928,05-31-2021 01:17:03 pm
Thines Kumar Chandran,thineskumar.chandran@lotuss.com,,thineskumar.chandran@lotuss.com,,+60172716298,05-31-2021 01:17:09 pm
Muhammad Zul Azraf Rosli,muhammadzulazraf.rosli@lotuss.com,,muhammadzulazraf.rosli@lotuss.com,,+146427323,05-31-2021 01:17:11 pm
Sallehhudin Hashim,sallehhudin.hashim@lotuss.com,,sallehhudin.hashim@lotuss.com,,+601111474551,05-31-2021 01:17:13 pm
Faizal A.Kadir,faizal.akadir@lotuss.com,,faizal.akadir@lotuss.com,,+601128885251,05-31-2021 01:17:15 pm
Megat Shahrul Izwan Megat Shahiri,megatshahrulizwan.megatshahiri@lotuss.com,,megatshahrulizwan.megatshahiri@lotuss.com,,+60124246165,05-31-2021 01:17:16 pm
WAN NUR SALFAEZZA WAN SAIKULIZAN,wannursalfaezza.wansaikulizan@lotuss.com,,wannursalfaezza.wansaikulizan@lotuss.com,,+60195246858,05-31-2021 01:17:19 pm
Muhammad Bahizi Baharudin,muhammadbahizi.baharudin@lotuss.com,,muhammadbahizi.baharudin@lotuss.com,,+60176554166,05-31-2021 01:17:21 pm
Mei Nie Lau,meinie.lau@lotuss.com,,meinie.lau@lotuss.com,,+60168607767,05-31-2021 01:17:23 pm
ADRIAN CHIAO-WEI CHIN,adrianchiao-wei.chin@lotuss.com,,adrianchiao-wei.chin@lotuss.com,,+60124982313,05-31-2021 01:17:25 pm
Jegatheswaran P.Seladorai,jegatheswaran.pseladorai@lotuss.com,,jegatheswaran.pseladorai@lotuss.com,,+60122281553,05-31-2021 01:17:27 pm
Musalmah Md.Yusof,musalmah.mdyusof@lotuss.com,,musalmah.mdyusof@lotuss.com,,+601128026314,05-31-2021 01:17:29 pm
Raja Azul Redzuan Raja Azamuddin Aznam Shah,rajaazulredzuan.rajaazamuddinaznamshah@lotuss.com,,rajaazulredzuan.rajaazamuddinaznamshah@lotuss.com,,+122695813,05-31-2021 01:17:31 pm
Thilagam M.Narayanasamy,thilagam.mnarayanasamy@lotuss.com,,thilagam.mnarayanasamy@lotuss.com,,+102699572,05-31-2021 01:17:33 pm
FATIN NORLIESA ABDUL RAZAK,fatinnorliesa.abdulrazak@lotuss.com,,fatinnorliesa.abdulrazak@lotuss.com,,+182050499,05-31-2021 01:17:35 pm
SITI NUR EZZATTY AMANI AMBIAK,sitinurezzattyamani.ambiak@lotuss.com,,sitinurezzattyamani.ambiak@lotuss.com,,+601165526838,05-31-2021 01:17:37 pm
LEAN HUA LEW,leanhua.lew@lotuss.com,,leanhua.lew@lotuss.com,,+60164917931,05-31-2021 01:17:39 pm
Shanthadurga Sagainathan,shanthadurga.sagainathan@lotuss.com,,shanthadurga.sagainathan@lotuss.com,,+60169499501,05-31-2021 01:17:41 pm
Syed Ahmad Shahir Syed Yahya,syedahmadshahir.syedyahya@lotuss.com,,syedahmadshahir.syedyahya@lotuss.com,,+60122710547,05-31-2021 01:17:43 pm
WAN NOR HANIS FATIN ZAINUDDIN,wannorhanisfatin.zainuddin@lotuss.com,,wannorhanisfatin.zainuddin@lotuss.com,,+60173813768,05-31-2021 01:17:46 pm
Ahmad Noor Fizra Abd.Rahim,ahmadnoorfizra.abdrahim@lotuss.com,,ahmadnoorfizra.abdrahim@lotuss.com,,+60196754010,05-31-2021 01:17:48 pm
Nur Syafika Aziatun Soaidi,nursyafikaaziatun.soaidi@lotuss.com,,nursyafikaaziatun.soaidi@lotuss.com,,+60175090435,05-31-2021 01:17:52 pm
Rosafidallah Abdul Rasip,rosafidallah.abdulrasip@lotuss.com,,rosafidallah.abdulrasip@lotuss.com,,+60182465505,05-31-2021 01:17:54 pm
Khairulnizam Md.Hisham,khairulnizam.mdhisham@lotuss.com,,khairulnizam.mdhisham@lotuss.com,,+60164122466,05-31-2021 01:17:57 pm
Mohd.Hafiz Ahmad Ba,mohdhafiz.ahmadba@lotuss.com,,mohdhafiz.ahmadba@lotuss.com,,+60197569097,05-31-2021 01:17:57 pm
Mohamad Azmi Abdullah,mohamadazmi.abdullah@lotuss.com,,mohamadazmi.abdullah@lotuss.com,,+60134407429,05-31-2021 01:18:02 pm
Sangitha R Nadarajah,sangitha.rnadarajah@lotuss.com,,sangitha.rnadarajah@lotuss.com,,+601126513211,05-31-2021 01:18:03 pm
SHARON SABASTIAN,sharon.sabastian@lotuss.com,,sharon.sabastian@lotuss.com,,+60124348703,05-31-2021 01:18:05 pm
KIESSHOK MUNIANDY,kiesshok.muniandy@lotuss.com,,kiesshok.muniandy@lotuss.com,,+60142180360,05-31-2021 01:18:07 pm
Norazida Ab. Razak,norazida.abrazak@lotuss.com,,norazida.abrazak@lotuss.com,,+60136311108,05-31-2021 01:18:10 pm
Porle Sudanso Siti Mariam Hannah,porlesudanso.sitimariamhannah@lotuss.com,,porlesudanso.sitimariamhannah@lotuss.com,,+60164638062,05-31-2021 01:18:12 pm
Muhammad Nazirul Haziq Razmy,muhammadnazirulhaziq.razmy@lotuss.com,,muhammadnazirulhaziq.razmy@lotuss.com,,+60134767890,05-31-2021 01:18:14 pm
Mogana Sundram Krishnasamy,moganasundram.krishnasamy@lotuss.com,,moganasundram.krishnasamy@lotuss.com,,+60125133277,05-31-2021 01:18:18 pm
K.Sekar Kanapathy,ksekar.kanapathy@lotuss.com,,ksekar.kanapathy@lotuss.com,,+60196551570,05-31-2021 01:18:20 pm
Mohd Shazwan A.Rahim,mohdshazwan.arahim@lotuss.com,,mohdshazwan.arahim@lotuss.com,,+601113097572,05-31-2021 01:18:22 pm
Siti Adila P.Ramli,sitiadila.pramli@lotuss.com,,sitiadila.pramli@lotuss.com,,+60184009522,05-31-2021 01:18:24 pm
Chelirajan Muniandy,chelirajan.muniandy@lotuss.com,,chelirajan.muniandy@lotuss.com,,+60163544977,05-31-2021 01:18:26 pm
Pei Syan Yee,peisyan.yee@lotuss.com,,peisyan.yee@lotuss.com,,+60123055607,05-31-2021 01:18:29 pm
Pushpam Paulsamy,pushpam.paulsamy@lotuss.com,,pushpam.paulsamy@lotuss.com,,+60129568073,05-31-2021 01:18:31 pm
Foung Hoong Chin,founghoong.chin@lotuss.com,,founghoong.chin@lotuss.com,,+123895512,05-31-2021 01:18:33 pm
Chui Yin Loke,chuiyin.loke@lotuss.com,,chuiyin.loke@lotuss.com,,+60126915010,05-31-2021 01:18:35 pm
Poh Ching Lee,pohching.lee@lotuss.com,,pohching.lee@lotuss.com,,+126799685,05-31-2021 01:18:37 pm
Jin Kiat Chuah,jinkiat.chuah@lotuss.com,,jinkiat.chuah@lotuss.com,,+60123885607,05-31-2021 01:18:42 pm
Kovalan S.Visuvanathan,kovalan.svisuvanathan@lotuss.com,,kovalan.svisuvanathan@lotuss.com,,+60163296488,05-31-2021 01:18:44 pm
Boudville Corine Jeanette,boudville.corinejeanette@lotuss.com,,boudville.corinejeanette@lotuss.com,,+60123797623,05-31-2021 01:18:50 pm
Hoo Mei Chen Soo,hoomeichen.soo@lotuss.com,,hoomeichen.soo@lotuss.com,,+60122897515,05-31-2021 01:18:52 pm
Daphene Michael Junim,daphene.michaeljunim@lotuss.com,,daphene.michaeljunim@lotuss.com,,+60138109552,05-31-2021 01:18:54 pm
Sook Khim Lim,sookkhim.lim@lotuss.com,,sookkhim.lim@lotuss.com,,+60123965233,05-31-2021 01:18:56 pm
