mobile,userid,Username
66993526228,134851442,paphawee.lumlert@lotuss.com
66896993310,134927747,apisitt.rattana@lotuss.com
-,137178203,payephyoaung.@lotuss.com
-,137178279,thanhtikesoe.@lotuss.com
-,137178285,winnaing.@lotuss.com
-,137178286,khinmarlwin.@lotuss.com
6.01111E+11,137176748,alvin.wong@lotuss.com
60172606388,135569279,mohdroshafizalhelmi.mohdroslan@lotuss.com
66610282981,137177262,nanthida.paisarn@lotuss.com
66610319243,137176671,wannisa.jandasat@lotuss.com
66610969510,137176811,theeraphat.nakmai@lotuss.com
66611529729,137178283,anitsara.promjak@lotuss.com
66612389310,137177271,natthawut.rotnakret@lotuss.com
66613359491,137178416,chonlakorn.seatong@lotuss.com
66613408337,137177836,nattiya.sukri@lotuss.com
66613592172,137177984,tiplada.chuforng@lotuss.com
66614634214,137176812,naruemon.phuphum@lotuss.com
66614727203,137177052,chanthira.bamrungrat@lotuss.com
66614953574,137176601,phongsawat.ninwattha@lotuss.com
66614975247,137176573,duangkamon.thongpramun@lotuss.com
66615854167,137178007,kongkiat.suttitammarat@lotuss.com
66616435999,137178117,jessada.poomsanthia@lotuss.com
66616683978,137177770,nirapat.jewklay@lotuss.com
66617066115,137178486,usa.masawat@lotuss.com
66617173032,137178392,naruebet.sangnoi@lotuss.com
66619095698,137176742,waranya.soda@lotuss.com
66619409772,137176900,phennapha.ngamwang@lotuss.com
66621068298,137177856,suphaphon.sukhrip@lotuss.com
66621135688,137176716,thanyaiak.panyawiset@lotuss.com
66621152521,137177803,kanchana.sopharak@lotuss.com
66622255192,137176683,juthamat.phiromsawek@lotuss.com
66622484834,137177908,natasha.jehmah@lotuss.com
66622619068,137177259,surasak.chaiyasit@lotuss.com
66622930076,137178116,khanchit.polcharoen@lotuss.com
66623724346,137177079,chalit.wareerumpungplane@lotuss.com
66623738098,137176704,praewnapa.ekaroon@lotuss.com
66623956803,137178365,kannika.bunjaeng@lotuss.com
66624027161,137176792,supakarn.toonsakul@lotuss.com
66624573904,137177068,mongkhon.khongsri@lotuss.com
66625362871,137178156,thanatcha.srisathan@lotuss.com
66625410770,137176992,kraiwan.srithong@lotuss.com
66625483447,137176790,wisanu.khamchaturat@lotuss.com
66625499358,137178275,anupong.chiangseela@lotuss.com
66625571164,137176994,thitiphon.phitakboonyanon@lotuss.com
66625756629,137177174,siriphon.sawatdee@lotuss.com
66625800455,137176697,kannika.ruangkaew@lotuss.com
66626165679,137176976,chanapa.singharat@lotuss.com
66626606115,137177982,vassana.clayclung@lotuss.com
66626812727,137176743,suwanan.sookkampa@lotuss.com
66626866678,137177232,danai.jainanta@lotuss.com
66627049880,137176662,benjawun.chuchum@lotuss.com
66627352655,137176929,soranee.potong@lotuss.com
66627735522,137177234,klakawi.woonklinhom@lotuss.com
66627901920,137176701,laddawan.thammawong@lotuss.com
66627971662,137176838,sunisa.imtheng@lotuss.com
66628455550,137177152,ratchapol.somsri@lotuss.com
66628715441,137178496,nawaporn.saengprachun@lotuss.com
66628786834,137176587,wutthanon.pangnga@lotuss.com
66628840111,137177935,sawitree.lomwong@lotuss.com
66629156508,137178400,pacharada.natatui@lotuss.com
66629396932,137177168,warakrit.tanfoei@lotuss.com
66629903294,137177303,sawitree.kakkhunthod@lotuss.com
66630504470,137176595,paphapron.chaisang@lotuss.com
66630965135,137178394,dararat.ruangprim@lotuss.com
66631171738,137178098,waraporn.karavag@lotuss.com
66631588640,137177273,sutthidawan.thongdaeng@lotuss.com
66632406972,137177953,wannisa.soemsri@lotuss.com
66632642761,137176615,kanyarat.jandee@lotuss.com
66633132636,137176973,supakit.authasit@lotuss.com
66633187640,137177077,theerapong.thinpae@lotuss.com
66634755006,137177769,chanon.yasri@lotuss.com
66635138790,137176517,supawadi.homton@lotuss.com
66635496261,137177088,yanakon.yodphet@lotuss.com
66636497334,137177330,thanabun.chatin@lotuss.com
66636628226,137178157,panuwat.rodpothong@lotuss.com
66637165741,137178097,malita.bourphom@lotuss.com
66637260328,137178441,aksayam.chaiseeha@lotuss.com
66637265072,137178100,phatcharin.setsurat@lotuss.com
66637757078,137177020,monthida.maniwan@lotuss.com
66638041294,137177076,sirikan.niphatphong@lotuss.com
66638511657,137176888,thanwaporn.khlalchukun@lotuss.com
66638694132,137177032,suwat.hongsila@lotuss.com
66639155911,137178376,pronnapa.petra@lotuss.com
66639461725,137178133,titinan.puakthong@lotuss.com
66639740019,137177127,supriya.kanlayothin@lotuss.com
66640103505,137176567,pronchanok.fuenma@lotuss.com
66640451792,137177347,papan.janhom@lotuss.com
66640491548,137178045,chuthamat.sukhip@lotuss.com
66640542133,137177834,whuthichai.taikeeree@lotuss.com
66640764391,137178440,nitichai.saenwandee@lotuss.com
66640852985,137177233,yada.tapparangsi@lotuss.com
66642042030,137178135,lalita.ritboon@lotuss.com
66642214909,137177227,tipprat.pholueang@lotuss.com
66642514869,137177782,thanapron.tangnoo@lotuss.com
66642543387,137178308,jiradech.boonkwang@lotuss.com
66642742365,137176576,wirawan.sangkwiset@lotuss.com
66642874003,137178497,jariya.puasopit@lotuss.com
66643578159,137177789,charuphitchaya.sarasan@lotuss.com
66644197267,137178217,kawalee.khomsaart@lotuss.com
66644293787,137177183,pornphimon.jantaramanee@lotuss.com
66644304701,137178326,wimon.somsri@lotuss.com
66645267383,137176785,phisanuporn.singharet@lotuss.com
66645463284,137177296,kanyavee.sirinog@lotuss.com
66645629836,137176841,chonlada.chatchaimongkhon@lotuss.com
66645726820,137177165,kanda.masaarn@lotuss.com
66645768458,137177182,oakharadet.pranin@lotuss.com
66646017938,137177101,chaiya.namchanda@lotuss.com
66646246457,137176612,itthipon.sangtra@lotuss.com
66646308264,137176897,yanika.kasornsit@lotuss.com
66646918830,137176670,jittarin.raksapakdee@lotuss.com
66647068478,137177843,kanokwan.wongsri@lotuss.com
66647091938,137177788,thawatchai.prajit@lotuss.com
66647197152,137176975,pronteera.lomsungnoen@lotuss.com
66647651346,137177313,pornsuda.mekloy@lotuss.com
66647792133,137177801,pornnipa.chaibuddee@lotuss.com
66648570636,137178047,ketapat.pengsri@lotuss.com
66648689026,137176570,anyamanee.sangsee@lotuss.com
66648728365,137177791,narissara.kongkaew@lotuss.com
66649298458,137177175,thatthep.wethawaen@lotuss.com
66650213149,137177936,niran.vohandet@lotuss.com
66650438629,137176602,siriwan.kunsuwan@lotuss.com
66650627065,137177985,hafisa.dahamaeng@lotuss.com
66650851206,137178477,pariya.aundi@lotuss.com
66652585842,137177941,thoranong.suepseekham@lotuss.com
66652745642,137176718,surangkana.singdee@lotuss.com
66653202808,137177802,nilawan.meesantia@lotuss.com
66653921937,137176845,ancharee.pinyokhwan@lotuss.com
66654792393,137178290,moohummud.musoryaena@lotuss.com
66654961496,137178337,phatcharika.phonsakha@lotuss.com
66654969294,137178336,wanida.phanpong@lotuss.com
66655760280,137178485,suphanan.sukjamroen@lotuss.com
66656033645,137176848,naritsara.srikhongthon@lotuss.com
66656138515,137176673,rachain.arsaisuk@lotuss.com
66656503566,137176663,hiran.romjaroen@lotuss.com
66656598828,137176916,ariya.yenchai@lotuss.com
66657702994,137177743,ratchadaporn.klinkajorn@lotuss.com
66658182687,137178366,kunchira.khiaothaisong@lotuss.com
66658184032,137178393,arunya.panyoi@lotuss.com
66658213563,137177261,chantha.ouamsuk@lotuss.com
66658308534,137176974,pramook.yanyajan@lotuss.com
66658834469,137177916,ritthiporn.onsee@lotuss.com
66658867405,137177750,acharin.yimyam@lotuss.com
66658921586,137176803,prommin.khomkronglex@lotuss.com
66800140854,137176540,oravon.neamtong@lotuss.com
66800510340,137176589,phakpum.asingkhon@lotuss.com
66800599136,137176933,oorani.wongyai@lotuss.com
66801057410,137178487,hamdan.tohyu@lotuss.com
66802246506,137176693,kwanrnedee.chanmo@lotuss.com
66802507807,137177820,worawan.saetang@lotuss.com
66803319469,137176502,aminta.yodkhammee@lotuss.com
66803320216,137176984,wannaporn.wisutcharoeyphon@lotuss.com
66803637701,137177051,sornsawan.toemsak@lotuss.com
66804080056,137178108,sirilak.khamsommai@lotuss.com
66804286944,137176796,pawinee.lekthavorn@lotuss.com
66805649815,137176931,netipong.jeroenyat@lotuss.com
66806349013,137178325,pramoet.ketkaew@lotuss.com
66806358939,137178174,manatsanan.rattanasopha@lotuss.com
66806479870,137177226,sangjun.yodkam@lotuss.com
66807240403,137178246,suphim.pubo@lotuss.com
66807714057,137177780,thanawat.saenburan@lotuss.com
66807928706,137178063,chitchanok.takabkho@lotuss.com
66808083215,137177342,jeeracha.sappaso@lotuss.com
66808189801,137178220,suwanna.sawaimaew@lotuss.com
66808290812,137178291,siriporn.nuekwen@lotuss.com
66808438344,137177102,nattapol.paenchaiwong@lotuss.com
66808651124,137178478,musmeena.hayiheng@lotuss.com
66808885659,137176847,thikumporn.tothes@lotuss.com
66809095918,137176801,sirirat.phunhom@lotuss.com
66809297831,137176786,chadchai.lekklin@lotuss.com
66809303426,137177314,suwijak.kawinfueangfullkun@lotuss.com
66809426077,137176513,pipat.meesuk@lotuss.com
66809529569,137177844,surat.plaengsri@lotuss.com
66809958109,137176664,ammarin.thuma@lotuss.com
66812464185,137176795,khomkrit.chiphetngam@lotuss.com
66813492965,137176703,rapeephat.manakit@lotuss.com
66813925870,137176993,nattakan.krasasom@lotuss.com
66816068974,137177845,sittichai.chuesawat@lotuss.com
66820855086,137177291,sutasinee.chaisuntorn@lotuss.com
66820979913,137176958,patcharapa.tuntakij@lotuss.com
66821050074,137177749,sathit.suriyawong@lotuss.com
66822045694,137176694,pit.termsuk@lotuss.com
66822370642,137176868,prapada.dejnimitchai@lotuss.com
66824456480,137177940,sunitra.muangma@lotuss.com
66825089800,137176773,namthip.somnam@lotuss.com
66827392419,137176600,nattawan.changkeng@lotuss.com
66829436811,137176877,thitiwan.jaiwut@lotuss.com
66829544320,137176686,rungthiwa.saenchaiwong@lotuss.com
66830429776,137176586,puntira.kaeoson@lotuss.com
66830556986,137176571,kanjana.munrayaton@lotuss.com
66830696995,137176983,pattiya.koedsawat@lotuss.com
66834288370,137178284,kamonchanok.saipim@lotuss.com
66834756037,137178247,parakron.janthong@lotuss.com
66835057521,137178031,phoowanat.seechantong@lotuss.com
66835083454,137178172,jirawarn.phuangchan@lotuss.com
66835457871,137176741,wanwisa.phitakphinichnan@lotuss.com
66837062354,137177252,oorawan.phoyiam@lotuss.com
66838836042,137177934,chutima.tamton@lotuss.com
66838973319,137177332,panupong.boonchit@lotuss.com
66839130867,137176809,nattapong.putadngam@lotuss.com
66839851338,137177246,thiranan.phuripricha@lotuss.com
66842054091,137177956,kamonchanok.artkhan@lotuss.com
66842186204,137176955,tueanjai.mingkwun@lotuss.com
66842422528,137176523,thanaporn.saengpanya@lotuss.com
66849166334,137178494,noppaklow.tachabunya@lotuss.com
66849869577,137177869,atthapon.yoriya@lotuss.com
66849927351,137177071,kittiphong.tisong@lotuss.com
66855807262,137176872,rodsarin.thiya@lotuss.com
66857571077,137177815,supajate.sriphachai@lotuss.com
66858147082,137178107,komsan.kadassa@lotuss.com
66858655040,137178398,patipon.takam@lotuss.com
66858710532,137176524,wanchat.somanas@lotuss.com
66861238647,137178461,pawrisa.mamak@lotuss.com
66863028354,137177333,nattida.rachadadal@lotuss.com
66864447511,137177781,kanlayakorn.klampol@lotuss.com
66865433047,137177265,chalanda.sukkasem@lotuss.com
66865492238,137177126,supavadee.hongthong@lotuss.com
66871307847,137176782,jintana.padkratok@lotuss.com
66876382496,137176846,piyaporn.yangsee@lotuss.com
66876856723,137176886,atjima.thongpa@lotuss.com
66882302722,137178382,kanjana.promkaew@lotuss.com
66884118782,137177954,wiroj.sanyod@lotuss.com
66884943591,137178204,chandee.pinkaew@lotuss.com
66885870708,137176626,chawalrut.nakklong@lotuss.com
66886209639,137178211,nipaporn.noylerd@lotuss.com
66886365278,137176866,thippawan.klingnonsoong@lotuss.com
66887499398,137176981,chakriya.srimuang@lotuss.com
66888948727,137177054,chanisra.somboonsin@lotuss.com
66889202783,137177087,suthat.komahi@lotuss.com
66889421198,137178245,kanokwan.muernmnee@lotuss.com
66889439640,137177053,surasak.petbangkoet@lotuss.com
66892560055,137177349,suriyo.sangpoem@lotuss.com
66892920490,137177305,nutcha.sukkonkham@lotuss.com
66896400817,137176696,teerawat.chusaengjan@lotuss.com
66902208919,137177790,khachen.khaibut@lotuss.com
66902291159,137177272,thawaree.phramtong@lotuss.com
66902562119,137177194,jarearnkit.wannakeeree@lotuss.com
66903261775,137176751,jakkarin.korntum@lotuss.com
66903270691,137178024,niphaporn.wongsadee@lotuss.com
66904345523,137177235,pimpa.thongtang@lotuss.com
66909901402,137176865,adisorn.laokaewnoo@lotuss.com
66910299254,137176753,ratha.thitidechkulthorn@lotuss.com
66910328409,137177924,tanapot.katueangngan@lotuss.com
66917585782,137177340,tanonchai.panit@lotuss.com
66917707198,137178216,phornnapat.wanchai@lotuss.com
66918681066,137176613,pattarakan.artyaem@lotuss.com
66921470904,137176740,ruenruedi.saenprom@lotuss.com
66922527432,137177019,autthasit.yahom@lotuss.com
66922722880,137178008,worada.jaemsri@lotuss.com
66922789560,137178300,supagid.kunkuntod@lotuss.com
66922985167,137176596,thanasin.srikimkaew@lotuss.com
66923419384,137176717,asama.rusamena@lotuss.com
66923625050,137178029,chayada.prachammueang@lotuss.com
66924083561,137178380,sunisa.chotprasroet@lotuss.com
66925254321,137177783,chitrarat.chaiarwut@lotuss.com
66925629949,137176995,phichit.janjaroon@lotuss.com
66925796995,137178171,anuphong.suksanong@lotuss.com
66927384344,137178292,prani.ritsut@lotuss.com
66927450383,137178301,naruemon.kornkasem@lotuss.com
66927563688,137177955,phattharawadee.chaosuai@lotuss.com
66927787471,137176621,jeeranan.kheereesri@lotuss.com
66927958181,137177069,oonanong.arongdet@lotuss.com
66928244843,137177871,jiraporn.pormwong@lotuss.com
66929087660,137178469,phonthip.suriyanakat@lotuss.com
66929174065,137178210,waraphon.nuprachum@lotuss.com
66929494186,137178137,wissuwas.talalak@lotuss.com
66929502428,137176634,nutjaree.poyprakhon@lotuss.com
66929550589,137176932,kittipong.sukthai@lotuss.com
66929916494,137178037,wijittra.chamlongphleng@lotuss.com
66929919610,137178064,anongnat.chombunin@lotuss.com
66929962677,137176915,natthida.thosing@lotuss.com
66930211417,137177331,kannika.matwiset@lotuss.com
66930243514,137177855,nattariga.puaktong@lotuss.com
66930271294,137178324,sirinya.kaewmool@lotuss.com
66930425031,137178339,angelina.awechingto@lotuss.com
66930636577,137177166,seksan.tongthi@lotuss.com
66931543215,137177923,proramet.summaat@lotuss.com
66931700569,137176568,paphawarin.ritchotikul@lotuss.com
66932121531,137177253,nattawut.hnohom@lotuss.com
66932207327,137176869,naruemon.klueanket@lotuss.com
66932988387,137176584,yatawee.sombat@lotuss.com
66933031332,137176500,kewalin.suksakhon@lotuss.com
66933059645,137177131,supanida.intha@lotuss.com
66933494195,137177768,malinee.srisawat@lotuss.com
66933643007,137176498,nitada.montree@lotuss.com
66934199940,137176889,suphaphon.phengrat@lotuss.com
66934547326,137176705,chanchira.panamnuaisap@lotuss.com
66934609903,137178375,phongsakon.kutrasi@lotuss.com
66934717557,137178222,niramai.kinboon@lotuss.com
66934910151,137176575,arisa.wongsaphin@lotuss.com
66935057164,137177360,minthada.yunchai@lotuss.com
66935255106,137176681,naramon.saengthep@lotuss.com
66935461168,137177245,suleeporn.khothueklang@lotuss.com
66936096708,137177362,thamonwan.sarasaen@lotuss.com
66936202421,137176594,phimphisa.charoen@lotuss.com
66937457422,137177034,anuchsara.choothong@lotuss.com
66938400779,137178197,mathinee.kamnan@lotuss.com
66940515301,137178468,sununtha.premjaroen@lotuss.com
66942582747,137177816,natchamai.srisuwan@lotuss.com
66942681247,137178399,chuanpis.chaosuan@lotuss.com
66943282098,137178374,doungkamon.norrakong@lotuss.com
66943366877,137178442,suphidcha.thongmak@lotuss.com
66944616455,137178299,supalak.pasane@lotuss.com
66944975323,137176569,surartin.hommee@lotuss.com
66945431985,137178212,nuchaba.wintachai@lotuss.com
66946811493,137177917,sakkarin.phuripatranon@lotuss.com
66947074743,137177224,siriwan.deeratwiset@lotuss.com
66948196559,137177922,chatee.youdee@lotuss.com
66948696533,137177132,sathit.saejong@lotuss.com
66949684014,137178046,padej.saensamak@lotuss.com
66951614563,137176624,chinnapat.phoosa@lotuss.com
66951766006,137178271,natthawat.dasomkun@lotuss.com
66951900595,137178306,wanphon.thimchantuek@lotuss.com
66952212417,137177341,janjira.kamyom@lotuss.com
66952499860,137177295,kanokwan.kangketkorn@lotuss.com
66952874882,137178305,tanyaporn.wilaisit@lotuss.com
66953494457,137177854,nattacha.hwansanit@lotuss.com
66953823096,137178364,thidarat.sriloha@lotuss.com
66953949904,137176532,wanlop.lappata@lotuss.com
66954780608,137178118,aphiwat.chantasi@lotuss.com
66954956026,137178202,thanawat.srisat@lotuss.com
66955328131,137176840,partchya.thepphankulngam@lotuss.com
66955573898,137177070,sumonta.phookosth@lotuss.com
66955642756,137176965,atchara.chaiyasit@lotuss.com
66955751208,137178109,pornpimol.boonyuem@lotuss.com
66956380094,137178414,nantana.kontrong@lotuss.com
66956846753,137178025,benjawan.boonchau@lotuss.com
66956973851,137178123,jutamas.phatniboon@lotuss.com
66957085731,137176772,thunwa.chucheud@lotuss.com
66957298156,137178096,sawit.raksasri@lotuss.com
66957353295,137177100,phakathip.tophan@lotuss.com
66957495208,137177031,woraphol.mueangrach@lotuss.com
66957549671,137178495,nunthapon.viboonpanich@lotuss.com
66957693209,137178270,apiwit.sudsin@lotuss.com
66959086099,137176543,nirun.siphai@lotuss.com
66959094482,137178006,harusthai.wongsatain@lotuss.com
66959183105,137176585,kanlaya.chatamma@lotuss.com
66959236247,137177343,sasikan.pariniput@lotuss.com
66959265152,137176784,pitchapon.noipa@lotuss.com
66959306693,137177863,jarunee.deenan@lotuss.com
66959570203,137176914,mayuree.artkham@lotuss.com
66961048246,137178470,kanokporn.jansri@lotuss.com
66961310092,137176597,montree.phothisat@lotuss.com
66961398706,137177910,wanatsanan.tangprom@lotuss.com
66962061838,137177181,chonnanee.kalamang@lotuss.com
66962133531,137178272,janjira.wanya@lotuss.com
66962751623,137177030,lisa.aiemplubyai@lotuss.com
66963072476,137178218,sarawut.sinthukoot@lotuss.com
66963593260,137177883,sunisa.ratchathun@lotuss.com
66963597462,137178367,tipsuda.tungchanchot@lotuss.com
66964084235,137177304,preecha.sripha@lotuss.com
66964218710,137177078,jeerayuth.panyu@lotuss.com
66964240469,137177312,kittichai.sueasanga@lotuss.com
66966564561,137177018,thipwanee.chanthanan@lotuss.com
66966835484,137178338,khanun.sangda@lotuss.com
66966848461,137176956,pameka.yingram@lotuss.com
66966944490,137176682,junradid.noideang@lotuss.com
66967271181,137178401,voolraman.burdaudom@lotuss.com
66967281138,137177251,supasuta.boonrueng@lotuss.com
66967412420,137177361,chutetap.emmano@lotuss.com
66967515714,137178136,pornvipa.malahom@lotuss.com
66968064309,137176518,somkiert.parachat@lotuss.com
66968214429,137178415,aphiwat.chaiuaong@lotuss.com
66968266322,137176887,aphachinee.jaturaphat@lotuss.com
66968267752,137176802,nopporn.nanok@lotuss.com
66968944008,137177167,kachamas.sonthonnon@lotuss.com
66969702713,137176660,saowaluk.bangmat@lotuss.com
66970241102,137177315,achiraya.kuntamongkol@lotuss.com
66970357534,137178039,siriporn.limjaroen@lotuss.com
66970370419,137176625,orawee.bunson@lotuss.com
66970408175,137177933,warisara.watsroi@lotuss.com
66970424295,137178424,phonlaphum.panchuiphanaow1@lotuss.com
66970463565,137177155,atitaya.maneewong@lotuss.com
66970466984,137176506,jeerapa.raicharoen@lotuss.com
66971071757,137177133,rattanaporn.somboonnak@lotuss.com
66971161617,137176719,siriluk.sonmon@lotuss.com
66972245190,137177853,doungkamol.srinam@lotuss.com
66972366205,137177859,kanokporn.phakmai@lotuss.com
66973031561,137176964,panpitchaya.areesanan@lotuss.com
66973040909,137176899,thapopnaporn.longphunga@lotuss.com
66973141428,137178022,chanat.chantae@lotuss.com
66973380094,137176599,panida.wongnamjo@lotuss.com
66979959230,137176527,sakuna.samordee@lotuss.com
66980324037,137176710,thitime.janloon@lotuss.com
66980325718,137177882,naphatsawan.semsa@lotuss.com
66980655323,137178462,pasilah.cakgoh@lotuss.com
66981058355,137176982,nichakan.sabangban@lotuss.com
66981095582,137178030,wisuda.khunsuwong@lotuss.com
66981873806,137176695,onuma.kononghai@lotuss.com
66981873806,137178371,patiphan.prompaison@lotuss.com
66982565683,137177833,chatchai.jumrun@lotuss.com
66982606003,137176577,kittisak.thongdee@lotuss.com
66982613905,137177907,tammanit.martvangsang@lotuss.com
66982656328,137177860,kunjira.suksrithong@lotuss.com
66983280362,137178009,supattra.jiraon@lotuss.com
66983743637,137177153,wathanya.samipak@lotuss.com
66983900736,137177870,sansanee.rattanaditt@lotuss.com
66984475812,137177348,supranee.homyen@lotuss.com
66985180378,137177918,nakarin.nimpaya@lotuss.com
66985384163,137178307,namfah.wongsa@lotuss.com
66985988940,137177196,chenchira.lilawong@lotuss.com
66986201095,137178459,bangon.chairod@lotuss.com
66986303924,137177297,phuchit.kaeophai@lotuss.com
66986328021,137176839,anucha.kanyaboon@lotuss.com
66986328340,137178213,nattapat.puanghimmawan@lotuss.com
66986563243,137176593,jirayut.duangpim@lotuss.com
66986650789,137176611,panuwat.daengbunrueang@lotuss.com
66986867418,137177128,wipawadee.euwangso@lotuss.com
66987025434,137177939,suraida.samaae@lotuss.com
66987568603,137176533,sayun.damrongchuea@lotuss.com
66988075944,137176509,jenjira.toboonma@lotuss.com
66988178542,137178383,sudarat.somluesan@lotuss.com
66988259723,137177909,insee.yovaros@lotuss.com
66988347898,137176963,nathida.phaekul@lotuss.com
66988407307,137176512,natnapa.thawornsup@lotuss.com
66988906841,137176771,komin.pramong@lotuss.com
66989017299,137177274,burasakorn.wongarmart@lotuss.com
66989243091,137176610,pacharaon.paungsup@lotuss.com
66989466522,137176810,rattanan.pusaoad@lotuss.com
66989466647,137178038,preshed.wissamol@lotuss.com
66989702077,137176542,wimolrat.prajan@lotuss.com
66989705675,137177191,sompornphet.hommaihai@lotuss.com
66989929259,137176658,bhumipat.seangphuek@lotuss.com
66990299099,137177884,kanyarat.singsiri@lotuss.com
66990396254,137177180,kriangsak.aphonram@lotuss.com
66990564674,137178381,pornpituk.tangthong@lotuss.com
66990599780,137178479,kridsana.namchan@lotuss.com
66990698611,137177173,monthira.maiariyayok@lotuss.com
66990938317,137177134,nichakarn.khamphan@lotuss.com
66991074430,137177244,kantana.teja@lotuss.com
66991404789,137176674,sudarat.kaeophomta@lotuss.com
66991491493,137176898,witchakorn.bunchoo@lotuss.com
66991692171,137177247,sirigunya.chotinet@lotuss.com
66992063254,137178482,sukrit.worabut@lotuss.com
66992261160,137178417,peerawat.eiamsaard@lotuss.com
66992342889,137177125,siriluk.sinpoon@lotuss.com
66992518049,137176684,supawadee.jangsawang@lotuss.com
66992842246,137178065,tassawan.supason@lotuss.com
66992987812,137176497,alan.ieni@lotuss.com
66993959225,137177835,piyanun.areerat@lotuss.com
66994484271,137176876,souwaros.imsawat@lotuss.com
66994615401,137176957,areewan.aekpatcha@lotuss.com
66994890167,137176528,yuparut.yotapakhon@lotuss.com
66995323491,137177154,chonticha.paolue@lotuss.com
66996142421,137176917,kanid.pimpak@lotuss.com
66996279182,137178023,thanita.phetdam@lotuss.com
66997013228,137177103,suwannee.sripen@lotuss.com
66997019297,137178460,sirikanya.sukkwan@lotuss.com
66997129946,137177089,arisa.hanvach@lotuss.com
66997359352,137177748,saharat.chamnanya@lotuss.com
66997821152,137177195,pornsuda.jankomon@lotuss.com
9.1897E+11,137176754,sachin.vnagmoti@lotuss.com
9.196E+11,137176755,sankar.sa@lotuss.com
9.19654E+11,137177771,sumit.singhal@lotuss.com
