mobile,userid,Username
66993526228,134851442,paphawee.lumlert@lotuss.com
66896993310,134927747,apisitt.rattana@lotuss.com
1,134948922,myozaw.htwe@lotuss.com
1,134948935,zayyar.aung@lotuss.com
1,134948940,tintin.hla@lotuss.com
1,134948966,zewko.lwin@lotuss.com
1,134948983,ye.lwin@lotuss.com
1,134949012,myo.thu@lotuss.com
1,134949027,myozaw.tun@lotuss.com
1,134949039,sallnehtinaung.kyaw@lotuss.com
1,134949074,hlasan.myint@lotuss.com
1,134949082,ye.myint@lotuss.com
1,134949083,yannaing.aung@lotuss.com
1,134949136,kyawmin.naing@lotuss.com
1,134949174,zawmin.naing@lotuss.com
1,134949180,chocho.myint@lotuss.com
1,134949193,san.thoe@lotuss.com
1,134949199,sannyein.oo@lotuss.com
1,134949208,zinkoko.myint@lotuss.com
1,134949211,myohtet.aung@lotuss.com
1,134949217,ayechan.aung@lotuss.com
1,134949221,hla.htwe@lotuss.com
1,134949233,kyawkhaing.oo@lotuss.com
1,134949242,nyeinchan.maung@lotuss.com
1,134949256,peou.put@lotuss.com
1,134949258,aungzaw.win@lotuss.com
1,134949264,tunthet.khaing@lotuss.com
1,134949266,kyawswar.lin@lotuss.com
1,134949267,aungzin.wai@lotuss.com
1,134949268,minye.thu@lotuss.com
1,134949274,dam.yang@lotuss.com
1,134949278,kheam.suk@lotuss.com
1,134949279,sreymom.kroeun@lotuss.com
1,134949280,srors.soeng@lotuss.com
1,134949283,yeeyee.than@lotuss.com
1,134949291,kyawswar.win@lotuss.com
1,134949294,kea.sen@lotuss.com
1,134949297,khinmaung.oo@lotuss.com
1,134949301,phean.teng@lotuss.com
1,134949303,bunthoeun.seng@lotuss.com
1,134949305,khinhlapyae.win@lotuss.com
1,134949311,sawehblue.htoo@lotuss.com
1,134949312,kyawsoe.lin@lotuss.com
1,134949314,chan.tai@lotuss.com
1,134949315,sanlin.naing@lotuss.com
1,134949316,bol.ngan@lotuss.com
1,134949325,nayaung.moe@lotuss.com
1,134949329,myo.win@lotuss.com
1,134949338,lon.sann@lotuss.com
1,134949340,saviet.yorn@lotuss.com
1,134949342,zawmin.oo@lotuss.com
1,134949343,chawthu.zar@lotuss.com
1,134949344,kaythi.win@lotuss.com
1,134949345,pov.chin@lotuss.com
1,134949346,khinthidar.soe@lotuss.com
1,134949347,chhi.soeung@lotuss.com
1,134949348,san.htwe@lotuss.com
1,134949351,proem.chheng@lotuss.com
1,134949353,saren.miech@lotuss.com
1,134949354,kyaw.san@lotuss.com
1,134949355,wanahtet.paing@lotuss.com
1,134949356,tuntun.win@lotuss.com
1,134949358,tinnaing.win@lotuss.com
1,134949359,sinat.phal@lotuss.com
1,134949362,yong.yi@lotuss.com
1,134949365,thyra.soy@lotuss.com
1,134949366,sopheak.chhorm@lotuss.com
1,134949367,paly.loem@lotuss.com
1,134949368,shweshwe.oo@lotuss.com
1,134949373,chek.meang@lotuss.com
1,134949374,hlahnin.phyu@lotuss.com
1,134949375,zawmyint.tun@lotuss.com
1,134949377,sat.yang@lotuss.com
1,134949378,dara.hean@lotuss.com
1,134949381,heat.thol@lotuss.com
1,134949382,lin.horn@lotuss.com
1,134949385,paingzin.phyo@lotuss.com
1,134949394,ry.san@lotuss.com
1,134949399,mouv.ouk@lotuss.com
1,134949400,phann.phat@lotuss.com
1,134949401,shinthant.maung@lotuss.com
1,134949406,vin.nhorn@lotuss.com
1,134949408,da.kea@lotuss.com
1,134949414,ly.chhun@lotuss.com
1,134949419,dara.doeurn@lotuss.com
1,134949421,tiem.kann@lotuss.com
1,134949427,laeyin.aye@lotuss.com
1,134949429,dany.chhuon@lotuss.com
1,134949435,sophea.sat@lotuss.com
1,134949436,siem.pheap@lotuss.com
1,134949439,lida.khan@lotuss.com
1,134949441,chhay.heng@lotuss.com
1,134949442,htay.aung@lotuss.com
1,134949443,kimleng.san@lotuss.com
1,134949445,sophorn.keo@lotuss.com
1,134949446,ayethet.mon@lotuss.com
1,134949447,sobin.net@lotuss.com
1,134949448,sambath.thor@lotuss.com
1,134949449,dyna.pach@lotuss.com
1,134949452,chhailoeurn.ly@lotuss.com
1,134949454,sopeap.nong@lotuss.com
1,134949455,vanda.han@lotuss.com
1,134949456,nawlaylay.mon@lotuss.com
1,134949458,phanny.eng@lotuss.com
1,134949460,theng.thoun@lotuss.com
1,134949461,rom.kim@lotuss.com
1,134949462,doeurn.nget@lotuss.com
1,134949463,rithy.bros@lotuss.com
1,134949468,sievmeng.tha@lotuss.com
1,134949469,sreymom.so@lotuss.com
1,134949474,kimsan.tom@lotuss.com
1,134949479,sopheak.chin@lotuss.com
1,134949481,koemchheang.roeurng@lotuss.com
1,134949482,hieng.huor@lotuss.com
1,134949483,phearin.soun@lotuss.com
1,134949484,rathanakk.sorn@lotuss.com
1,134949486,sarong.pen@lotuss.com
1,134949488,saing.ream@lotuss.com
1,134949491,karona.ruos@lotuss.com
1,134949492,phlork.yan@lotuss.com
1,134949497,sothea.chhav@lotuss.com
1,134949499,sorphorn.sang@lotuss.com
1,134949501,sreyleak.sovann@lotuss.com
1,134949503,mab.phea@lotuss.com
1,134949504,sreyoun.kem@lotuss.com
1,134949506,darin.doeurn@lotuss.com
1,134949507,seath.ye@lotuss.com
1,134949508,mao.den@lotuss.com
1,134949510,vichra.morn@lotuss.com
1,134949511,myintmyint.thu@lotuss.com
1,134949516,pisy.pik@lotuss.com
1,134949519,kauy.on@lotuss.com
1,134949521,zawmyo.aung@lotuss.com
1,134949522,loeun.khan@lotuss.com
1,134949527,theavy.yoem@lotuss.com
1,134949529,rith.vann@lotuss.com
1,134949534,chithtwe.aung@lotuss.com
1,134949536,nil.my@lotuss.com
1,134949538,sal.sim@lotuss.com
1,134949539,nyanlin.aung@lotuss.com
1,134949545,sophoin.sien@lotuss.com
1,134949550,rorn.sot@lotuss.com
1,134949552,chen.prorm@lotuss.com
1,134949553,ya.chin@lotuss.com
1,134949554,choeurn.phll@lotuss.com
1,134949560,chinda.eng@lotuss.com
1,134949561,syich.phly@lotuss.com
1,134949562,sithoeurn.man@lotuss.com
1,134949564,thai.chheav@lotuss.com
1,134949568,tith.ran@lotuss.com
1,134949569,sarom.keo@lotuss.com
1,134949584,mom.phol@lotuss.com
1,134949585,then.riel@lotuss.com
1,134949586,thida.lwin@lotuss.com
1,134949587,phap.liem@lotuss.com
1,134949589,soknai.tin@lotuss.com
1,134949590,chem.choeun@lotuss.com
1,134949591,huyleng.khheang@lotuss.com
1,134949592,sengthay.than@lotuss.com
1,134949593,sieth.ngourn@lotuss.com
1,134949594,sok.horm@lotuss.com
1,134949595,kuynang.sat@lotuss.com
1,134949596,ratanak.my@lotuss.com
1,134949599,savy.sorn@lotuss.com
1,134949602,nan.nuon@lotuss.com
1,134949603,sambat.sokh@lotuss.com
1,134949607,chantra.la@lotuss.com
1,134949608,bunyou.put@lotuss.com
1,134949615,sat.yean@lotuss.com
1,134949616,leakena.lim@lotuss.com
1,134949619,baly.hun@lotuss.com
1,134949620,zarchi.lin@lotuss.com
1,134949622,phirom.pen@lotuss.com
1,134949626,lak.nov@lotuss.com
1,134949631,koemyean.phann@lotuss.com
1,134949633,hninhnin.khaing@lotuss.com
1,134949634,sophealin.chun@lotuss.com
1,134949636,tha.nao@lotuss.com
1,134949639,sonoeurn.buok@lotuss.com
1,134949640,aung.myo@lotuss.com
1,134949641,linlin.htay@lotuss.com
1,134949642,savy.ou@lotuss.com
1,134949643,horth.ron@lotuss.com
1,134949644,satt.hul@lotuss.com
1,134949647,khna.yoet@lotuss.com
1,134949648,pharen.roeun@lotuss.com
1,134949650,huot.chim@lotuss.com
1,134949651,chandoeun.sok@lotuss.com
1,134949652,savy.heang@lotuss.com
1,134949653,vanny.khan@lotuss.com
1,134949655,khinsan.hlaing@lotuss.com
1,134949657,sreyleak.yak@lotuss.com
1,134949660,vannak.nai@lotuss.com
1,134949663,nai.uoch@lotuss.com
1,134949664,sinuon.net@lotuss.com
1,134949665,savet.ou@lotuss.com
1,134949666,sochea.meng@lotuss.com
1,134949668,heut.prien@lotuss.com
1,134949673,sophy.chhory@lotuss.com
1,134949679,sou.sam@lotuss.com
1,134949680,rin.oun@lotuss.com
1,134949681,sophak.uon@lotuss.com
1,134949683,sreyneang.phea@lotuss.com
1,134949687,penh.phan@lotuss.com
1,134949693,sor.nan@lotuss.com
1,134949695,broek.nap@lotuss.com
1,134949696,ynou.doeun@lotuss.com
1,134949697,lidaya.hear@lotuss.com
1,134949701,khinma.lay@lotuss.com
1,134949702,sabol.kun@lotuss.com
1,134949704,srieng.pros@lotuss.com
1,134949705,vin.hea@lotuss.com
1,134949707,leanghun.hai@lotuss.com
1,134949710,eak.duon@lotuss.com
1,134949712,sovan.morn@lotuss.com
1,134949713,men.thou@lotuss.com
1,134949715,chanthoeurn.kom@lotuss.com
1,134949721,nea.phea@lotuss.com
1,134949723,yannaing.lin@lotuss.com
1,134949724,ban.nob@lotuss.com
1,134949726,ngeouk.chen@lotuss.com
1,134949727,thetnaung.htwe@lotuss.com
1,134949728,yan.yong@lotuss.com
1,134949730,sarom.yos@lotuss.com
1,134949732,khen.dong@lotuss.com
1,134949737,phea.yean@lotuss.com
1,134949740,chin.ea@lotuss.com
1,134949742,myomyint.aung@lotuss.com
1,134949743,sokea.pun@lotuss.com
1,134949744,ley.noun@lotuss.com
1,134949750,phoeurn.chhorn@lotuss.com
1,134949751,sovanny.doeurn@lotuss.com
1,134949753,huon.pol@lotuss.com
1,134949754,leap.lan@lotuss.com
1,134949755,pritah.math@lotuss.com
1,134949759,channat.hok@lotuss.com
1,134949760,somoeun.poeun@lotuss.com
1,134949761,sinat.va@lotuss.com
1,134949763,ren.run@lotuss.com
1,134949764,aungnaing.lin@lotuss.com
1,134949766,him.phann@lotuss.com
1,134949769,kosol.chrun@lotuss.com
1,134949770,sophas.meas@lotuss.com
1,134949771,naylin.naing@lotuss.com
1,134949772,sokha.yim@lotuss.com
1,134949776,dara.yen@lotuss.com
1,134949778,samnang.mey@lotuss.com
1,134949783,samun.kin@lotuss.com
1,134949786,mina.tib@lotuss.com
1,134949794,kunthea.tub@lotuss.com
1,134949800,mara.ork@lotuss.com
1,134949809,chhaom.chhayly@lotuss.com
1,134949810,chanthan.van@lotuss.com
1,134949818,theach.thun@lotuss.com
1,134949819,borey.nang@lotuss.com
1,134949822,pov.nop@lotuss.com
1,134949823,vong.ly@lotuss.com
1,134949825,kranh.sruy@lotuss.com
1,134949830,sokhoeurn.khiem@lotuss.com
1,134949832,nun.chhorn@lotuss.com
1,134949834,sokneang.ty@lotuss.com
1,134949835,hlaingmyint.thu@lotuss.com
1,134949837,soeung.mao@lotuss.com
1,134949839,ya.tom@lotuss.com
1,134949850,sophea.khat@lotuss.com
1,134949853,hoeng.keth@lotuss.com
1,134949858,phors.sok@lotuss.com
1,134949860,sary.men@lotuss.com
1,134949863,vanneth.ngin@lotuss.com
1,134949864,winzaw.oo@lotuss.com
1,134949870,sreyni.yak@lotuss.com
1,134949874,rotha.chhoem@lotuss.com
1,134949881,bunroth.eang@lotuss.com
1,134949890,vichet.khoeurt@lotuss.com
1,134949892,phalla.iv@lotuss.com
1,134949896,sreymom.neak@lotuss.com
1,134949909,sreyphin.touch@lotuss.com
1,134949910,chanthy.yin@lotuss.com
1,134949916,em.nann@lotuss.com
1,134949917,ben.buo@lotuss.com
1,134949924,thearey.tuot@lotuss.com
1,134949927,sarom.ceha@lotuss.com
1,134949934,sina.ros@lotuss.com
1,134949939,sokha.khun@lotuss.com
1,134949940,samrech.kong@lotuss.com
1,134949942,bona.sun@lotuss.com
1,134949945,theinnaing.oo@lotuss.com
1,134949951,chhea.chheang@lotuss.com
1,134949952,chhean.yin@lotuss.com
1,134949955,sreineou.chhuon@lotuss.com
1,134949956,sina.yan@lotuss.com
1,134949963,myintsan.aye@lotuss.com
1,134949977,heak.phy@lotuss.com
1,134949979,sreymao.heang@lotuss.com
1,134949987,sreypin.chon@lotuss.com
1,134949992,sokha.chhoam@lotuss.com
1,134949998,chheang.mut@lotuss.com
1,134950001,chantha.long@lotuss.com
1,134950004,khim.kim@lotuss.com
1,134950006,chhorven.touch@lotuss.com
1,134950007,kaon.meas@lotuss.com
1,134950021,vann.tork@lotuss.com
1,134950024,tinmar.khaing@lotuss.com
1,134950025,chith.chann@lotuss.com
1,134950027,ratha.khorn@lotuss.com
1,134950028,saly.ting@lotuss.com
1,134950033,thetphoo.wai@lotuss.com
1,134950041,channoeun.oem@lotuss.com
1,134950043,yary.mok@lotuss.com
1,134950044,teav.tom@lotuss.com
1,134950051,rin.saruon@lotuss.com
1,134950055,samnang.vy@lotuss.com
1,134950058,dina.em@lotuss.com
1,134950059,sao.sean@lotuss.com
1,134950062,kakda.sok@lotuss.com
1,134950066,keo.nhorn@lotuss.com
1,134950067,pheak.sou@lotuss.com
1,134950069,aye.kyaw@lotuss.com
1,134950081,srey.ngin@lotuss.com
1,134950087,chenda.yim@lotuss.com
1,134950091,aungmaw.aye@lotuss.com
1,134950092,searvbeav.phon@lotuss.com
1,134950097,kyaw.myo@lotuss.com
1,134950098,rith.hin@lotuss.com
1,134950115,jraw.lamo@lotuss.com
1,134950123,soth.nouv@lotuss.com
1,134950126,nayhtet.oo@lotuss.com
1,134950127,sokny.phat@lotuss.com
1,134950128,sokna.phat@lotuss.com
1,134950130,aungzaw.ko@lotuss.com
1,134950140,min.htut@lotuss.com
1,134950141,heng.mao@lotuss.com
1,134950146,thantzin.win@lotuss.com
1,134950148,chun.charn@lotuss.com
1,134950157,suon.sin@lotuss.com
1,134950162,pas.moeun@lotuss.com
1,134950175,zinmin.htet@lotuss.com
1,134950177,phyowai.soe@lotuss.com
1,134950183,zinthu.aung@lotuss.com
1,134950184,thura.lin@lotuss.com
1,134950186,naylin.oo@lotuss.com
1,134950191,chitko.naing@lotuss.com
1,134950193,lakhana.ouch@lotuss.com
1,134950196,sara.uon@lotuss.com
1,134950198,aungwai.phyo@lotuss.com
1,134950199,myint.naing@lotuss.com
1,134950201,khinzaw.hein@lotuss.com
1,134950203,te.him@lotuss.com
1,134950205,chomno.vy@lotuss.com
1,134950210,nay.lin@lotuss.com
1,134950225,masieng.or@lotuss.com
1,134950228,koko.zaw@lotuss.com
1,134950231,sokkheang.khon@lotuss.com
1,134950237,min.wai@lotuss.com
1,134950251,shine.aung@lotuss.com
1,134950252,waiyan.soe@lotuss.com
1,134950253,yanlinn.aung@lotuss.com
1,134950267,yemin.naing@lotuss.com
1,134950268,chuechue.moe@lotuss.com
1,134950271,swezin.ei@lotuss.com
1,134950282,zawwin.htet@lotuss.com
1,134950285,phyuzar.win@lotuss.com
1,134950288,thon.chhorn@lotuss.com
1,134950291,thiri.may@lotuss.com
1,134950295,chanthy.jonh@lotuss.com
1,134950308,winmar.tun@lotuss.com
1,134950313,haymar.oo@lotuss.com
1,134950315,sarath.phal@lotuss.com
1,134950320,aungthu.ya@lotuss.com
1,134950327,nyeinnyein.ei@lotuss.com
1,134950366,myowin.oo@lotuss.com
1,134950390,waiwai.hnin@lotuss.com
1,134950392,eipwint.phyu@lotuss.com
1,134950420,chilieng.vann@lotuss.com
1,134950432,panei.phyu@lotuss.com
1,134950438,phyo.paing@lotuss.com
1,134950451,thary.heng@lotuss.com
1,134950481,vanchhay.chhun@lotuss.com
1,134950491,pisith.sann@lotuss.com
1,134950504,vy.phuong@lotuss.com
1,134950518,sophy.chun@lotuss.com
1,134950541,aung.phyo@lotuss.com
1,134950715,tinko.latt@lotuss.com
1,134950750,thetoo.paing@lotuss.com
1,134950775,myomyint.maung@lotuss.com
1,134950797,soepyae.aung@lotuss.com
1,134950803,luy.vat@lotuss.com
1,134950814,aung.naing@lotuss.com
1,134950815,eiei.naing@lotuss.com
1,134950831,mon.lay@lotuss.com
1,134950834,maythu.tun@lotuss.com
1,134950880,nwenwe.win@lotuss.com
1,134950881,kyaw.htay@lotuss.com
1,134950893,tinmoe.win@lotuss.com
1,134950924,thai.hean@lotuss.com
1,134950947,nu.war@lotuss.com
1,134950950,myomyintsan.oo@lotuss.com
1,134950975,aungmin.tun@lotuss.com
1,134950981,moe.thidar@lotuss.com
1,134950984,yiyi.oo@lotuss.com
1,134950990,sandar.aung@lotuss.com
1,134951014,nawkanane.phaw@lotuss.com
1,134951016,nan.win@lotuss.com
1,134951021,aungko.zaw@lotuss.com
1,134951023,chor.chum@lotuss.com
1,134951032,sawkhaenay.htoo@lotuss.com
1,134951034,sawday.war@lotuss.com
1,134951036,pyae.sone@lotuss.com
1,134951039,sawelthagal.say@lotuss.com
1,134951047,aye.kyu@lotuss.com
1,134951057,myowin.than@lotuss.com
1,134951058,sawthawnay.say@lotuss.com
1,134951067,thetthet.win@lotuss.com
1,134951074,ye.lin@lotuss.com
1,134951077,khinmyo.kyi@lotuss.com
1,134951088,shanelin.han@lotuss.com
1,134951091,oakar.soe@lotuss.com
1,134951101,yan.naing@lotuss.com
1,134951108,kyawswar.oo@lotuss.com
1,134951111,nawpawde.cem@lotuss.com
1,134951115,thatkhaing.tun@lotuss.com
1,134951118,phoe.zaw@lotuss.com
1,134951122,minchit.po@lotuss.com
1,134951130,suhnin.hlaing@lotuss.com
1,134951138,zwehtet.aung@lotuss.com
1,134951142,kyawzin.tun@lotuss.com
1,134951148,yanmyo.aung@lotuss.com
1,134951171,phoeut.uy@lotuss.com
1,134951173,htetarkar.kyaw@lotuss.com
1,134951179,ayenu.san@lotuss.com
1,134951187,phyuzin.htwe@lotuss.com
1,134951188,saithet.moe@lotuss.com
1,134951191,phyowai.aung@lotuss.com
1,134951196,moe.kyaw@lotuss.com
1,134951202,zinko.htet@lotuss.com
1,134951209,win.hlaing@lotuss.com
1,134951210,shine.ko@lotuss.com
1,134951211,winzaw.myint@lotuss.com
1,134951218,toetoe.kyaw@lotuss.com
1,134951221,shwezin.oo@lotuss.com
1,134951226,zawlwin.oo@lotuss.com
1,134951228,thaethae.mar@lotuss.com
1,134951230,kyawlin.khaing@lotuss.com
1,134951231,ngu.war@lotuss.com
1,134951251,thiha.soe@lotuss.com
1,134951252,zawhtet.aung@lotuss.com
1,134951256,nhwenhwe.win@lotuss.com
1,134951263,aungphyo.khaing@lotuss.com
1,134951273,yehtet.aung@lotuss.com
1,134951275,then.kean@lotuss.com
1,134951285,zawye.naing@lotuss.com
1,134951286,kyawye.naing@lotuss.com
1,134951305,nakhim.ham@lotuss.com
1,134951306,sai.bo@lotuss.com
1,134951307,khainghtoo.aung@lotuss.com
1,134951310,ookyi.htay@lotuss.com
1,134951312,thein.than@lotuss.com
1,134951313,noeurn.lorn@lotuss.com
1,134951321,ngwenaing.soe@lotuss.com
1,134951322,piake.piake@lotuss.com
1,134951326,zinmar.aye@lotuss.com
1,134951327,vuthy.hor@lotuss.com
1,134951335,sisi.myo@lotuss.com
1,134951349,maung.thant@lotuss.com
1,134951353,savin.so@lotuss.com
1,134951354,soethi.ha@lotuss.com
1,134951362,eithandar.hlaing@lotuss.com
1,134951367,sawbathet.oo@lotuss.com
1,134951391,sawthawklo.say@lotuss.com
1,134951392,sanmyint.aye@lotuss.com
1,134951395,champa.roeurn@lotuss.com
1,134951396,sen.el@lotuss.com
1,134951397,ly.sao@lotuss.com
1,134951405,zinko.hein@lotuss.com
1,134951411,moemoe.san@lotuss.com
1,134951418,vutha.suon@lotuss.com
1,134951421,waizin.lin@lotuss.com
1,134951424,zawmin.htwe@lotuss.com
1,134951427,lwin.moe@lotuss.com
1,134951438,channa.srim@lotuss.com
1,134951450,thantzin.oo@lotuss.com
1,134951453,soeun.som@lotuss.com
1,134951476,phyohtetarkar.aung@lotuss.com
1,134951482,touch.sreang@lotuss.com
1,134951491,phalla.bes@lotuss.com
1,134951495,maung.maung@lotuss.com
1,134951496,kyaw.aung@lotuss.com
1,134951506,thuzar.win@lotuss.com
1,134951510,hanswe.aung@lotuss.com
1,134951512,pyaesone.aung@lotuss.com
1,134951518,sotha.thea@lotuss.com
1,134951527,vichith.phal@lotuss.com
1,134951553,soehtet.aung@lotuss.com
1,134951558,zayar.kyaw@lotuss.com
1,134951561,sreang.srin@lotuss.com
1,134951580,shineko.latt@lotuss.com
1,134951582,nawjoe.lay@lotuss.com
1,134951585,synoun.rann@lotuss.com
1,134951602,vanndy.ly@lotuss.com
1,134951613,khaymar.tun@lotuss.com
1,134951625,pov.ouk@lotuss.com
1,134951626,tunlin.zaw@lotuss.com
1,134951628,mya.san@lotuss.com
1,134951635,thet.tun@lotuss.com
1,134951636,moezaw.tun@lotuss.com
1,134951641,winmar.oo@lotuss.com
1,134951664,wailin.tun@lotuss.com
1,134951689,pha.proem@lotuss.com
1,134951701,senghong.hei@lotuss.com
1,134951708,hninwai.thin@lotuss.com
1,134951719,phoe.chan@lotuss.com
1,134951734,vanzairem.thang@lotuss.com
1,134951748,yeyint.aung@lotuss.com
1,134951938,ratana.noem@lotuss.com
1,134951957,zawphyo.naing@lotuss.com
1,134951965,minea.chea@lotuss.com
1,134951978,aungkyaw.min@lotuss.com
1,134951991,phirak.sinh@lotuss.com
1,134952009,kyawnaing.min@lotuss.com
1,134952015,tin.mun@lotuss.com
1,134952034,thura.ko@lotuss.com
1,134952048,sony.sek@lotuss.com
1,134952054,nainglin.soe@lotuss.com
1,134952066,thun.chann@lotuss.com
1,134952072,htetpaing.tun@lotuss.com
1,134952075,san.chhan@lotuss.com
1,134952086,warwar.khaing@lotuss.com
1,134952091,tum.ngeth@lotuss.com
1,134952098,sok.mao@lotuss.com
1,134952101,myo.zaw@lotuss.com
1,134952103,sapal.phyu@lotuss.com
1,134952109,touch.kaoet@lotuss.com
1,134952110,srey.an@lotuss.com
1,134952113,zawmyo.thant@lotuss.com
1,134952116,chanruot.rok@lotuss.com
1,134952131,kimlean.chham@lotuss.com
1,134952139,phiry.srey@lotuss.com
1,134952143,lida.vann@lotuss.com
1,134952145,susu.hlaing@lotuss.com
1,134952152,zawzaw.win@lotuss.com
1,134952159,nantsee.phaung@lotuss.com
1,134952163,phyuphyu.htwe@lotuss.com
1,134952177,thandar.win@lotuss.com
1,134952180,thetpaing.soe@lotuss.com
1,134952181,saline.ko@lotuss.com
1,134952186,nilar.htwe@lotuss.com
1,134952189,naing.min@lotuss.com
1,134952191,dina.chan@lotuss.com
1,134952203,sophea.nhorn@lotuss.com
1,134952205,sorphea.chhit@lotuss.com
1,134952214,sinet.chham@lotuss.com
1,134952219,wintun.naing@lotuss.com
1,134952221,sanainglin.tun@lotuss.com
1,134952229,nantayeaye.mon@lotuss.com
1,134952233,kang.hor@lotuss.com
1,134952234,hul.chhea@lotuss.com
1,134952241,simak.krev@lotuss.com
1,134952242,ra.en@lotuss.com
1,134952252,bobo.tun@lotuss.com
1,134952255,kroem.orm@lotuss.com
1,134952257,win.chit@lotuss.com
1,134952258,sineang.saing@lotuss.com
1,134952259,sreytoch.kev@lotuss.com
1,134952260,sachit.snow@lotuss.com
1,134952265,kamsot.thuon@lotuss.com
1,134952270,sereyvong.kong@lotuss.com
1,134952272,myo.tint@lotuss.com
1,134952278,hein.ko@lotuss.com
1,134952279,hai.seang@lotuss.com
1,134952282,tola.tha@lotuss.com
1,134952288,naingwin.oo@lotuss.com
1,134952295,yelin.tun@lotuss.com
1,134952296,sopheng.rok@lotuss.com
1,134952299,ro.kuon@lotuss.com
1,134952301,suo.san@lotuss.com
1,134952306,chhork.chham@lotuss.com
1,134952307,soly.bros@lotuss.com
1,134952314,rotha.vy@lotuss.com
1,134952316,sokny.hong@lotuss.com
1,134952317,zawhtay.aung@lotuss.com
1,134952318,kyawkoko.aung@lotuss.com
1,134952323,vannak.so@lotuss.com
1,134952324,chenda.so@lotuss.com
1,134952328,sokhom.hong@lotuss.com
1,134952329,mab.chham@lotuss.com
1,134952330,sovannariroth.theam@lotuss.com
1,134952345,vet.hong@lotuss.com
1,134952356,chorn.thak@lotuss.com
1,134952359,hla.thuzar@lotuss.com
1,134952360,channy.chorn@lotuss.com
1,134952363,thetpaing.oo@lotuss.com
1,134952374,peanglong.ca@lotuss.com
1,134952376,lalin.kev@lotuss.com
1,134952383,chantha.roeun@lotuss.com
1,134952384,sombath.sambok@lotuss.com
1,134952386,min.thu@lotuss.com
1,134952393,sokheng.nhoem@lotuss.com
1,134952395,oakkar.aung@lotuss.com
1,134952398,san.lin@lotuss.com
1,134952400,soe.thiha@lotuss.com
1,134952402,sumyat.hlaing@lotuss.com
1,134952419,phen.um@lotuss.com
1,134952428,thinthin.maw@lotuss.com
1,134952430,chomrouen.pen@lotuss.com
1,134952433,ambraham.suos@lotuss.com
1,134952439,chea.chor@lotuss.com
1,134952445,phyuphyu.win@lotuss.com
1,134952450,han.heab@lotuss.com
1,134952455,thetzin.oo@lotuss.com
1,134952457,thanmin.htwe@lotuss.com
1,134952461,chhorn.chev@lotuss.com
1,134952463,naylin.soe@lotuss.com
1,134952465,kin.ky@lotuss.com
1,134952470,yemurn.aung@lotuss.com
1,134952478,nyeinnyein.thu@lotuss.com
1,134952481,wai.naing@lotuss.com
1,134952490,kun.aye@lotuss.com
1,134952495,cho.thae@lotuss.com
1,134952496,ohnmar.soe@lotuss.com
1,134952501,dara.man@lotuss.com
1,134952502,kyawthu.moe@lotuss.com
1,134952503,chanthang.choeurn@lotuss.com
1,134952524,soelwin.myo@lotuss.com
1,134952528,sokon.chhoeut@lotuss.com
1,134952546,ayemin.aung@lotuss.com
1,134952572,sanmin.aung@lotuss.com
1,134952616,thuzar.win1@lotuss.com
1,134952617,zawhtoo.lwal@lotuss.com
1,134952624,aungnaing.phyo@lotuss.com
1,134952653,zunepwint.phyu@lotuss.com
1,134952656,zaw.htike@lotuss.com
1,134952660,sawlin.oo@lotuss.com
1,134952666,may.zu@lotuss.com
1,134952677,myolwin.oo@lotuss.com
1,134952679,myozaw.oo@lotuss.com
1,134952691,zawmyo.htet@lotuss.com
1,134952694,phyuphyu.aung@lotuss.com
1,134952696,myonaing.tun@lotuss.com
1,134952774,sakhorn.yan@lotuss.com
1,134952794,thwethwe.aye@lotuss.com
1,134952807,bunchhuoy.nhem@lotuss.com
1,134952813,chantha.chea@lotuss.com
1,134952817,sokchea.chev@lotuss.com
1,134952821,thwethwe.kyaw@lotuss.com
1,134952823,rath.kan@lotuss.com
1,134952825,heap.hel@lotuss.com
1,134952831,song.eun@lotuss.com
1,134952871,vibol.nao@lotuss.com
1,134952875,sopheap.meas@lotuss.com
1,134952932,kimleang.thoeum@lotuss.com
1,134952935,chhavoan.vek@lotuss.com
1,134952945,sarith.horm@lotuss.com
1,134952953,samphors.hun@lotuss.com
1,134952958,thethtar.hlaing@lotuss.com
1,134952960,thuya.oo@lotuss.com
1,134952968,phatt.nun@lotuss.com
1,134952974,sophea.phy@lotuss.com
1,134952976,chhorvin.touch@lotuss.com
1,134952996,nak.long@lotuss.com
1,134953006,phally.bo@lotuss.com
1,134953012,chon.thuot@lotuss.com
1,134953020,vin.ol@lotuss.com
1,134953046,sarath.khun@lotuss.com
1,134953049,lim.chou@lotuss.com
1,134953061,waizin.phyo@lotuss.com
1,134953062,myatei.thu@lotuss.com
1,134953064,hninkyat.phyu@lotuss.com
1,134953066,chann.khorn@lotuss.com
1,134953075,rachhen.chhea@lotuss.com
1,134953081,tunmyat.mon@lotuss.com
1,134953083,sobin.chan@lotuss.com
1,134953087,chit.sapel@lotuss.com
1,134953103,hin.seng@lotuss.com
1,134953107,tootoo.aung@lotuss.com
1,134953110,sandar.htay@lotuss.com
1,134953111,nawaye.than@lotuss.com
1,134953114,kosal.rom@lotuss.com
1,134953125,salam.deun@lotuss.com
1,134953131,sim.chin@lotuss.com
1,134953134,aunghtet.moe@lotuss.com
1,134953151,chhon.chhuy@lotuss.com
1,134953154,tom.seap@lotuss.com
1,134953167,von.man@lotuss.com
1,134953173,lam.von@lotuss.com
1,134953176,chhany.non@lotuss.com
1,134953179,papa.win@lotuss.com
1,134953187,chroeun.in@lotuss.com
1,134953188,ayemi.san@lotuss.com
1,134953197,aungnaing.tun@lotuss.com
1,134953201,shar.lu@lotuss.com
1,134953209,aungthu.hein@lotuss.com
1,134953213,myatpan.pwint@lotuss.com
1,134953239,em.ea@lotuss.com
1,134953244,thetthet.soe@lotuss.com
1,134953245,shweyi.win@lotuss.com
1,134953247,khinaye.myint@lotuss.com
1,134953250,zunmimi.hlaing@lotuss.com
1,134953253,thuzar.khaing@lotuss.com
1,134953259,dary.phol@lotuss.com
1,134953269,phina.teng@lotuss.com
1,134953271,samoeurng.khoeurn@lotuss.com
1,134953282,kyawthu.win@lotuss.com
1,134953290,sokey.sorn@lotuss.com
1,134953300,pyae.kyaw@lotuss.com
1,134953314,zarzar.win@lotuss.com
1,134953316,khinsaw.yee@lotuss.com
1,134953319,hlaingmin.thu@lotuss.com
1,134953334,sreynuon.kun@lotuss.com
1,134953344,kyawzayyar.lwin@lotuss.com
1,134953359,pheakdey.phuong@lotuss.com
1,134953363,sumyat.wai@lotuss.com
1,134953366,bot.hen@lotuss.com
1,134953367,zinmar.win@lotuss.com
1,134953380,oudam.neu@lotuss.com
1,134953387,sarat.roeup@lotuss.com
1,134953390,sansan.htwe@lotuss.com
1,134953405,phyothuya.ko@lotuss.com
1,134953406,sanwin.khaing@lotuss.com
1,134953410,naimdong.chhoun@lotuss.com
1,134953450,buntieng.chhun@lotuss.com
1,134953459,kyawthet.aung@lotuss.com
1,134953460,soe.ko@lotuss.com
1,134953462,lyta.mean@lotuss.com
1,134953465,htin.zaw@lotuss.com
1,134953470,waiwai.thin@lotuss.com
1,134953472,thol.thea@lotuss.com
1,134953496,zinmar.htay@lotuss.com
1,134953497,kyawlin.naing@lotuss.com
1,134953498,ratana.huon@lotuss.com
1,134953501,thida.tun@lotuss.com
1,134953505,sithul.win@lotuss.com
1,134953506,sokha.soeun@lotuss.com
1,134953511,aungmoe.tun@lotuss.com
1,134953515,nyeinaye.naing@lotuss.com
1,134953521,sodarith.soeng@lotuss.com
1,134953551,sak.chham@lotuss.com
1,134953577,naingko.win@lotuss.com
1,134953580,koemsay.mol@lotuss.com
1,134953589,tinmyo.aung@lotuss.com
1,134953596,taekoko.kyaw@lotuss.com
1,134953661,sumon.kyaw@lotuss.com
1,134953662,tinko.oo@lotuss.com
1,134953663,thuzar.san@lotuss.com
1,134953664,aungzaw.lin@lotuss.com
1,134953673,kyawmyo.oo@lotuss.com
1,134953674,yatanar.aung@lotuss.com
1,134953696,pao.youn@lotuss.com
1,134953698,khinwint.war@lotuss.com
1,134953701,vannthy.hoem@lotuss.com
1,134953703,khinmaung.cho@lotuss.com
1,134953707,sen.hai@lotuss.com
1,134953711,zinmin.oo@lotuss.com
1,134953727,zawhtet.lin@lotuss.com
1,134953734,cheat.khloeun@lotuss.com
1,134953736,zawnaing.tun@lotuss.com
1,134953742,channyein.zaw@lotuss.com
1,134953743,phan.phoeurk@lotuss.com
1,134953762,sen.sak@lotuss.com
1,134953774,thinzar.win@lotuss.com
1,134953776,vanna.hea@lotuss.com
1,134953784,hninyu.hlaing@lotuss.com
1,134953793,nilar.aung@lotuss.com
1,134953800,saroem.sat@lotuss.com
1,134953829,lamin.ko@lotuss.com
1,134953832,san.yu@lotuss.com
1,134953835,hat.hom@lotuss.com
1,134953855,khinmar.yee@lotuss.com
1,134953857,tintun.min@lotuss.com
1,134953866,nawbwe.war@lotuss.com
1,134953867,roeub.born@lotuss.com
1,134953875,moe.aye@lotuss.com
1,134953883,wailin.thu@lotuss.com
1,134953902,sawsarkhu.htoo@lotuss.com
1,134953925,lin.khoeurn@lotuss.com
1,134953938,papa.moe@lotuss.com
1,134953940,tita.sok@lotuss.com
1,134953945,savan.thea@lotuss.com
1,134953953,eiei.phyu@lotuss.com
1,134953972,phyothet.paing@lotuss.com
1,134953973,thantzin.tun@lotuss.com
1,134953981,chanthoeurn.chhoeurng@lotuss.com
1,134953985,eiei.chaw@lotuss.com
1,134953993,sawhay.htoo@lotuss.com
1,134954002,niniwin.shwe@lotuss.com
1,134954007,saoran.chhem@lotuss.com
1,134954010,ma.swe@lotuss.com
1,134954015,phyothuya.aung@lotuss.com
1,134954043,thein.win@lotuss.com
1,134954045,chen.ton@lotuss.com
1,134954046,bora.vat@lotuss.com
1,134954047,phean.morn@lotuss.com
1,134954073,saly.sleh@lotuss.com
1,134954078,peou.vorn@lotuss.com
1,134954082,aungzin.tun@lotuss.com
1,134954089,dav.kris@lotuss.com
1,134954091,sorv.ean@lotuss.com
1,134954092,than.yaim@lotuss.com
1,134954094,aungmyo.min@lotuss.com
1,134954116,thoeurn.chea@lotuss.com
1,134954120,rambi.ol@lotuss.com
1,134954131,min.kyaw@lotuss.com
1,134954134,roeung.nhork@lotuss.com
1,134954175,morn.vern@lotuss.com
1,134954186,pisey.pen@lotuss.com
1,134954200,im.muy@lotuss.com
1,134954205,phalla.moeurn@lotuss.com
1,134954222,vong.vai@lotuss.com
1,134954226,ang.thet@lotuss.com
1,134954229,kuor.sorn@lotuss.com
1,134954230,khinthanda.soe@lotuss.com
1,134954231,hing.heng@lotuss.com
1,134954237,lin.khy@lotuss.com
1,134954244,lim.ly@lotuss.com
1,134954249,heou.it@lotuss.com
1,134954255,vanara.san@lotuss.com
1,134954258,rane.tuot@lotuss.com
1,134954287,sahteinlin.oo@lotuss.com
1,134954382,sreng.eav@lotuss.com
1,134954407,ayemar.win@lotuss.com
1,134954412,thim.beng@lotuss.com
1,134954436,sapal.oo@lotuss.com
1,134954451,aungphyo.wai@lotuss.com
1,134954457,aungko.lin@lotuss.com
1,134954483,khinsan.lin@lotuss.com
1,134954491,vanny.ven@lotuss.com
1,134954521,vireak.khoem@lotuss.com
1,134954553,veasna.say@lotuss.com
1,134954577,ratanak.he@lotuss.com
1,134954582,sokvan.nhean@lotuss.com
1,134954589,mawli.win@lotuss.com
1,134954594,nilar.win@lotuss.com
1,134954603,winzar.ni@lotuss.com
1,134954612,yaemin.let@lotuss.com
1,134954632,koemsan.seng@lotuss.com
1,134954635,saven.yorn@lotuss.com
1,134954661,chea.kun@lotuss.com
1,134954801,noeurn.chhorn@lotuss.com
1,134954856,zayar.aung@lotuss.com
1,134955171,ol.em@lotuss.com
1,134955175,chhorvorn.vann@lotuss.com
1,134955177,dara.than@lotuss.com
1,134955188,savan.chun@lotuss.com
1,134955224,senghorn.hou@lotuss.com
1,134955367,pao.phon@lotuss.com
1,134955521,toetoe.lwin@lotuss.com
1,134955527,khin.nyo@lotuss.com
1,134955554,sithu.tun@lotuss.com
1,134955575,nimar.aye@lotuss.com
1,134955584,naninn.wa@lotuss.com
1,134955590,naymyo.tun@lotuss.com
1,134955603,yenaing.win@lotuss.com
1,134955617,sros.khon@lotuss.com
1,134955624,pharoth.srov@lotuss.com
1,134955666,nakk.mi@lotuss.com
1,134955672,chhun.nuon@lotuss.com
1,134955674,hul.lim@lotuss.com
1,134955676,chantom.chroek@lotuss.com
1,134955677,sophanna.phoeung@lotuss.com
1,134955693,nayzaw.aung@lotuss.com
1,134955714,maung.saw@lotuss.com
1,134955716,vit.yil@lotuss.com
1,134955724,channy.heang@lotuss.com
1,134955725,zawmin.khaing@lotuss.com
1,134955736,thy.hue@lotuss.com
1,134955745,sreyeng.seng@lotuss.com
1,134955748,hninei.mar@lotuss.com
1,134955760,orn.sout@lotuss.com
1,134955766,da.prum@lotuss.com
1,134955767,sreymao.moeurn@lotuss.com
1,134955771,kyawzin.oo@lotuss.com
1,134955784,bunthean.chhuoy@lotuss.com
1,134955795,phekdey.nuon@lotuss.com
1,134955798,samoeurn.khan@lotuss.com
1,134955799,nainglin.ko@lotuss.com
1,134955805,aungmyingt.soe@lotuss.com
1,134955807,khinkhin.lwin@lotuss.com
1,134955808,zinmyo.nwe@lotuss.com
1,134955815,myintmyint.htay@lotuss.com
1,134955818,heinmin.swe@lotuss.com
1,134955833,vannak.phun@lotuss.com
1,134955846,chhannra.ron@lotuss.com
1,134955853,samol.tuon@lotuss.com
1,134955861,naing.oo@lotuss.com
1,134955880,aungmyo.win@lotuss.com
1,134955883,myomin.hlaing@lotuss.com
1,134955884,sakyaw.hein@lotuss.com
1,134955900,soe.thu@lotuss.com
1,134955933,thiha.ko@lotuss.com
1,134955944,winmin.oo@lotuss.com
1,134955957,pyo.wine@lotuss.com
1,134955974,aung.min@lotuss.com
1,134955976,reatrey.ret@lotuss.com
1,134955978,zawmyo.naing@lotuss.com
1,134955988,win.naing@lotuss.com
1,134955991,kyawzaw.aung@lotuss.com
1,134956000,sein.than@lotuss.com
1,134956006,zawmin.thu@lotuss.com
1,134956011,myomin.htut@lotuss.com
1,134956015,aye.min@lotuss.com
1,134956021,aye.naing@lotuss.com
1,134956039,myo.aung@lotuss.com
1,134956053,zinmyo.thant@lotuss.com
1,134956059,soekamaw.mue@lotuss.com
1,134956088,zinko.min@lotuss.com
1,134956255,myomin.htay@lotuss.com
1,134956369,johnpaul.than@lotuss.com
1,134956441,moe.yi@lotuss.com
1,134956483,taye.ao@lotuss.com
1,134956518,tintun.oo@lotuss.com
1,134956612,nansar.au@lotuss.com
1,134956791,laylay.aung@lotuss.com
1,134957171,romdos.um@lotuss.com
1,134957372,myint.zaw@lotuss.com
1,134957408,chanset.vannak@lotuss.com
1,134957602,ang.leat@lotuss.com
1,134958935,chochokhin.aung@lotuss.com
1,134959273,nini.win@lotuss.com
1,135246808,la.sorn@lotuss.com
1,135246994,panha.pich@lotuss.com
1,135247167,sokea.hol@lotuss.com
1,135323142,weeheong.lim@lotuss.com
1,135326304,zurina.yazid@lotuss.com
1,135326418,irdawina.ismail@lotuss.com
1,135326643,yokelin.choo@lotuss.com
1,135326828,suitkooi.tham@lotuss.com
1,135326841,mazwan.markum@lotuss.com
1,135326850,lonhow.soon@lotuss.com
1,135326884,amalina.amir@lotuss.com
1,135326946,surendran.raman@lotuss.com
1,135327026,balamurugan.radakrishnan@lotuss.com
1,135327032,umikalsom.supni@lotuss.com
1,135327039,vijayabalan.pupalan@lotuss.com
1,135327041,hariah.mohdbahron@lotuss.com
1,135327057,suhaimi.abdillah@lotuss.com
1,135327058,norshiela.ismail@lotuss.com
1,135327066,ezrinnoor.mohdazam@lotuss.com
1,135327088,mazlina.maarof@lotuss.com
1,135327106,boonhon.ng@lotuss.com
1,135327168,mohdzaker.yusoff@lotuss.com
1,135327174,sam.yusop@lotuss.com
1,135327204,ahmadshahir.abubakar@lotuss.com
1,135327209,ahmadhusainy.ahmadbasri@lotuss.com
1,135327242,peileng.lee@lotuss.com
1,135327250,mohamadezamuddin.yusuff@lotuss.com
1,135327308,yetpeng.lim@lotuss.com
1,135327321,yeeming.soon@lotuss.com
1,135327341,chinkee.tan@lotuss.com
1,135327354,muhammadrazlan.jaffri@lotuss.com
1,135327361,ummiathirah.mohdyatim@lotuss.com
1,135327369,seowmay.cheong@lotuss.com
1,135327371,yinli.lai@lotuss.com
1,135327379,suiyi.siow@lotuss.com
1,135327383,hemanathan.manoharan@lotuss.com
1,135327425,murugan.raman@lotuss.com
1,135327457,kimseng.lee@lotuss.com
1,135327466,andreyusrizal.mdazuan@lotuss.com
1,135327476,sujean.chai@lotuss.com
1,135327489,puikwan.sam@lotuss.com
1,135327519,peili.cheng@lotuss.com
1,135327522,meishun.chook@lotuss.com
1,135327534,enni.sunardi@lotuss.com
1,135327553,noorlin.hasan@lotuss.com
1,135327584,luxmanrao.subramaniam@lotuss.com
1,135327586,ahmadsarhan.abdulghani@lotuss.com
1,135327607,mohdfairuz.mohdnazri@lotuss.com
1,135327613,sorayahanim.yusuf@lotuss.com
1,135327614,beekoon.khor@lotuss.com
1,135327625,mohdazlan.aladdin@lotuss.com
1,135327657,xinrue.tan@lotuss.com
1,135327696,antonicolinraj.irthayasamy@lotuss.com
1,135327700,saraliyana.azman@lotuss.com
1,135327716,jayakumar.govindan@lotuss.com
1,135327722,johar.hassan@lotuss.com
1,135327736,kalithasan.selvam@lotuss.com
1,135327746,anisrozana.aminudin@lotuss.com
1,135327803,norain.hussin@lotuss.com
1,135327813,intansyafinaz.mdshafie@lotuss.com
1,135327814,norfazielah.baharin@lotuss.com
1,135327832,mohamadizwan.abdulbari@lotuss.com
1,135327835,yvonne.yong@lotuss.com
1,135327853,jieyin.yu@lotuss.com
1,135327855,jill.tan@lotuss.com
1,135327859,nurraihan.anuar@lotuss.com
1,135327922,sitisarizan.isnin@lotuss.com
1,135327943,nuruljumatulasriah.mahiyuddin@lotuss.com
1,135327989,nurfarahhanan.shafie@lotuss.com
1,135328031,nurbainun.azemi@lotuss.com
1,135328037,mazua.mohdnoh@lotuss.com
1,135328071,dhaliniraj.jayaraj@lotuss.com
1,135328128,sooming.cheah@lotuss.com
1,135328338,haliza.ahmadyusoff@lotuss.com
1,135328356,shamsudin.jalil@lotuss.com
1,135328478,jayasambathu.samiyappan@lotuss.com
1,135328698,shanthi.ramalinggam@lotuss.com
1,135329670,nurazura.bakar@lotuss.com
1,135329874,khairilazhar.ahmadshukari@lotuss.com
1,135330870,saifulnizam.abdulmutalib@lotuss.com
1,135568569,darshan.singh@lotuss.com
1,135568587,antony.spillett@lotuss.com
1,135568591,mohdjaffri.mokhtar@lotuss.com
1,135568606,melissa.yap@lotuss.com
1,135568610,sathia.suppiah@lotuss.com
1,135568622,noorlie.rajahusain@lotuss.com
1,135568651,jacky.gan@lotuss.com
1,135568699,joreen.tee@lotuss.com
1,135568711,shasi.kumar@lotuss.com
1,135568726,amy.lee@lotuss.com
1,135568772,erica.tam@lotuss.com
1,135568778,noorsyazwani.azri@lotuss.com
1,135568807,felicia.kingham@lotuss.com
1,135568822,miki.ng@lotuss.com
1,135568827,arron.ang@lotuss.com
1,135568836,noelle.chew@lotuss.com
1,135568850,terence.hiew@lotuss.com
1,135568865,adamhakim.wong@lotuss.com
1,135568872,roger.lim@lotuss.com
1,135568883,amanda.lee@lotuss.com
1,135568937,fatima.aimi@lotuss.com
1,135568966,hamidi.mohamad@lotuss.com
1,135569021,ellienatasha.aziz@lotuss.com
1,135569024,shukjing.khoo@lotuss.com
1,135569104,amirashazreen.amin@lotuss.com
1,135569316,emily.low@lotuss.com
1,135569346,thamilarasan.arumugam@lotuss.com
1,135569412,ang.peiyong@lotuss.com
1,135569433,eric.cheong@lotuss.com
1,135569439,catherine.tan@lotuss.com
1,135900503,nursyafiqah.johari@lotuss.com
1,135901526,zawlin.aung@lotuss.com
1,135902151,zinmin.tun@lotuss.com
1,135902153,zawmin.htike1@lotuss.com
1,135902156,zawlin.aung1@lotuss.com
1,135902159,zawmyo.htike1@lotuss.com
1,135902160,zinmin.aung1@lotuss.com
1,135902163,zawzaw.aung@lotuss.com
1,135902166,zinmin.aung@lotuss.com
1,135902169,zawzaw.aung1@lotuss.com
1,135902173,zawmyo.htike@lotuss.com
1,135902175,zinmin.tun1@lotuss.com
66610876054,137212153,sasiprapha.phiolueang@lotuss.com
66611508346,137212443,dusita.phosrikham@lotuss.com
66611896698,137292200,panatda.thongnui@lotuss.com
66612037613,137212210,natthaphat.chuphetr@lotuss.com
66612201131,137211906,itsara.khawkhaokrai@lotuss.com
66612846861,137212033,somkiat.sanamchai@lotuss.com
66613263442,137212422,phannipa.phomduangdee@lotuss.com
66613417415,137212104,supattra.puangsaka@lotuss.com
66613532158,137211977,jantharaporn.thammawat@lotuss.com
66615035238,137212524,natthawalan.yodkaew@lotuss.com
66615622668,137211753,jarossanon.jantorn@lotuss.com
66616522589,137211956,charinya.mahaphrom@lotuss.com
66616828542,137325536,kornratthapon.hengpachaipat@lotuss.com
66618161614,137212406,wilanee.oimsuwan@lotuss.com
66619903453,137212549,nirakon.kaewprasong@lotuss.com
66619924373,137212526,manchuphon.kitnopkao@lotuss.com
66620123967,137325535,phumput.chairat@lotuss.com
66620322001,137212533,puripat.tepburee@lotuss.com
66621405387,137212330,nawasat.chanthep@lotuss.com
66621540457,137211796,prapasri.jeerawatthanakit@lotuss.com
66622016597,137212508,paewwarin.tuparmat@lotuss.com
66622352411,137292218,kwanchai.sribut@lotuss.com
66622574695,137211880,wittaya.keawkhunok@lotuss.com
66622721885,137212507,aekkachai.pinthong@lotuss.com
66622749963,137211957,narumon.boonsuwan@lotuss.com
66623842481,137212377,thiraphat.phithaksorayut@lotuss.com
66624083083,137212283,porntep.chaiin@lotuss.com
66624743237,137212425,parichat.getsawat@lotuss.com
66625140876,137212050,sukifli.chema@lotuss.com
66625429203,137211866,weerapol.wongkong@lotuss.com
66625525276,137317711,thodsaworn.konkayan@lotuss.com
66626048799,137212462,kittipan.promchana@lotuss.com
66627961990,137211814,thanyarat.sirirak@lotuss.com
66628514336,137212513,arreerat.seewita@lotuss.com
66630255135,137212551,patitta.palasak@lotuss.com
66631369766,137212248,kadkamon.panthong@lotuss.com
66633100611,137212418,pimlada.singkawanee@lotuss.com
66634850143,137211967,chanikan.rachmuangsri@lotuss.com
66636360321,137212260,tanapol.tubtim@lotuss.com
66636630173,137212009,theerapon.pinyosri@lotuss.com
66637139813,137240067,kumphon.kunasangkum@lotuss.com
66638214510,137211781,wilasinee.ponrit@lotuss.com
66638759142,137212247,yuwadee.sanitwonna@lotuss.com
66638954451,137240061,sunisa.meesungkha@lotuss.com
66639787713,137317680,natcha.ruenmit@lotuss.com
66640231926,137212461,jiranan.chonpairod@lotuss.com
66640265679,137212523,supunnee.bankboon@lotuss.com
66640421086,137212162,nopadon.ongram@lotuss.com
66641147861,137325534,chokchai.pimpa@lotuss.com
66641568722,137212376,nonthanan.thanomphonkrang@lotuss.com
66642124550,137317709,ketsanee.suthu@lotuss.com
66642285729,137211782,pakpoom.hunhabun@lotuss.com
66642426007,137212521,wannaporn.ouannawaeng@lotuss.com
66642434624,137212209,arreerat.suphrom@lotuss.com
66642953081,137212489,wanassanun.sujaija@lotuss.com
66643341045,137317692,warueen.daengkomen@lotuss.com
66644215343,137211860,kittiphon.lempan@lotuss.com
66644373181,137292149,peerapat.sitisungnoen@lotuss.com
66645566230,137211969,chaiwat.sroyfat@lotuss.com
66646648644,137212420,saipan.phothimong@lotuss.com
66647624471,137212034,narisara.unbao@lotuss.com
66650721953,137240082,thanakorn.sukasam@lotuss.com
66652048702,137212519,wasinee.parthoomta@lotuss.com
66652381463,137317677,giovanni.depierno@lotuss.com
66654174072,137212241,duongruedee.julasri@lotuss.com
66654184452,137212193,pornthip.panyajai@lotuss.com
66655463354,137211846,orasa.suesoongnern@lotuss.com
66656049544,137292146,chotiros.janjaidee@lotuss.com
66656175648,137212405,kewalin.thongprommarat@lotuss.com
66656499937,137212532,namfa.muangoon@lotuss.com
66658593790,137212445,supanida.meemak@lotuss.com
66658951273,137212320,sahatsawat.thongkhot@lotuss.com
66659532205,137212105,wathida.chotiwanon@lotuss.com
66659558951,137212233,pimpa.saelo@lotuss.com
66659572574,137212136,sirinat.dawruang@lotuss.com
66659720176,137212556,wannipha.wongarnu@lotuss.com
66660761022,137212328,prompat.anumat@lotuss.com
66661506165,137211903,jaruwan.baonuwong@lotuss.com
66661521085,137212147,chonsawat.khomkharn@lotuss.com
66677704121,137212534,wannarat.runggrotrat@lotuss.com
66800060639,137212101,suphon.norasing@lotuss.com
66800086166,137211881,danai.salilat@lotuss.com
66800301314,137211777,keatkumjorn.chaiwongkarn@lotuss.com
66800325774,137212464,porntip.jakthong@lotuss.com
66800564071,137211853,pawinee.wongdee@lotuss.com
66800607644,137212194,pattaraporn.phimjula@lotuss.com
66801242030,137212516,kanyarat.ooppala@lotuss.com
66801273998,137212409,chanita.saikrik1@lotuss.com
66803806265,137292205,thinnaphat.khemduang@lotuss.com
66805680389,137212362,surarak.jaroenchaithawonkit@lotuss.com
66809140723,137212592,natthapon.singkam@lotuss.com
66809858556,137211951,pasakorn.udorntaveesad@lotuss.com
66810911262,137212064,wannapha.ariya@lotuss.com
66811466951,137212530,chayakorn.sripanyapirat@lotuss.com
66811660524,137212488,naphassara.duongkham@lotuss.com
66811690763,137212106,kannika.jaitrong@lotuss.com
66811982637,137212170,wimon.muli@lotuss.com
66812914459,137212411,isaraporn.pupare@lotuss.com
66814299165,137211761,onpreeya.dechanantachat@lotuss.com
66816779941,137317678,satjapat.limpanarangsarit@lotuss.com
66817224199,137212192,suwit.khamta@lotuss.com
66820461227,137292171,navapon.tanomsawai@lotuss.com
66821106744,137211870,napapron.kunjit@lotuss.com
66821796357,137211978,piyarat.saratee@lotuss.com
66822408634,137211958,singha.somboondee@lotuss.com
66822587300,137292162,khajonsak.rojanaamronchai@lotuss.com
66825297905,137211855,wittavat.sresuk@lotuss.com
66825322596,137212231,nuttha.sonsodpvf@lotuss.com
66826076329,137212408,nonthakorn.kanawapee@lotuss.com
66826129886,137211916,mueanfun.tanonklang@lotuss.com
66826273480,137317683,sirada.thamoon@lotuss.com
66826344711,137212430,wimolrat.phondee@lotuss.com
66828819304,137212089,rachanon.oansikaeo@lotuss.com
66829520095,137211887,nattlika.ngamnetthae@lotuss.com
66829701239,137212253,orathai.kotseetha@lotuss.com
66830835400,137212308,kitsada.janthasi@lotuss.com
66830972037,137325527,rungtiwa.janchey@lotuss.com
66835163604,137212348,thanaphon.sakunwongsarot@lotuss.com
66836148853,137211986,siriporn.kanbanchong@lotuss.com
66836818185,137212135,jhintana.jumpha@lotuss.com
66837566942,137212364,anusak.seetha@lotuss.com
66838984433,137325529,pisit.samniangchaem@lotuss.com
66840569925,137212565,sirin.thipmangkon@lotuss.com
66840930899,137212151,wiraphat.kaewkla@lotuss.com
66841080395,137240064,chanyanuch.kasree@lotuss.com
66841240474,137212310,kriangkrai.promchuea@lotuss.com
66841274640,137212073,thepanan.tojun@lotuss.com
66841916973,137212172,jesada.sanguansak@lotuss.com
66842372039,137212487,rattanawadee.burusanon@lotuss.com
66842689295,137211861,phisut.trachawat@lotuss.com
66845088031,137292160,aranya.maneesri@lotuss.com
66848248141,137212378,somchai.aimapat@lotuss.com
66849319248,137323197,kannaphat.wanawarodom@lotuss.com
66849826579,137292203,patcharee.mongthonglang@lotuss.com
66851549091,137211778,vilai.maya@lotuss.com
66854243784,137292201,malika.thanukeaw@lotuss.com
66855533771,137325541,navarat.submoung@lotuss.com
66858832615,137292202,watcharaphong.bunsong@lotuss.com
66863130040,137212164,vilaiporn.chitprasong@lotuss.com
66864009949,137325542,veeranun.wanasangkum@lotuss.com
66865166010,137325528,thiraphong.chaosuwanwong@lotuss.com
66866298497,137212346,kornsiree.potithai@lotuss.com
66868903180,137212037,thotsawat.rakphanphaibun@lotuss.com
66875884539,137212407,bangern.thongsorn@lotuss.com
66877366103,137212366,phannipha.thongthap@lotuss.com
66882102997,137212067,phiyada.chimthong@lotuss.com
66884520917,137212345,nippharat.chimphet@lotuss.com
66884821412,137211882,authaithip.srisamrong@lotuss.com
66886469661,137212566,boonpitak.sooksawong@lotuss.com
66886868719,137211813,watcharaphol.tantanetnid@lotuss.com
66889456683,137212518,thidaporn.torjai@lotuss.com
66889679456,137211868,chanon.choopchoei@lotuss.com
66890106828,137212091,songkran.jandahouedong@lotuss.com
66890576343,137212057,phairin.jantem@lotuss.com
66891299327,137325533,thongbai.dokmaithes@lotuss.com
66891487684,137211979,jariya.baojaroen@lotuss.com
66893726967,137292204,kanyaratn.ngamsm@lotuss.com
66894577544,137317688,charn.wongkumsub@lotuss.com
66899146131,137211968,arnon.phumma@lotuss.com
66901820270,137212347,narueporn.panyasutthilert@lotuss.com
66902858051,137212244,wasok.phoojiw@lotuss.com
66902986305,137212252,ammarin.thasikaeo@lotuss.com
66909643845,137211888,chaimongkon.kuphukhiao@lotuss.com
66909811179,137212012,wadarat.naowarach@lotuss.com
66909948925,137292198,kittisak.inno@lotuss.com
66910263773,137212134,anan.homchuen@lotuss.com
66911594602,137212066,nuttamon.chaipiban@lotuss.com
66911964245,137325516,pakladathanan.thiratananitiworachot@lotuss.com
66918265192,137211815,nichapa.jantawong@lotuss.com
66918409872,137212550,sirintra.thongmang@lotuss.com
66918784202,137211878,kwanjai.aueaitthiporn@lotuss.com
66918866037,137212321,lalida.somin@lotuss.com
66923150004,137212311,pichayaporn.lorhana@lotuss.com
66924817081,137292161,terdsak.sripetch@lotuss.com
66925142652,137212249,winai.phuklan@lotuss.com
66925547191,137317679,chayanon.thammasiri@lotuss.com
66926127417,137212251,sahaworachat.kaewwises@lotuss.com
66926215330,137211959,rungthip.intep@lotuss.com
66926629179,137212060,jantra.phupho@lotuss.com
66926968282,137212259,wannaporn.somboonplang@lotuss.com
66927469579,137212463,natthaphon.nonnakorn@lotuss.com
66929424580,137240060,rungnapa.seejamnong@lotuss.com
66930053574,137212531,supakorn.nokmuan@lotuss.com
66930459378,137212442,jenjira.thamma@lotuss.com
66930694952,137212010,nuntida.kaewchaiya@lotuss.com
66930817948,137212243,supatta.karaket@lotuss.com
66930940950,137212542,wadsana.sangauthai@lotuss.com
66933877517,137212145,phamon.khongwiang@lotuss.com
66933919695,137212517,chutikan.chinphonchai@lotuss.com
66933920496,137211797,suphaporn.rueangsa@lotuss.com
66933987796,137212323,kullasatree.lafal@lotuss.com
66934321671,137211953,benjawan.deethongthong@lotuss.com
66934715512,137212092,mayuri.wongtecha@lotuss.com
66934940102,137211987,natkamon.simsawat@lotuss.com
66935210325,137211886,wamwisa.chuphet@lotuss.com
66935292751,137212336,pawaris.dasak@lotuss.com
66935326307,137212498,suchada.jumpakum@lotuss.com
66936874867,137212059,anucha.sadang@lotuss.com
66937215310,137212144,mekkala.songkorn@lotuss.com
66937507977,137211779,armah.awaekacik@lotuss.com
66937673018,137212154,jiruchaya.chawnual@lotuss.com
66937813800,137212065,aree.chomchoeywong@lotuss.com
66940592616,137212506,jutikorn.faknab@lotuss.com
66941281537,137325524,pradtana.oopkaew@lotuss.com
66941382715,137212424,kamonwan.jaikaew@lotuss.com
66941796232,137211984,kiattichai.menghengsun@lotuss.com
66943784299,137212431,supaporn.kaiyasuan@lotuss.com
66944086157,137211950,panya.prangthong@lotuss.com
66944504559,137317691,witthawat.aupala@lotuss.com
66944751959,137212441,julaluck.thepsura@lotuss.com
66944970598,137325522,ramon.tibjai@lotuss.com
66945189441,137212169,kunlanan.panyo@lotuss.com
66945217181,137212570,montita.kanya@lotuss.com
66946235541,137292199,pinphong.phutthaphaiboon@lotuss.com
66946237240,137212444,siriyaporn.kongfuey@lotuss.com
66947125973,137211854,sunthatee.phokongploy@lotuss.com
66947642231,137212567,kittisak.neerapon@lotuss.com
66948145274,137211883,tidapon.pongsawat@lotuss.com
66948716545,137212505,jantima.udomnitus@lotuss.com
66949166084,137212421,ananthasak.paeyo@lotuss.com
66949250111,137212282,praifa.uthai@lotuss.com
66949494538,137212208,puttipat.leajai@lotuss.com
66949511953,137212410,ummaret.payongram@lotuss.com
66951201186,137212363,nusryya.wattanakarnsiri@lotuss.com
66951205266,137212052,kittisak.lengsudjai@lotuss.com
66951430067,137211867,apiwit.jitsakun@lotuss.com
66951758087,137211783,phutthiphong.chatchan@lotuss.com
66952593652,137211776,kanjana.cheaupoh@lotuss.com
66952782726,137212285,jannapa.nakwijit@lotuss.com
66953285358,137212564,saruta.janthai@lotuss.com
66954358784,137240062,narisara.thunkockkruat@lotuss.com
66954412392,137211917,aunchaliporn.jindawong@lotuss.com
66954649029,137212327,potjanakorn.simajan@lotuss.com
66954914545,137325543,wisakorn.noicharoen@lotuss.com
66955097155,137317689,pronchai.khonanausa@lotuss.com
66955713962,137240066,sari.tepsupa@lotuss.com
66956047860,137292147,nattida.yathisri@lotuss.com
66957043507,137292148,raschaphon.boonjinda@lotuss.com
66957269202,137212146,chonanee.hogtorng@lotuss.com
66957345899,137325525,rosjana.baithaisong@lotuss.com
66957629084,137212161,chalinee.singlek@lotuss.com
66958185031,137212262,duangporn.mosut@lotuss.com
66958201461,137212335,jarasak.srijantep@lotuss.com
66958476622,137317710,nonthakorn.krotpet@lotuss.com
66958969399,137325530,yanakorn.dulyaphukritsakorn@lotuss.com
66958981776,137211966,praison.menghengsoon@lotuss.com
66959386860,137211760,kitsada.chantharukkha@lotuss.com
66959547211,137211904,titika.detduang@lotuss.com
66960356849,137292131,ratchanon.mamui@lotuss.com
66963806780,137212072,intira.seimsakul@lotuss.com
66964295152,137212242,sunun.tepthong@lotuss.com
66964678892,137211800,silarat.malithong@lotuss.com
66966491860,137292220,maliya.phonnikorn@lotuss.com
66967107654,137211762,supichaya.pansiri@lotuss.com
66967380502,137211879,veerapat.chamroen@lotuss.com
66967859501,137211919,nattawut.wirapiyakun@lotuss.com
66969377794,137212319,thodsuree.nakruasri@lotuss.com
66970416619,137292163,kwan.susutthi@lotuss.com
66970972512,137212284,wipharat.yungthong@lotuss.com
66971062452,137317690,somsar.sarjiw@lotuss.com
66972054260,137212011,thipphawan.wingkrathok@lotuss.com
66972147075,137212527,wannapa.noita@lotuss.com
66973070029,137212434,arunee.teerathanit@lotuss.com
66973179782,137212171,wanida.thammanam@lotuss.com
66973183063,137211799,natthiwat.thongdusri@lotuss.com
66979389522,137212329,chanchai.waenkaew@lotuss.com
66979545866,137212555,angsuchawan.chaithon@lotuss.com
66979645150,137212048,suneenat.supaprapanpong@lotuss.com
66979855560,137212379,bundarika.jamjuree@lotuss.com
66980481238,137212038,sutthisan.phatthanakun@lotuss.com
66980711727,137292170,pinnapa.chaichaingpin@lotuss.com
66981345190,137212075,patchanida.srisuksarm@lotuss.com
66982800705,137325523,kwanchanok.phalang@lotuss.com
66982803752,137212316,thodsaphon.kaunkaew@lotuss.com
66982872155,137212132,chinnawat.siriwiset@lotuss.com
66983367262,137212211,palakorn.udom@lotuss.com
66984231641,137212510,thitiya.malai@lotuss.com
66984585263,137211877,lamai.tabtimthong@lotuss.com
66985767595,137212261,arisa.waingkhum@lotuss.com
66986028429,137212232,somkhun.worateeya@lotuss.com
66987453977,137211907,narissara.kaewtong@lotuss.com
66988030598,137211871,sukanya.sungklom@lotuss.com
66988187098,137212076,natthathida.mingpuek@lotuss.com
66988317131,137212051,nuttika.upanunchai@lotuss.com
66988505528,137211985,oraphan.chaosamthong@lotuss.com
66988941580,137212152,pongsit.suriyachai@lotuss.com
66989398629,137211865,phurichaya.songcharoenngam@lotuss.com
66989793203,137211918,kanyarat.saiyasit@lotuss.com
66990434123,137212429,chutima.duangsanglek@lotuss.com
66991567803,137212088,ronnaporn.chokrung@lotuss.com
66991621971,137240068,arunya.jetjumnongdee@lotuss.com
66993066474,137212163,suwarin.sukhum@lotuss.com
66993253600,137212432,thunyaluk.piyalert@lotuss.com
66993589318,137212234,nattapong.bobtong@lotuss.com
66993896161,137212334,sirinopparat.jarupak@lotuss.com
66994410094,137211952,suphanat.thongbunrueang@lotuss.com
66995837669,137212486,waraporn.duangkaew@lotuss.com
66996688552,137212246,anisa.chansiri@lotuss.com
66998481445,137240063,thossapon.kaewsuya@lotuss.com
9.17874E+11,137246197,sweta.tiwari@lotuss.com
9.18309E+11,137246195,gayathri.gaduputi@lotuss.com
9.19347E+11,137246192,sasidhar.gollapalli@lotuss.com
9.199E+11,137246196,suyash.kumar@lotuss.com
