OTP identifier,mobile,userid,Username
44VG7NKXTPNG,66897703970,134849089,atiporn.jaroensri@lotuss.com
9PPGKAGQDKDE,66618504449,134948854,sittichai.pongpaisarnsri@lotuss.com
AH6V3KVCNXFK,66814826417,134927886,napassaporn.likhitsajjakul@lotuss.com
CTJGVRWE4P49,66865997663,134917656,navamin.chawla@lotuss.com
CVEWMHNXCACA,66939951514,135792308,anuwat.jiwtrakul@lotuss.com
CX3P6C7C3VEA,66816477111,134933617,theeradej.sahawattanapong@lotuss.com
DXKMEQ4GKAK9,66863617878,134851344,pakpoom.nawakitbumrung@lotuss.com
F3CGPYYYGPJA,66844108993,135793190,jennarong.jindaananyot@lotuss.com
FEAPFVERDAJC,60163678301,135327481,mohdhizzat.mohdyusof@lotuss.com
GKFTNWTGCX9T,60138109552,135569457,daphene.michael@lotuss.com
JM6T7AFFAMYG,66869178962,134900098,pantita.soontaran@lotuss.com
NC394TA46MXW,66818694416,134948542,suraphong.likhitsan@lotuss.com
P63Y4A3X3WFY,66646585777,134892950,panupong.srithonratkul@lotuss.com
R3H4QXNJ9R9D,66993526228,134851442,paphawee.lumlert@lotuss.com
WKK4DADHQ3EW,66820053855,134948653,tawatchai.arunjit@lotuss.com
X6RN7CMRHYQQ,66898948956,134851063,arak.preechawong@lotuss.com
YHQVQJ4RR7MJ,66896993310,134927747,apisitt.rattana@lotuss.com
,4.48E+11,137438010,brian.horn@lotuss.com
,6.01E+11,137497276,muhammadnurimanshafie.mohdsulin@lotuss.com
,6.01E+11,137497289,shahrulnizam.orazmi@lotuss.com
,6.01E+11,137497290,amirkhairullah.abdulmuntalib@lotuss.com
,6.01E+11,137497281,muhammadaidil.mohdzaini@lotuss.com
,6.01E+11,137496799,muhammadhuzaifah.bahrin@lotuss.com
,60137713859,137497279,mohamadamirul.ahmadradzi@lotuss.com
,60162657186,137497271,saraswathy.teruvengguram@lotuss.com
,60164775234,137497287,muhammadfirdaus.azmi@lotuss.com
,60176753221,137497277,muhammad.harris@lotuss.com
,60198666709,137497288,muhammadsyarifuddin.zainalabidin@lotuss.com
,+66-,137498191,aungmyo.tun@lotuss.com
,+66-,137498209,nainglin.oo@lotuss.com
,+66-,137498369,kyawmin.tun@lotuss.com
,+66-,137498370,kyawye.aung@lotuss.com
,+66-,137498465,aungmyo.tun1@lotuss.com
,+66-,137498478,than.zaw@lotuss.com
,+66-,137498523,thidar.win1@lotuss.com
,+66-,137498563,myint.aung@lotuss.com
,+66-,137498566,aungko.min@lotuss.com
,+66-,137498591,aung.aung1@lotuss.com
,+66-,137498606,thantoe.aung@lotuss.com
,+66-,137498642,waiyan.oo@lotuss.com
,+66-,137498671,kyawlin.soe1@lotuss.com
,+66-,137498682,sanlin.aung@lotuss.com
,+66-,137498694,aungmyo.thu1@lotuss.com
,+66-,137498750,nainglin.oo1@lotuss.com
,+66-,137498757,kyi.khaing1@lotuss.com
,+66-,137498761,myomin.zaw1@lotuss.com
,+66-,137498812,aung.aung2@lotuss.com
,+66-,137498815,myomin.zaw@lotuss.com
,+66-,137498828,chit.ko1@lotuss.com
,+66-,137498847,thantoe.aung2@lotuss.com
,+66-,137498857,naing.lin@lotuss.com
,+66-,137498867,tun.thein@lotuss.com
,+66-,137498868,kyi.khaing2@lotuss.com
,+66-,137498956,aung.aung@lotuss.com
,+66-,137498970,lwinmar.cho@lotuss.com
,+66-,137498988,pyaephyo.aung1@lotuss.com
,+66-,137499022,sithu.lwin@lotuss.com
,+66-,137499082,sithu.aung@lotuss.com
,+66-,137499088,thantoe.aung1@lotuss.com
,+66-,137499204,kyawmin.tun1@lotuss.com
,+66-,137499222,aungmyo.thu@lotuss.com
,+66-,137499239,naylin.aung@lotuss.com
,+66-,137499241,myat.thinzar@lotuss.com
,+66-,137499266,phyo.ko@lotuss.com
,+66-,137499290,thidar.win@lotuss.com
,+66-,137499300,soe.naing1@lotuss.com
,+66-,137499322,naylin.aung1@lotuss.com
,+66-,137499332,thidar.win2@lotuss.com
,+66-,137499381,sithu.aung1@lotuss.com
,+66-,137499385,sanlin.aung1@lotuss.com
,+66-,137499402,kyawlin.soe@lotuss.com
,+66-,137499404,phyo.ko1@lotuss.com
,+66-,137499412,min.ko@lotuss.com
,+66-,137499439,kyawmin.tun2@lotuss.com
,+66-,137499444,pyaephyo.aung2@lotuss.com
,+66-,137499466,soe.naing@lotuss.com
,+66-,137499582,pyaephyo.aung@lotuss.com
,66610257756,137458280,phatcharaporn.jantakhin@lotuss.com
,66610309062,137498569,pimkanok.thadapitaksap@lotuss.com
,66610595918,137458905,meree.kabpimai@lotuss.com
,66610620197,137499057,sirinan.jandamee@lotuss.com
,66610804753,137499596,metha.saeyang@lotuss.com
,66610844268,137499769,kajonwat.wipharattanakorn@lotuss.com
,66610860624,137498119,phatchari.sirimontri@lotuss.com
,66610869813,137498124,punyarit.thumsen@lotuss.com
,66610910719,137459178,teerapon.klongjai@lotuss.com
,66611018807,137458096,wilawan.kuapradab@lotuss.com
,66611194379,137458728,duangnapa.sarakoo@lotuss.com
,66611375086,137499541,santanee.sukmak@lotuss.com
,66611438198,137499774,kanokwan.phudindan@lotuss.com
,66611519566,137499120,natkritta.khajornsakthaworn@lotuss.com
,66611848433,137458708,arthittaya.thongsamoe@lotuss.com
,66612044284,137458687,kittisak.bangthomg@lotuss.com
,66612087733,137499076,ananyaporn.ponin@lotuss.com
,66612104550,137498357,watchara.wiriyakitkhajorn@lotuss.com
,66612126338,137498909,thipwan.keawnok@lotuss.com
,66612171160,137498673,suwanna.sangkaew@lotuss.com
,66612420290,137499714,woraphan.jeejaiyan@lotuss.com
,66612680637,137499248,arthitya.sulyamanee@lotuss.com
,66612686452,137369250,jaturapat.saenbia@lotuss.com
,66613052484,137458640,chanthima.saensom@lotuss.com
,66613121756,137499221,jittima.arom@lotuss.com
,66613351974,137498322,chonranit.jirajareunsuk@lotuss.com
,66613602742,137458126,panupong.matcha@lotuss.com
,66613647128,137499138,patraporn.chaiwongsa@lotuss.com
,66613691085,137458527,phitchanan.jaihan@lotuss.com
,66613758994,137499282,authaiwan.malison@lotuss.com
,66614077686,137458265,phumiphat.tasiko@lotuss.com
,66614481850,137499528,nadia.hwanghwan@lotuss.com
,66614681448,137499321,nannapat.phuisuriya@lotuss.com
,66614688914,137498958,kamonchanok.boonkhem@lotuss.com
,66614865880,137498155,abeeta.jomaomsa@lotuss.com
,66615242122,137498362,taksina.pinsanoh@lotuss.com
,66615393702,137499710,manachai.srisawang@lotuss.com
,66615525868,137499314,krittiya.samranmak@lotuss.com
,66615576383,137498832,yaowapa.daowloy@lotuss.com
,66615675942,137499203,tamakora.muangon@lotuss.com
,66615903766,137458925,patsorn.tongneadee@lotuss.com
,66615964422,137499655,sukanya.sookechareon@lotuss.com
,66616030666,137499219,piyawan.panmas@lotuss.com
,66616066002,137458140,chamaiphon.sirisuk@lotuss.com
,66616087477,137458670,nittayaporn.kaengchampa@lotuss.com
,66616277439,137498315,phichayada.phrerdrit@lotuss.com
,66616408933,137499738,sarawut.klaiklueng@lotuss.com
,66616431485,137458580,thipphawan.prachammueang@lotuss.com
,66616508996,137458326,kiangkai.naklang@lotuss.com
,66616527063,137498969,oanthicha.aiamboran@lotuss.com
,66616610931,137498786,tanadon.janpheuk@lotuss.com
,66616697444,137499009,supawadee.fredriksson@lotuss.com
,66616720493,137458609,nisachon.fakneap@lotuss.com
,66616728895,137499052,panisa.pookaew@lotuss.com
,66616823524,137499705,angkana.jumnong@lotuss.com
,66616964304,137499442,kritsana.pholyod@lotuss.com
,66617416961,137498856,nattarin.suksee@lotuss.com
,66617697033,137498467,piriya.koedmarerng@lotuss.com
,66617712885,137499544,junpen.phininok@lotuss.com
,66617961337,137369253,chanayut.jino@lotuss.com
,66618403372,137498674,ancharee.srithong@lotuss.com
,66618515702,137498338,janjira.otaso@lotuss.com
,66618542633,137499572,pawida.hongsa@lotuss.com
,66618614062,137459145,jannisa.khongyai@lotuss.com
,66618829947,137498937,navapraew.malila@lotuss.com
,66618935551,137499578,fhareda.winyaphrom@lotuss.com
,66618948079,137499486,wareerat.jaipan@lotuss.com
,66619209952,137498174,pattamaporn.trisarn@lotuss.com
,66619312299,137499580,wandee.sukkham@lotuss.com
,66619490097,137499677,anek.jantip@lotuss.com
,66619535147,137458245,phloipaka.chueapong@lotuss.com
,66619656732,137499006,araya.khiawon@lotuss.com
,66619903283,137459170,patsarapa.thasawai@lotuss.com
,66620016026,137458510,wilai.bunmee@lotuss.com
,66620503414,137499725,wansamon.kodsan@lotuss.com
,66620547941,137498709,nutcha.tohyale@lotuss.com
,66620634072,137498330,jakkarwut.awasri@lotuss.com
,66620678868,137459023,wanitchai.matthapan@lotuss.com
,66620712705,137499335,ratipong.kongkaew@lotuss.com
,66620819032,137499505,sutthida.chanthasaeng@lotuss.com
,66621029773,137498281,nipada.sangsit@lotuss.com
,66621055944,137458319,jirapan.phongsa@lotuss.com
,66621171047,137458270,chanakan.tapwaew@lotuss.com
,66621203980,137499401,natrudee.jansuk@lotuss.com
,66621264243,137498456,auttapong.katung@lotuss.com
,66621283429,137499309,naphatsanun.sriapai@lotuss.com
,66621324293,137458707,hyadrung.hoomoon@lotuss.com
,66621467590,137499669,supitcha.hiranchinnapak@lotuss.com
,66621610289,137499517,chanayutth.mahaman@lotuss.com
,66621616811,137498115,suriyaporn.mananglong@lotuss.com
,66621626995,137458821,anamika.kaskong@lotuss.com
,66621655807,137499060,yanee.rieanthong@lotuss.com
,66621864908,137498348,suchanan.khongbun@lotuss.com
,66621907617,137498542,nanthicha.phonlee@lotuss.com
,66622035437,137498409,ritthichai.boonparkob@lotuss.com
,66622138435,137499476,jiraporn.torahan@lotuss.com
,66622144064,137498376,chonnipa.mueangdee@lotuss.com
,66622216825,137458175,jutiporn.ngamsom@lotuss.com
,66622401899,137498364,padtama.noynakorn@lotuss.com
,66622524287,137458589,tanaporn.vatwong@lotuss.com
,66622531038,137499524,chalita.pladprak@lotuss.com
,66622533615,137499055,auraiwan.jukkaew@lotuss.com
,66622692102,137499797,mongkonchai.win@lotuss.com
,66622762498,137498819,thanada.chotkaew@lotuss.com
,66622806625,137458094,sirinthip.auifak@lotuss.com
,66623088258,137499178,supansa.marutrom@lotuss.com
,66623098440,137458915,kamonwan.thetchaem@lotuss.com
,66623259625,137498785,wisanu.oonkham@lotuss.com
,66623296854,137498412,jirayut.tanaram@lotuss.com
,66623357548,137458570,methida.saenlong@lotuss.com
,66623406931,137499181,chutima.phanphakdee@lotuss.com
,66623490483,137458535,phinit.wongsawai@lotuss.com
,66623520393,137499246,suphattra.khanthong@lotuss.com
,66623560755,137498734,prayun.chuengprasert@lotuss.com
,66623564148,137498794,sirirak.yanthaisong@lotuss.com
,66623578877,137459234,nantaporn.puntakun@lotuss.com
,66623625375,137458803,saiwaree.saisema@lotuss.com
,66623697162,137498339,phimprapha.sangthong@lotuss.com
,66623804141,137499240,rattana.wongkraso@lotuss.com
,66623831805,137499317,oranee.jahae@lotuss.com
,66623878702,137457992,daorueang.chaisingha@lotuss.com
,66623913510,137458269,natlatda.tairin@lotuss.com
,66623960665,137458869,phanthakan.molanin@lotuss.com
,66624047305,137459069,sumontha.kroosondee@lotuss.com
,66624074053,137458278,bunyaporn.thanasri@lotuss.com
,66624081277,137499302,seksan.promta@lotuss.com
,66624186338,137499425,arraya.yodsing@lotuss.com
,66624368202,137499152,supanan.sanitmoon@lotuss.com
,66624386140,137458585,songgran.chavdol@lotuss.com
,66624411721,137459222,manirat.khampira@lotuss.com
,66624878430,137458095,niphan.sridi@lotuss.com
,66624973411,137498720,pichittra.butla@lotuss.com
,66625154191,137498704,itthikorn.nimanong@lotuss.com
,66625261072,137499390,chonnipha.patsadon@lotuss.com
,66625262144,137499519,manunyada.phonlakhun@lotuss.com
,66625356434,137498466,ratree.kladpin@lotuss.com
,66625392665,137499146,meentra.tahin@lotuss.com
,66625411128,137498608,pornprapa.panpaew@lotuss.com
,66625475161,137498142,sutthita.thawee@lotuss.com
,66625492751,137499487,chonticha.baromram@lotuss.com
,66625514531,137498099,sureeporn.loppanya@lotuss.com
,66625542691,137498950,hathaichanok.smithsarakarn@lotuss.com
,66625625208,137499339,anoma.sukmangsa@lotuss.com
,66625748080,137498152,wasita.tusimma@lotuss.com
,66625751909,137498505,chonnikan.rueankham@lotuss.com
,66626087110,137458163,chumphol.yimyinde@lotuss.com
,66626093509,137458366,chaiya.chaithong@lotuss.com
,66626619984,137458949,sangduen.fiadkhunthod@lotuss.com
,66627120755,137499630,arthittaya.khamsa@lotuss.com
,66627199620,137458867,apiwat.dornphirom@lotuss.com
,66627472578,137498481,taninnut.seelalert@lotuss.com
,66627522002,137459020,witthawat.sriprajek@lotuss.com
,66627564229,137499308,natsuda.sotsen@lotuss.com
,66627700606,137498333,suphattra.rueanthong@lotuss.com
,66627766365,137498239,suwanan.jeewoen@lotuss.com
,66627848517,137459169,kanchana.katpramot@lotuss.com
,66627944055,137369226,waranya.fantul@lotuss.com
,66628016671,137498796,nawarat.srirat@lotuss.com
,66628065255,137459214,patcharapan.panasuto@lotuss.com
,66628161135,137458937,anuphong.hachok@lotuss.com
,66628169626,137490771,sutinant.permsup@lotuss.com
,66628269128,137498581,jiraporn.setploy@lotuss.com
,66628805932,137459274,nicha.pummark@lotuss.com
,66628906931,137498858,sukanya.suetong@lotuss.com
,66629213540,137499668,areerat.sompa@lotuss.com
,66629256515,137498593,worapoj.seangboonruang@lotuss.com
,66629317245,137499575,thanakorn.nopphakao@lotuss.com
,66629372517,137498397,paiwan.saphoncharoen@lotuss.com
,66629401438,137458053,sarika.thitlangka@lotuss.com
,66629492969,137498917,areeya.panbudda@lotuss.com
,66629627278,137459211,sarayoot.thonggen@lotuss.com
,66629655310,137499177,nakarin.sopha@lotuss.com
,66629696507,137458464,pallka.chuensanguan@lotuss.com
,66629815898,137458591,palita.berkbarn@lotuss.com
,66629834836,137498248,juthakarn.thogkam@lotuss.com
,66629947102,137458938,kanchana.mumuensri@lotuss.com
,66630084117,137498285,kittiya.isarasingchai@lotuss.com
,66630160691,137458219,wirannee.partomma@lotuss.com
,66630172495,137499761,thadilok.sawatdeeduang@lotuss.com
,66630186227,137498966,soraya.chumchai@lotuss.com
,66630250025,137459036,tamonwan.chuma@lotuss.com
,66630341394,137499257,sirimongkol.pangsawan@lotuss.com
,66630452384,137498199,orraya.donburan@lotuss.com
,66630650020,137498351,apichai.semmad@lotuss.com
,66630758897,137459104,sirikhwan.lartritpanyakool@lotuss.com
,66631135918,137369237,nattawut.saesao@lotuss.com
,66631474038,137498963,hathaichanok.daengnam@lotuss.com
,66631529746,137458356,nittaya.phuangkaeo@lotuss.com
,66631682813,137458731,pornphimon.aeamkachang@lotuss.com
,66631738681,137499132,rungarun.sucam@lotuss.com
,66631819212,137499122,sakda.suwanagood@lotuss.com
,66631911647,137498509,rudeekamol.sansiri@lotuss.com
,66631953305,137499762,nawin.pumarin@lotuss.com
,66632120236,137499380,prawit.jaidee@lotuss.com
,66632121505,137499126,lakkana.jaipuk@lotuss.com
,66632211402,137498385,sapaporn.wirattham@lotuss.com
,66632438447,137458922,kanyarat.somboon@lotuss.com
,66633210449,137498080,suriyan.phakdee@lotuss.com
,66633507716,137498811,wasana.wanlop@lotuss.com
,66633658941,137459177,utthapol.kaobang@lotuss.com
,66633707380,137498242,suchawadee.thongkhongouam@lotuss.com
,66633860638,137458995,suphon.chanthaloeng@lotuss.com
,66634058056,137499648,kitiya.sukpleum@lotuss.com
,66634127673,137498091,soranan.sakma@lotuss.com
,66634200334,137499174,maysa.plumarrom@lotuss.com
,66634205353,137499776,.6@lotuss.com
,66634210312,137499789,issarin.jumpapan@lotuss.com
,66634328708,137498418,nattapol.pramyoo@lotuss.com
,66634437912,137458166,phitchaya.thappharat@lotuss.com
,66634531781,137458471,massaya.kasa@lotuss.com
,66634616871,137499393,umaporn.nakwong@lotuss.com
,66634652199,137498748,jirapat.srinet@lotuss.com
,66634783300,137499108,mayura.yordtion@lotuss.com
,66634808376,137499746,kantamanee.maikaew@lotuss.com
,66635292303,137498097,siraprapa.chinnawong@lotuss.com
,66635368017,137499656,sunisa.sarathip@lotuss.com
,66635755786,137499659,datanan.jansing@lotuss.com
,66635906353,137458688,waraporn.konod@lotuss.com
,66636035603,137458813,chonthicha.ainthasing@lotuss.com
,66636676958,137499665,aitthiphon.singrat@lotuss.com
,66636691693,137499660,suphakon.krueahong@lotuss.com
,66636790381,137458760,ratchaneekorn.khongthong@lotuss.com
,66636844576,137458059,thanong.prawatsrichai@lotuss.com
,66637162533,137499062,pimjai.kota@lotuss.com
,66637198285,137498719,konkamon.phaengsaeng@lotuss.com
,66637242922,137458912,sirikhuan.butsarakum@lotuss.com
,66637294126,137498356,thitima.kombuakhot@lotuss.com
,66637699661,137498305,chompoo.phusathong@lotuss.com
,66637711716,137458010,napaporn.onsamang@lotuss.com
,66637726774,137499243,sarayut.polasaen@lotuss.com
,66637740642,137498753,nattakul.seesunti@lotuss.com
,66637942147,137459296,sirinya.saksut@lotuss.com
,66638130906,137499089,wanchaloem.yinmaroeng@lotuss.com
,66638200141,137458367,tippawan.khonpech@lotuss.com
,66638248640,137458045,suchao.raktrakun@lotuss.com
,66638385784,137458244,jiraporn.khuntifong@lotuss.com
,66638521982,137498290,wichitchai.kaeowiset@lotuss.com
,66638729726,137498605,jiratchayaphat.setkhuembong@lotuss.com
,66638823011,137498228,sumet.wuttichok@lotuss.com
,66638842918,137499010,adison.meephon@lotuss.com
,66638961963,137498422,phinanong.sukkasem@lotuss.com
,66639266865,137498629,duangporn.tengdee@lotuss.com
,66639271153,137498129,preeyaporn.chaimarong@lotuss.com
,66639354050,137499046,jirattikal.moolkrasae@lotuss.com
,66639376069,137459232,jaratphong.bunchuai@lotuss.com
,66639407306,137498224,namthip.saetie@lotuss.com
,66639537257,137498454,kanchana.veevasuku@lotuss.com
,66639675909,137498309,kritsada.jitdee@lotuss.com
,66639841761,137499131,eakkapong.naunhong@lotuss.com
,66639890045,137498844,jaturong.suriyo@lotuss.com
,66639945457,137498864,nattawut.yaipangkaew@lotuss.com
,66640045041,137499394,sujittra.chainin@lotuss.com
,66640068192,137499176,thitthaphon.wongwan@lotuss.com
,66640072234,137498113,waranya.inpan@lotuss.com
,66640081098,137499384,lgsana.wittayanan@lotuss.com
,66640166243,137499250,theerapong.sompoch@lotuss.com
,66640357973,137369260,panita.eaitkeaw@lotuss.com
,66640564754,137398370,nawin.phongsapol@lotuss.com
,66640635063,137498788,theerayut.saetan@lotuss.com
,66640704783,137490792,akekasak.somporn@lotuss.com
,66640734135,137499153,ausana.wongpu@lotuss.com
,66640757875,137498586,nattapat.ruchuworakijkul@lotuss.com
,66640800874,137458138,teerapong.chommontha@lotuss.com
,66640850581,137498583,natcha.chimnakpan@lotuss.com
,66640931036,137498824,sitthisak.srijuisai@lotuss.com
,66640956835,137498624,thirawat.yotwan@lotuss.com
,66641080112,137499577,suphattra.phoonsaeng@lotuss.com
,66641217575,137498349,natchaya.butsri@lotuss.com
,66641231681,137458222,worapol.chaiyaso@lotuss.com
,66641439442,137498787,charinee.maneewan@lotuss.com
,66641483339,137458165,jaruwan.mueangsri@lotuss.com
,66641500024,137458382,warisara.panutai@lotuss.com
,66641812521,137458775,yonlada.sunte@lotuss.com
,66641869818,137498615,karittha.janwiset@lotuss.com
,66641901718,137458443,teerachai.taeparak@lotuss.com
,66641901925,137499235,poemsak.benyamatr@lotuss.com
,66641936545,137499044,sumetee.naksuk@lotuss.com
,66642241396,137499283,thiraphong.pawaphuta@lotuss.com
,66642261198,137498545,angkana.injul@lotuss.com
,66642545925,137459147,wirakan.phimchai@lotuss.com
,66642567238,137398382,natthicha.bupphaklin@lotuss.com
,66642567238,137398398,mananchaya.phuangmalai@lotuss.com
,66642594141,137498278,suwit.aunseree@lotuss.com
,66642684030,137498303,poladach.muentae@lotuss.com
,66642742827,137458792,chirawadi.naprasom@lotuss.com
,66642861387,137459227,savittri.saedee@lotuss.com
,66642944936,137499501,natthida.kaewseekao@lotuss.com
,66643247294,137499303,onuma.tamseewan@lotuss.com
,66643450019,137458012,puthida.seesaeng@lotuss.com
,66644047673,137498972,sittichai.teerakhan@lotuss.com
,66644083572,137499481,tanyaporn.thongmee@lotuss.com
,66644183159,137499675,phonnaphat.suksomhan@lotuss.com
,66644201649,137498320,khwanhathai.jeamaae@lotuss.com
,66644298356,137458318,phonchita.saengkla@lotuss.com
,66644313250,137458257,sudtiporn.kaeosaart@lotuss.com
,66644377571,137498214,marisa.bunmakpan@lotuss.com
,66644466135,137499387,yutthapong.padeangchan@lotuss.com
,66644676348,137458892,pittatarat.munjai@lotuss.com
,66644701345,137499356,prasit.tafan@lotuss.com
,66644812721,137458951,siraphat.wattana@lotuss.com
,66644923680,137498647,bussaba.maomodi@lotuss.com
,66644975193,137458043,kirana.wichitchalothon@lotuss.com
,66645034215,137498371,sirima.intararak@lotuss.com
,66645090748,137458662,phichayanan.buanet@lotuss.com
,66645125435,137498722,saifon.saengyhong@lotuss.com
,66645341635,137498198,kunakron.charoenporn@lotuss.com
,66645544158,137498175,namthip.jantawee@lotuss.com
,66645592818,137459144,rattanaporn.jaiboon@lotuss.com
,66645595140,137458756,surawut.jaisaard@lotuss.com
,66645784045,137490793,thanakon.kruewan@lotuss.com
,66645792377,137458639,theeraphat.khuna@lotuss.com
,66645923568,137398380,araya.phumphukhiew@lotuss.com
,66645951020,137498747,kittiphan.kaiwiriya@lotuss.com
,66645980696,137498724,nattamon.pojad@lotuss.com
,66646538703,137499158,.12@lotuss.com
,66646545796,137498805,lalita.sombatsree@lotuss.com
,66646570627,137458032,rodsukhon.chanthaphuang@lotuss.com
,66646601075,137498378,panudeat.intanin@lotuss.com
,66646794738,137498548,benyapa.tasripho@lotuss.com
,66646913614,137458155,chiyanis.apilertruthsin@lotuss.com
,66647073442,137458834,juralak.ardjinda@lotuss.com
,66647422613,137498585,nikornsil.nachaisin@lotuss.com
,66647582134,137499306,tamonwan.kambua@lotuss.com
,66647582774,137458296,ailada.piamarun@lotuss.com
,66647612799,137499589,hatairat.hongprasert@lotuss.com
,66647855292,137369219,pantipa.sriphong@lotuss.com
,66647868768,137499708,surani.sonpichai@lotuss.com
,66647924894,137498453,chanuwat.munchaona@lotuss.com
,66647968413,137499661,anan.saisarai@lotuss.com
,66648074239,137498218,tipawan.plangsuk@lotuss.com
,66648239147,137499799,rungruedee.kamhan@lotuss.com
,66648291512,137499315,phichai.saramphakun@lotuss.com
,66648368831,137499716,kwanchit.srivongon@lotuss.com
,66648506254,137499379,sumalee.seebunthong@lotuss.com
,66648727623,137458392,watsana.khampapu@lotuss.com
,66648829875,137499464,katewade.meyen@lotuss.com
,66648916678,137499598,poramet.kawarkhard@lotuss.com
,66649153775,137499008,phimpakan.bunmecchay@lotuss.com
,66649201672,137369254,kanokrat.chantong@lotuss.com
,66649238862,137499535,aphisit.chanthasiri@lotuss.com
,66649409647,137499626,chutikan.khaocharoey@lotuss.com
,66649421001,137499719,nannapat.sirisung@lotuss.com
,66649439793,137498911,juthamas.waeosri@lotuss.com
,66649452616,137498249,wisit.puntachrat@lotuss.com
,66649481658,137499447,jirada.sornsakun@lotuss.com
,66649488690,137499224,arreerat.namprom@lotuss.com
,66649517859,137458950,tanakij.jansawang@lotuss.com
,66649650881,137498869,parinthon.thongsuk@lotuss.com
,66649671730,137498893,sudarat.phokat@lotuss.com
,66649689917,137458606,sutep.kolom@lotuss.com
,66649734003,137498499,wanwipa.rumaphan@lotuss.com
,66649757386,137458139,ratsuda.suwannarit@lotuss.com
,66649918984,137498210,pathareewan.rueangon@lotuss.com
,66649944269,137499592,tantikorn.teriyapirom@lotuss.com
,66649986956,137499426,wilasinee.chutaph@lotuss.com
,66650041711,137499784,nalini.sukcharoen@lotuss.com
,66650086356,137459048,pantawit.biadang@lotuss.com
,66650136676,137499327,oakkharaphon.sapcharoen@lotuss.com
,66650269070,137499121,somying.yotkiang@lotuss.com
,66650287124,137498695,kritsada.thipjanta@lotuss.com
,66650309099,137499405,kwanta.noiwaengphim@lotuss.com
,66650420555,137498891,wachira.prateepnathalang@lotuss.com
,66650658311,137458947,naruemon.jakchoom@lotuss.com
,66650869184,137458942,yuwathida.chirang@lotuss.com
,66650916458,137498485,pannipa.klaikratok@lotuss.com
,66651126942,137458543,naphatsikan.somsuai@lotuss.com
,66651238531,137499408,sirirat.saisisuk@lotuss.com
,66652159441,137498383,nattawut.phasana@lotuss.com
,66652698704,137459118,tiwakron.haemharn@lotuss.com
,66652941472,137458387,kannika.sungrung@lotuss.com
,66653010699,137498446,jiraphat.tesabamrung@lotuss.com
,66653252013,137498347,phonphan.chitsamak@lotuss.com
,66653278861,137498733,saytip.thongkon@lotuss.com
,66653410624,137498337,jakkapat.wongsing@lotuss.com
,66653434953,137499265,jureemas.kongtong@lotuss.com
,66653482859,137499529,sutida.hnukaw@lotuss.com
,66653495633,137498503,thanphisit.ruangkal@lotuss.com
,66653582120,137498158,somkiat.sanguansang@lotuss.com
,66654109975,137490760,oakkarasil.jiamsan@lotuss.com
,66654422395,137498611,tinnarat.tatdee@lotuss.com
,66654692376,137458812,arthitiya.pimpasang@lotuss.com
,66654851298,137498184,tatsaneeya.watcharachaiyakun@lotuss.com
,66654978938,137499227,sasiprapha.saechang@lotuss.com
,66655403550,137499653,piseksak.jaikaew@lotuss.com
,66655460326,137498413,netnarong.panyo@lotuss.com
,66655608018,137498284,teeratada.ayasanonth@lotuss.com
,66655781479,137499211,chayuda.semmad@lotuss.com
,66655789413,137499365,wananya.chaipanha@lotuss.com
,66655795067,137499689,naruephon.cahitawach@lotuss.com
,66655876903,137458475,tanjira.thanyacharoen@lotuss.com
,66655891489,137499078,panuwat.patitang@lotuss.com
,66655919641,137499403,junjira.promkaew@lotuss.com
,66655945380,137498627,.8@lotuss.com
,66655985121,137458671,waraporn.srimanee@lotuss.com
,66656134239,137459318,tikhumporn.phangphairee@lotuss.com
,66656280381,137458789,weerapong.saelee@lotuss.com
,66656286491,137458918,irada.naksep@lotuss.com
,66656348584,137498976,somporn.kumnon@lotuss.com
,66656496187,137498344,kajbundit.komkham@lotuss.com
,66656534636,137499299,pattharawadee.supuon@lotuss.com
,66656580211,137398419,rossrin.jaroensaiung@lotuss.com
,66656714695,137459017,tada.intasin@lotuss.com
,66656730868,137499721,munlika.katphasuk@lotuss.com
,66656877060,137458105,orwan.mungkot@lotuss.com
,66656892934,137498361,pornnapha.thayat@lotuss.com
,66657072037,137459292,manop.buapuet@lotuss.com
,66657142765,137498875,pongpana.torkhum@lotuss.com
,66657252323,137458870,janjira.charam@lotuss.com
,66657419150,137498163,chutipon.sripaisarn@lotuss.com
,66657567219,137498708,chatchai.banglap@lotuss.com
,66657616979,137458532,chotika.khamma@lotuss.com
,66657788758,137498226,patcharanat.thippanya@lotuss.com
,66658124105,137498452,chananya.thimsathian@lotuss.com
,66658469747,137499732,taksing.sompakdee@lotuss.com
,66658483043,137499540,pantiya.yuttawong@lotuss.com
,66658509907,137459243,chaiyaporn.daengsawang@lotuss.com
,66658700989,137498157,bussarakam.wasuwat@lotuss.com
,66658842707,137458544,bingziong.chin@lotuss.com
,66659264629,137498628,pathitta.chitcharoen@lotuss.com
,66659353540,137498395,pudtipong.phewphan@lotuss.com
,66659597157,137499372,wisanu.sarajan@lotuss.com
,66660015239,137499507,wichit.phosang@lotuss.com
,66660128272,137459179,kittipong.sawannapong@lotuss.com
,66660452650,137499494,wachcharaphol.nitayasorn@lotuss.com
,66660769244,137458806,chaiyawut.loiha@lotuss.com
,66660818678,137458646,jirada.hongsa@lotuss.com
,66661016381,137498310,somkid.ritchamnong@lotuss.com
,66661120436,137498332,kittiya.jainam@lotuss.com
,66800153054,137499249,supawadee.kongburee@lotuss.com
,66800295669,137498304,onpreeya.wongho@lotuss.com
,66800422449,137498929,atitaya.kammee@lotuss.com
,66800439005,137498877,archa.sukhonta@lotuss.com
,66800504514,137498561,krittanachok.tomuang@lotuss.com
,66800594312,137498730,phonphimon.yuangket@lotuss.com
,66800608016,137499595,sirintra.onnoom@lotuss.com
,66800709095,137498546,pornthip.konwongpuang@lotuss.com
,66800800636,137499791,pongpapas.srivanich@lotuss.com
,66801043670,137499083,piyanuch.jitphilai@lotuss.com
,66801656832,137499610,pritsana.songmueang@lotuss.com
,66801691817,137458935,wanree.singtukaew@lotuss.com
,66802293566,137499796,chirarat.witthayaphan@lotuss.com
,66802369697,137498493,chanchon.mahamadsorlae@lotuss.com
,66802429120,137499795,chanathip.saiphanit@lotuss.com
,66802587508,137499182,pansa.suwanna@lotuss.com
,66802817256,137498845,ekarat.srisongram@lotuss.com
,66802823767,137458796,tawanrung.kongsamlee@lotuss.com
,66802869434,137498492,kannika.khomaram@lotuss.com
,66803014127,137498173,waranya.chanduangderm@lotuss.com
,66803052425,137498866,.13@lotuss.com
,66803907142,137498476,montiwa.chanprom@lotuss.com
,66803924707,137458577,thanakon.duangkham@lotuss.com
,66803959725,137499273,sumitta.tabkamkaew@lotuss.com
,66803964389,137498838,supavit.aimchit@lotuss.com
,66804084195,137498104,wilawan.pansuk@lotuss.com
,66804781721,137458730,jiraporn.saisopha@lotuss.com
,66805165083,137499504,suwaraporn.samkaew@lotuss.com
,66805536303,137499576,tamolwan.moonmanee@lotuss.com
,66805729094,137499293,ampaporn.grasato@lotuss.com
,66805857431,137459021,jarunipha.janhom@lotuss.com
,66805932643,137458491,noosara.umpawan@lotuss.com
,66805948441,137499128,chopaka.mitunawong@lotuss.com
,66806409565,137458394,kongkaew.boonpama@lotuss.com
,66806410045,137458996,thawachai.tonwoot@lotuss.com
,66806569625,137398377,ronnachai.wanta@lotuss.com
,66806592357,137498938,sukitta.soanut@lotuss.com
,66806597165,137498601,jirarat.yodkeaw@lotuss.com
,66806719517,137490775,pongsakorn.klakhetkan@lotuss.com
,66806768021,137458373,aekkarat.katoo@lotuss.com
,66806876848,137498449,wasin.wisittrakul@lotuss.com
,66807502167,137499173,saran.singmon@lotuss.com
,66807685553,137499103,panadda.chansome@lotuss.com
,66807719012,137499621,wanlapa.pongchawee@lotuss.com
,66808139885,137498213,nittaya.chomchuen@lotuss.com
,66808438378,137499331,thaksin.donbandit@lotuss.com
,66808717861,137458200,orawan.kupanlam@lotuss.com
,66809161637,137499114,prariya.bunmo@lotuss.com
,66809297536,137498096,piyarat.chitphonphanaphai@lotuss.com
,66809393758,137499709,chitsanupong.piladee@lotuss.com
,66809515735,137499151,natthapol.angsuchanon@lotuss.com
,66809570023,137499591,parichat.tabtim@lotuss.com
,66809574154,137499367,chotipit.jantanatanabordee@lotuss.com
,66809580810,137499771,narisara.liamklang@lotuss.com
,66809710321,137459188,kaiwit.lertsathapornsuk@lotuss.com
,66809791201,137498540,janjira.jantharang@lotuss.com
,66809797329,137499040,jarinya.ruenarom@lotuss.com
,66809816912,137498260,penporn.boonnak@lotuss.com
,66809926199,137498100,supatchar.chainat@lotuss.com
,66810119215,137458584,chirawan.kaeobuadi@lotuss.com
,66810369506,137499773,titirat.ladpee@lotuss.com
,66811075274,137498415,nipawan.sukkasamkunchai@lotuss.com
,66811370141,137499205,suthiphon.thanomsri@lotuss.com
,66811488377,137498386,theerachai.tubdee@lotuss.com
,66811792093,137498835,siripen.thongban@lotuss.com
,66812460226,137499760,amorn.wangviman@lotuss.com
,66812505419,137498202,ronnachai.nakprasert@lotuss.com
,66812514267,137498469,nuttarika.kaewmanee@lotuss.com
,66813080121,137499525,ronnachai.namwong@lotuss.com
,66814078051,137459226,kitdanai.sriwarathananun@lotuss.com
,66814312764,137498082,russ.padmasankha@lotuss.com
,66814360367,137369211,sorawit.monwisai@lotuss.com
,66814955549,137499034,napassanan.sirichai@lotuss.com
,66815415945,137498565,onnicha.prombut@lotuss.com
,66815904547,137458241,piyawan.priabmuai@lotuss.com
,66815971111,137499530,kittikarn.damrongkulwatthana@lotuss.com
,66816150543,137497278,pattana.prongen@lotuss.com
,66816195417,137458979,jaroenporn.rueanmun@lotuss.com
,66816699393,137499359,julaluk.maikua@lotuss.com
,66816834342,137499411,nattapat.kaloonlunjakorn@lotuss.com
,66816838690,137499329,nucharee.phoolprasat@lotuss.com
,66817140041,137459330,arrirat.morasin@lotuss.com
,66817936824,137498780,prima.padta@lotuss.com
,66818881422,137498220,duangcheewan.janta@lotuss.com
,66819207586,137490767,nattaphong.chuenjaichum@lotuss.com
,66819505392,137499288,penpak.khutsiri@lotuss.com
,66819829553,137499437,dawcharat.kumnen@lotuss.com
,66820024137,137459094,phobpha.dunyaphat@lotuss.com
,66820096047,137498993,aiyakarn.oykae@lotuss.com
,66820454332,137369224,wadsana.pungkaew@lotuss.com
,66820562633,137498912,ployphilin.junpik@lotuss.com
,66820864461,137498831,ratri.moonsood@lotuss.com
,66821433803,137459012,tadsawat.sairnkhaiw@lotuss.com
,66821902574,137499355,siriporn.thongkhamfoo@lotuss.com
,66822256176,137498128,thanchanok.phadwang@lotuss.com
,66822276671,137498232,wipada.yooui@lotuss.com
,66822303604,137459091,wilai.chumnikai@lotuss.com
,66822471920,137498793,ketsadapron.laksap@lotuss.com
,66822540970,137498633,narinwipa.ritmaha@lotuss.com
,66822625380,137499616,museen.jaymu@lotuss.com
,66822954550,137499458,pawida.phukam@lotuss.com
,66823003473,137498204,apisit.buayen@lotuss.com
,66823150018,137498417,taktanawat.tantima@lotuss.com
,66823244996,137498384,panunsiya.apitummongkol@lotuss.com
,66823508949,137398417,chatporn.singkhon@lotuss.com
,66823713490,137499563,.5@lotuss.com
,66823721306,137458641,piyaphong.bunrueang@lotuss.com
,66823961449,137459316,kanchana.krasang@lotuss.com
,66824077028,137498712,sammueang.ssmmueang@lotuss.com
,66824262797,137459129,krongkan.hnoowong@lotuss.com
,66824320537,137499559,kittiyaporn.tongta@lotuss.com
,66824514257,137458184,nontacha.srirasa@lotuss.com
,66824533577,137498578,chatphon.nuntavanotayan@lotuss.com
,66824762889,137458817,duangruethai.apaipakdee@lotuss.com
,66824763201,137459268,chittraphon.worakhanthak@lotuss.com
,66824945453,137498217,thitiwat.kongthong@lotuss.com
,66824955823,137499139,saraya.kankaew@lotuss.com
,66825072375,137499581,sorachat.phongpanya@lotuss.com
,66825271453,137499579,supaluk.puagsiangsa@lotuss.com
,66825733244,137459119,phimabsorn.sripiawthai@lotuss.com
,66825739204,137498729,jirawan.nutadee@lotuss.com
,66825748643,137459223,charat.pipatpollakai@lotuss.com
,66825758182,137499793,tunlaya.thongkaew@lotuss.com
,66825909318,137499368,natcha.foytong@lotuss.com
,66825980586,137498318,wiyada.khemkhang@lotuss.com
,66826122343,137490772,sudarat.paengprom@lotuss.com
,66826219387,137499092,pimjai.phoungpho@lotuss.com
,66826258794,137499556,ariya.phanyasri@lotuss.com
,66826294544,137499450,piyawan.sookjindathong@lotuss.com
,66826435115,137458054,natthapon.limpanaanankul@lotuss.com
,66826536789,137499620,jirakit.siripromsombut@lotuss.com
,66826636747,137498638,supaporn.chaingam@lotuss.com
,66826735427,137499455,kanokratr.pakdeewong@lotuss.com
,66826813091,137498634,kittisak.tongdee@lotuss.com
,66827209412,137498860,khampa.laopho@lotuss.com
,66827773444,137458104,suriyan.panthuree@lotuss.com
,66828283935,137499230,rewadee.deerai@lotuss.com
,66828299950,137499766,nattapon.srikantamas@lotuss.com
,66828454318,137498774,pirunrat.buaprom@lotuss.com
,66828639958,137499104,phakhin.bangadsaroh@lotuss.com
,66828754616,137499223,papitchaya.kaewlee@lotuss.com
,66828768489,137499313,watcharaporn.ketcharoenkhun@lotuss.com
,66828926377,137458572,arisa.chaibamrung@lotuss.com
,66828930897,137498093,raweewanp.phetrattanakool@lotuss.com
,66829073764,137498931,.15@lotuss.com
,66829283520,137498482,orrawan.wannakanok@lotuss.com
,66829542904,137498237,sarawut.usoh@lotuss.com
,66829599848,137498637,anocha.phakkaeo@lotuss.com
,66829620643,137459168,natthawat.jaroenkittisakul@lotuss.com
,66829679486,137498882,somying.pormin@lotuss.com
,66829680016,137499676,jetnipat.laksanaseesuk@lotuss.com
,66829927942,137498250,praweena.somsri@lotuss.com
,66829937312,137499786,chanyapeth.pethsit@lotuss.com
,66830086607,137498162,sukanya.sanerjai@lotuss.com
,66830136540,137498661,thaksin.sriyot@lotuss.com
,66830293954,137498711,saman.muncharoean@lotuss.com
,66830324826,137498468,onuma.tasamrong@lotuss.com
,66830779401,137499509,jirayu.jaikla@lotuss.com
,66830837441,137498236,kannika.tikonburee@lotuss.com
,66830950709,137498789,thanakrit.ouanfai@lotuss.com
,66831745488,137369259,marlon.maning@lotuss.com
,66832066474,137498570,kanjanaporn.samorkhaeng@lotuss.com
,66832183849,137459011,niphaphon.sotthithawon@lotuss.com
,66832247642,137499767,wanvisa.kongsabut@lotuss.com
,66832723504,137498483,kanokpun.ueataya@lotuss.com
,66832757851,137498329,aekkaphon.ropwanabanphot@lotuss.com
,66834095950,137498283,thanatchai.bubpametanang@lotuss.com
,66834205343,137498419,amphol.lertpattanakool@lotuss.com
,66834415162,137499238,patarawadee.phioon@lotuss.com
,66834508195,137458369,jittiphoom.roungpeng@lotuss.com
,66835130358,137459068,arkhom.choksrirat@lotuss.com
,66835266224,137458835,sunan.thomya@lotuss.com
,66835304998,137499603,adisak.koonwan@lotuss.com
,66835380670,137499395,anchulee.sangsiri@lotuss.com
,66836223684,137459042,chanakan.duangphaket@lotuss.com
,66837169545,137498949,poomipat.rattana@lotuss.com
,66837590456,137498677,renuka.jeenpracha@lotuss.com
,66837600101,137499495,natthawut.pornjaksawan@lotuss.com
,66837764872,137458926,pitchayapoom.krapho@lotuss.com
,66837814859,137499275,chamaiporn.choochoung@lotuss.com
,66838051049,137458405,pongnarin.santreepech@lotuss.com
,66838070967,137499497,junjira.kobuttree@lotuss.com
,66838101159,137498507,vachira.poolthawee@lotuss.com
,66838121853,137498192,bhuritt.kidsaard@lotuss.com
,66838174108,137459097,vasinee.loedsanoi@lotuss.com
,66838380840,137498269,paroha.mama@lotuss.com
,66838603429,137459067,oraya.simlek@lotuss.com
,66838896265,137498751,nivat.uzob@lotuss.com
,66838957735,137369236,krittapott.ratpinit@lotuss.com
,66839014139,137499536,kamonpan.aemsaart@lotuss.com
,66839319946,137499106,supitchaya.wamasing@lotuss.com
,66839439246,137458136,puangphaka.santanatho@lotuss.com
,66839645061,137499637,duangchan.saelao@lotuss.com
,66840047580,137458822,ketsaraporn.muangkhot@lotuss.com
,66840067399,137369241,banjong.chaiupala@lotuss.com
,66840267230,137499004,sarawut.kruthin@lotuss.com
,66840469294,137498382,pechlada.phankhaw@lotuss.com
,66840603093,137458755,khomsan.tiabphet@lotuss.com
,66840605191,137499711,nichapat.kaewsri@lotuss.com
,66840608034,137498723,pasika.seesunti@lotuss.com
,66840653513,137499511,phonprasert.khopermklang@lotuss.com
,66840790324,137458425,thairuesin.chinsoi@lotuss.com
,66840858840,137499349,natthatip.khamkun@lotuss.com
,66840953329,137499666,latdawan.bunkhong@lotuss.com
,66841142350,137498244,praphat.phairot@lotuss.com
,66841287454,137369214,pheeraphat.mahayod@lotuss.com
,66841355373,137499644,panatda.pannoppa@lotuss.com
,66841378573,137459121,natthaporn.lakhwa@lotuss.com
,66841434063,137499117,sukkasem.seenuan@lotuss.com
,66841654941,137498952,ruathaithip.thongtha@lotuss.com
,66841757408,137498532,waratchada.wongauttha@lotuss.com
,66841933293,137458461,thitaporn.khiawchaaum@lotuss.com
,66842296115,137498215,wipha.sangthong@lotuss.com
,66842451480,137490762,sathit.yangcharoen@lotuss.com
,66842483938,137498489,thapatthanat.pomsawang@lotuss.com
,66842484038,137499539,chanchai.khankhokkruad@lotuss.com
,66842632040,137499742,nattakarn.dangprasit@lotuss.com
,66843109782,137458110,supaluk.johnhomhao@lotuss.com
,66843219626,137498077,supitcha.wongphasuksathaporn@lotuss.com
,66843247114,137458371,supawadee.laosri@lotuss.com
,66843548543,137369201,phonchita.lapkunthod@lotuss.com
,66844518146,137498450,siriwan.srathongnuan@lotuss.com
,66845178316,137499642,benjawan.panyafoo@lotuss.com
,66845385597,137499548,waraporn.poldongnok@lotuss.com
,66847261450,137499737,sukran.meeploy@lotuss.com
,66847851502,137498905,aljira.muangsrijun@lotuss.com
,66848232472,137458422,wanpen.saiangam@lotuss.com
,66848985271,137459029,kasarudapron.promsri@lotuss.com
,66848992487,137499454,sunaree.mungkara@lotuss.com
,66849365692,137459200,panyaporn.choodam@lotuss.com
,66850430592,137498641,ratipong.srisompod@lotuss.com
,66850575067,137498421,pawaris.phetcharat@lotuss.com
,66850670298,137499755,pattaraton.tongpon@lotuss.com
,66850750404,137459142,natcha.thapthong@lotuss.com
,66851264466,137458260,phattawut.sungkhawat@lotuss.com
,66851414740,137498090,thitaporn.sangthong1@lotuss.com
,66851510448,137498790,panthep.senjantichai@lotuss.com
,66851659230,137498604,supansa.yamee@lotuss.com
,66852296562,137499259,tanawat.tuyairam@lotuss.com
,66853585635,137498287,mitraporn.mousetung@lotuss.com
,66853876175,137499242,chalida.khantichanabancha@lotuss.com
,66854195060,137498105,natthaphong.somnuek@lotuss.com
,66855174660,137458121,pornthip.baothiang@lotuss.com
,66855185519,137398393,anutida.khongkhrai@lotuss.com
,66855245421,137458517,yafad.nanga@lotuss.com
,66855250076,137458459,phongthakon.worathongchai@lotuss.com
,66855359732,137498731,santisuk.somasri@lotuss.com
,66855434286,137458424,thunyaporn.singnoi@lotuss.com
,66855648574,137458153,yuthida.yothajan@lotuss.com
,66855730067,137498510,voravit.yadkhan@lotuss.com
,66855790375,137458831,suriya.pannakam@lotuss.com
,66855803114,137458129,sureerat.thisawat@lotuss.com
,66855842374,137369261,orakan.yoowittaya@lotuss.com
,66856392869,137369238,thanyaporn.hatsadee@lotuss.com
,66856432171,137458457,pichai.sriloontong@lotuss.com
,66858008235,137498410,chaiwat.boonchotikul@lotuss.com
,66858522039,137499438,tharathorn.tharakultip@lotuss.com
,66858715462,137498520,atiphong.iusakun@lotuss.com
,66859466916,137499090,kanit.munkongdee@lotuss.com
,66859596314,137499041,dech.lertpakornchai@lotuss.com
,66860490492,137498087,watit.mekjarassang1@lotuss.com
,66862683266,137458686,tunyawarat.nookaew@lotuss.com
,66863037112,137458861,chanipa.wannakrue@lotuss.com
,66863219376,137498681,suwanna.wapeesa@lotuss.com
,66863273781,137458248,thitirat.phettool@lotuss.com
,66863276150,137499013,pasita.phonphai@lotuss.com
,66864432756,137499398,orannong.wannanorng@lotuss.com
,66864927703,137458455,naowarat.saeyang@lotuss.com
,66864951764,137498919,wilaiwan.kongphan@lotuss.com
,66866001932,137499357,natthaphong.somnuek1@lotuss.com
,66866038868,137498791,jirawat.khanbanjong@lotuss.com
,66866745482,137499682,tanapat.kongmuang@lotuss.com
,66868162031,137498164,pasit.benjakul@lotuss.com
,66868315635,137499749,chayut.hongkhonkaen@lotuss.com
,66868846859,137498544,jutharat.kaewklang@lotuss.com
,66869370180,137498098,methee.thesalo@lotuss.com
,66870696803,137459246,anootsara.phalichai@lotuss.com
,66871517630,137499053,suna.puttimano@lotuss.com
,66871602728,137498243,supatta.thongkaow@lotuss.com
,66872644275,137499112,araya.iamkamlarg@lotuss.com
,66873274083,137498964,piroon.bunrat@lotuss.com
,66873564244,137499294,thidarat.srithongtae@lotuss.com
,66873587084,137499654,khunakorn.treekhanokwittaya@lotuss.com
,66874349844,137498622,thitima.lasud@lotuss.com
,66874523157,137499704,priyaporn.tanrungcharoen@lotuss.com
,66874969742,137499373,awirut.chatreewong@lotuss.com
,66875117434,137498430,somchai.supappan@lotuss.com
,66875232116,137499792,kanlaya.chomson@lotuss.com
,66877650200,137499056,yanee.kanaboot@lotuss.com
,66877666269,137498233,maratee.boonla@lotuss.com
,66877673738,137498914,kuakul.thiamthanom@lotuss.com
,66877904527,137458791,rosamon.chimwiset@lotuss.com
,66878992897,137498293,jureerat.naowakul@lotuss.com
,66880202866,137499628,anuma.srismut@lotuss.com
,66880600406,137459166,nuparat.saennava@lotuss.com
,66881429955,137498635,pimpilai.singmee@lotuss.com
,66882054803,137499798,watanyou.daengmo@lotuss.com
,66882247617,137499164,ladawan.thongkiao@lotuss.com
,66882439633,137458830,kaewmanee.wongphinit@lotuss.com
,66882485509,137498324,duangchai.tangcharucharee@lotuss.com
,66882823961,137498580,saifa.buesee@lotuss.com
,66882934091,137499718,niramon.puncharoen@lotuss.com
,66882983794,137498203,sittichok.wannapasert@lotuss.com
,66883731189,137458294,thantawan.sukcharoen@lotuss.com
,66886208391,137458444,daranee.jasangun@lotuss.com
,66886890926,137498539,aphiruck.jiranitirut@lotuss.com
,66886977403,137499475,cholthicha.boonmee@lotuss.com
,66887014853,137499213,issawa.boontam@lotuss.com
,66887222062,137498989,jirayut.panya@lotuss.com
,66887998597,137499632,waehasanah.rosado@lotuss.com
,66888069545,137498180,pattawara.doungkaew@lotuss.com
,66888605155,137499163,kanya.changyao@lotuss.com
,66888946595,137498272,kunlasatri.khunnuch@lotuss.com
,66889239456,137498354,nattakamon.ruksamart@lotuss.com
,66889304202,137458489,panadda.wanchaaem@lotuss.com
,66889308192,137498978,anuwat.plengsanthia@lotuss.com
,66889526727,137458783,rungnapa.pakhuntod@lotuss.com
,66889538797,137458293,yapaporn.merdnok@lotuss.com
,66889712448,137458055,nungratai.phunprasert@lotuss.com
,66889730461,137498441,supansa.gaewpipop@lotuss.com
,66890046458,137498599,kamolthip.janput@lotuss.com
,66890618517,137458261,rittikiat.moophung@lotuss.com
,66890704817,137458178,sub.ltharun@lotuss.com
,66891619055,137499024,urit.nuchuchua@lotuss.com
,66892228280,137498345,rujirada.supsinyothin@lotuss.com
,66892239581,137459198,yutana.panbun@lotuss.com
,66892344344,137498341,weerayut.madgasa@lotuss.com
,66893186071,137458320,phitsanuwat.artyut@lotuss.com
,66893973968,137499054,veerasak.kaiubol@lotuss.com
,66894099889,137499468,phirankhridth.dejchotpisitt@lotuss.com
,66894488924,137499389,jurarat.pakito@lotuss.com
,66896043145,137498742,witsanukorn.kumhom@lotuss.com
,66896263692,137499602,amornporn.santitanon@lotuss.com
,66896798856,137498669,sarayut.jarernyos@lotuss.com
,66897397052,137498861,siwanee.suwanno@lotuss.com
,66897603634,137499420,naphat.nilvarat@lotuss.com
,66897853844,137498630,keerati.saleethong@lotuss.com
,66897919950,137398401,aurisara.rujisart@lotuss.com
,66898746551,137499100,arthit.kaewjumrus@lotuss.com
,66899015545,137498323,wannakan.wimonrangkharat@lotuss.com
,66899128796,137398400,sukkarin.kunthian@lotuss.com
,66899627844,137498092,kitsana.muangnamngoen@lotuss.com
,66899676139,137499118,vasita.suriyamart@lotuss.com
,66900136739,137499775,kanyanat.siphan@lotuss.com
,66900369496,137498334,emwalee.kaewbutdee@lotuss.com
,66900498825,137458888,napaporn.kanthakhiaw@lotuss.com
,66901028940,137499183,nattapong.poonsuk@lotuss.com
,66901032304,137498841,kittitat.virunsunthornkul@lotuss.com
,66901290662,137498229,tawan.bampenthan@lotuss.com
,66902273967,137499623,paphatson.konkham@lotuss.com
,66902278378,137498623,rungtiwa.chaisura@lotuss.com
,66902343644,137499564,.7@lotuss.com
,66902430041,137499508,panita.siripornnarachaseema@lotuss.com
,66902527275,137398367,siriwimon.kaowloun@lotuss.com
,66902576789,137499551,benyapa.boonpan@lotuss.com
,66902724589,137458908,jakgrit.chantong@lotuss.com
,66902757631,137498612,sirilak.nontasak@lotuss.com
,66902835060,137498480,pimonwan.dangbubpar@lotuss.com
,66902842950,137499094,thaweechok.rattana@lotuss.com
,66902875913,137498602,wantip.hariwanlle@lotuss.com
,66903316102,137499272,suthathip.thatsa@lotuss.com
,66903322607,137458363,gingkaew.saeyang@lotuss.com
,66903480497,137498645,sorawit.thaitae@lotuss.com
,66906131337,137499251,wasinee.faksorn@lotuss.com
,66906625566,137498853,sarinpus.visittananon@lotuss.com
,66907271824,137499688,tanyanuch.kiattisuk@lotuss.com
,66907749639,137498502,sathit.suriyawong1@lotuss.com
,66907948112,137498190,rodsalin.siri@lotuss.com
,66908916305,137499588,nattawut.kaeowong@lotuss.com
,66908931702,137369225,kitti.netsomboon@lotuss.com
,66908988570,137459201,sawit.taengpadung@lotuss.com
,66909183150,137459028,kodchakon.saphayat@lotuss.com
,66909514143,137458427,sirintip.onkaew@lotuss.com
,66909529636,137458154,chadchapon.srirasa@lotuss.com
,66909595010,137458329,rukchanok.piromnud@lotuss.com
,66909631585,137498795,nava.rodchuto@lotuss.com
,66909676835,137458998,jukkarin.kumjuntra@lotuss.com
,66909708184,137498951,piyaphon.chanachai@lotuss.com
,66909730797,137498846,kanyarat.soisen@lotuss.com
,66909782610,137498968,chattrarat.siriwanich@lotuss.com
,66909866204,137498504,surasak.krasaethep@lotuss.com
,66909905593,137499030,butsatri.matnok@lotuss.com
,66910031415,137499510,duangporn.suttaram@lotuss.com
,66910156632,137498189,atsaranupat.srisaeng@lotuss.com
,66910435074,137499195,natthika.buathong@lotuss.com
,66910612257,137458271,phatcharaphon.napangcaboot@lotuss.com
,66910647738,137499667,phakhanan.somsawat@lotuss.com
,66911574780,137498379,sornram.yoikeaw@lotuss.com
,66914536497,137498549,nonthicha.muangkam@lotuss.com
,66915536512,137458757,jeerasak.somjai@lotuss.com
,66915546661,137499633,sirawit.suksanguan@lotuss.com
,66916835221,137499452,rungrut.jaihan@lotuss.com
,66916920824,137499779,pawita.chatsupang@lotuss.com
,66917030145,137458385,puttarapon.phimchai@lotuss.com
,66917084797,137498881,kittinan.panmonta@lotuss.com
,66917125013,137499328,tanin.atsawathaweebun@lotuss.com
,66917478349,137458579,suwarin.thongphun@lotuss.com
,66917602829,137499713,apisit.tising@lotuss.com
,66917627789,137459236,boonyarit.feungauksorn@lotuss.com
,66917636435,137498146,panuwat.nounoon@lotuss.com
,66917654191,137498849,duangruethai.thongsatit@lotuss.com
,66917658857,137459282,kritsada.rammanakajja@lotuss.com
,66917672675,137458327,mullika.porkha@lotuss.com
,66917684189,137498715,warunee.tanoddong@lotuss.com
,66917712753,137499179,sivakorn.tinkanon@lotuss.com
,66917756267,137498432,tharirat.wetchakan@lotuss.com
,66917759625,137498534,napaporn.sangsiri@lotuss.com
,66917766290,137499254,maneerat.marat@lotuss.com
,66917813365,137458776,manlika.inthapan@lotuss.com
,66917845204,137499316,patcharaporn.kansup@lotuss.com
,66917959387,137369213,patcharapa.yalert@lotuss.com
,66918104341,137499366,witthaya.khamsom@lotuss.com
,66918242026,137498276,nikorn.khwanchuai@lotuss.com
,66918267997,137498680,naparat.bualuang@lotuss.com
,66918294091,137498646,onparinya.seesad@lotuss.com
,66918368876,137458014,jirasuta.pomchiangphang@lotuss.com
,66918488087,137499081,kittipun.jongjairak@lotuss.com
,66918531921,137498118,jirayut.panya1@lotuss.com
,66918577627,137459283,sirirat.chanma@lotuss.com
,66918623885,137498106,thitichaya.suepsoda@lotuss.com
,66918691414,137499717,inthat.ngamwilai@lotuss.com
,66918755984,137499674,punnawit.phumkhokrak@lotuss.com
,66918812819,137459180,phawinee.wongtaprom@lotuss.com
,66918836148,137459109,pailin.watcharosin@lotuss.com
,66920894555,137498496,kananek.boonchoei@lotuss.com
,66921053530,137498598,chayanon.jinnasa@lotuss.com
,66922273741,137498256,jessada.thirachapannawat@lotuss.com
,66922431453,137498438,thirasak.thongthai@lotuss.com
,66922452227,137498196,anongnat.somarsa@lotuss.com
,66922533157,137458856,jiraprapa.somboon@lotuss.com
,66922577933,137498727,chaninan.pearnthaisong@lotuss.com
,66922718687,137498484,chalong.chalasai@lotuss.com
,66922742276,137498464,vichit.puedindip@lotuss.com
,66922958065,137458790,khiofa.namsuwan@lotuss.com
,66922994196,137458673,patcharapon.janntwong@lotuss.com
,66923210956,137498710,patcharapa.namwong@lotuss.com
,66923213870,137498374,mongkon.nantasaeng@lotuss.com
,66923306271,137498701,anchulee.saepung@lotuss.com
,66923452420,137499723,saharat.phaisan@lotuss.com
,66923491690,137498766,ananya.seethong@lotuss.com
,66923527417,137458353,thachatchaya.kampam@lotuss.com
,66923534500,137498159,kanokwan.kanchaiwong@lotuss.com
,66923537930,137498560,wipakorn.wongduean@lotuss.com
,66923569511,137499005,litthirong.yuenram@lotuss.com
,66923760119,137499320,kwanjira.plueangjaroen@lotuss.com
,66923799362,137499334,sainamthip.buthong@lotuss.com
,66923893946,137498390,suttida.thanaphanpong@lotuss.com
,66923935996,137498979,aree.namtip@lotuss.com
,66924029116,137498707,pantiwa.jaritram@lotuss.com
,66924091350,137499782,pinyaphat.ariyatantakorn@lotuss.com
,66924147478,137498211,jarunee.saowarot@lotuss.com
,66924158550,137498983,peerapob.poldongnok@lotuss.com
,66924199336,137498533,anyarat.bussaborn@lotuss.com
,66924323745,137499400,phattaraporn.chanhom@lotuss.com
,66924395690,137459221,chaithong.wanti@lotuss.com
,66924573513,137499232,thanaphon.roekchai@lotuss.com
,66924584660,137458355,nanthaya.koprungphiphat@lotuss.com
,66924603301,137498447,nattaporn.pussana@lotuss.com
,66924648086,137498411,nantapong.chuanram@lotuss.com
,66924688424,137459010,athittaya.manokum@lotuss.com
,66924857746,137498817,pannathon.srinetr@lotuss.com
,66924913381,137499753,panatda.wongsaeng@lotuss.com
,66924918680,137498498,gaesinee.caegow@lotuss.com
,66925075750,137498219,natthida.khempasit@lotuss.com
,66925161731,137458380,piromporn.chompong@lotuss.com
,66925247689,137498551,teerapong.tiyakwang@lotuss.com
,66925432611,137498511,yanapat.meepat@lotuss.com
,66925433807,137458836,kittiphong.sawilak@lotuss.com
,66925489427,137458221,numfon.mukkaew@lotuss.com
,66925544480,137498618,saharat.tanasampankul@lotuss.com
,66925591141,137498874,patthama.phumak@lotuss.com
,66925633101,137498235,phusit.dokkham@lotuss.com
,66925732286,137499129,bunanan.intaklay@lotuss.com
,66925806683,137498208,songkrot.tunla@lotuss.com
,66925863768,137459133,benjarat.chueawoolim@lotuss.com
,66925892260,137498639,thanawat.seemuang@lotuss.com
,66926055126,137458220,pattanapong.ranuyam@lotuss.com
,66926158043,137499214,wannapar.pratumyo@lotuss.com
,66926239160,137498818,chintara.pimpatong@lotuss.com
,66926277524,137499461,maneerat.lamparsert@lotuss.com
,66926354796,137498843,nuchsara.juntarumporn@lotuss.com
,66926380314,137499119,thawatchai.manorot@lotuss.com
,66926412637,137490765,suthinan.boopphahao@lotuss.com
,66926628830,137498980,augkkharadet.buakhai@lotuss.com
,66926632190,137369235,poomrat.baothumma@lotuss.com
,66926939200,137499378,bandit.yangwiset@lotuss.com
,66927093382,137498288,nutwara.patagowit@lotuss.com
,66927102776,137499728,auntrika.krasaesom@lotuss.com
,66927195102,137498127,homjan.kamonpranee@lotuss.com
,66927247191,137458079,rattana.changthom@lotuss.com
,66927309021,137458541,natthaphon.wongthongdi@lotuss.com
,66927372290,137458033,panita.tepanwong@lotuss.com
,66927378434,137499534,jittra.anawakula@lotuss.com
,66927524021,137459141,chalit.samochai@lotuss.com
,66927754859,137499058,phanawan.kheawkalae@lotuss.com
,66927921052,137498871,kanoksak.sringam@lotuss.com
,66928021454,137498431,puttipong.wongdee@lotuss.com
,66928069428,137498754,arthid.kamson@lotuss.com
,66928160825,137499125,jiraporn.amphon@lotuss.com
,66928163451,137498678,chaninart.kumpu@lotuss.com
,66928244137,137498640,khatsiya.sutsaha@lotuss.com
,66928289873,137490759,nichakamol.sawikan@lotuss.com
,66928376291,137459076,prangtip.kabuanchalad@lotuss.com
,66928584062,137458106,nattapong.ngodsanthai@lotuss.com
,66928637372,137498865,khusalin.toomthong@lotuss.com
,66928924187,137369232,phuttharaksa.laohaphatchaiphon@lotuss.com
,66928976899,137458078,nutthawut.yimsay@lotuss.com
,66928979517,137458259,lun.kunta@lotuss.com
,66928986166,137498636,boonthita.chaiwong@lotuss.com
,66929019592,137498670,koranan.saengtongkiaw@lotuss.com
,66929120996,137490761,fangam.suepnet@lotuss.com
,66929210371,137499253,ratklao.khana@lotuss.com
,66929311951,137499750,parinya.lueangam@lotuss.com
,66929368374,137458705,puddolpoom.pongpitak@lotuss.com
,66929458153,137458909,rattana.piromthong@lotuss.com
,66929548068,137498994,pitchaya.meema@lotuss.com
,66929594793,137498943,wipavee.donnol@lotuss.com
,66929666077,137458179,jongklon.kankasikorn@lotuss.com
,66929700713,137458805,maneemas.wongjeen@lotuss.com
,66929769602,137498873,paitoon.nontasiri@lotuss.com
,66929794935,137458056,sutthida.kamai@lotuss.com
,66929982956,137499527,sirinya.lagum@lotuss.com
,66929989320,137499585,tontrakan.nakphanao@lotuss.com
,66930047982,137458697,supharuedi.phromsawat@lotuss.com
,66930430698,137498479,thitichaya.thongsri@lotuss.com
,66930466270,137458682,anuwat.yanthahan@lotuss.com
,66930659031,137499352,pakawan.tupseekaew@lotuss.com
,66930704983,137458574,sunisa.srisathan@lotuss.com
,66931097266,137458754,tikhamporn.kaeowanna@lotuss.com
,66931253099,137458663,worawut.saohin@lotuss.com
,66931319409,137458316,natjarin.pengphancham@lotuss.com
,66931952450,137498851,somphop.konpang@lotuss.com
,66932305424,137498616,nwarat.worchotchonglad@lotuss.com
,66932461420,137458442,phuangphen.phukhrongta@lotuss.com
,66932511612,137498809,athikom.chansiri@lotuss.com
,66932567229,137498461,rattanan.kayan@lotuss.com
,66932658820,137498839,nichapat.wongchai@lotuss.com
,66932797083,137499268,nawavit.intharapanya@lotuss.com
,66932903610,137458865,nittaya.songsuk@lotuss.com
,66933074264,137458645,kanjanapon.sukdet@lotuss.com
,66933103518,137498662,suwaphat.saengdokmai@lotuss.com
,66933190849,137498735,wanalee.rabrong@lotuss.com
,66933436043,137499130,chanikarn.pansaart@lotuss.com
,66933791945,137458924,intira.insamran@lotuss.com
,66933820439,137499639,manee.srisawat@lotuss.com
,66933899903,137458292,juthaporn.jitsupab@lotuss.com
,66934238359,137498768,tanyarut.udompon@lotuss.com
,66934251505,137498600,pornnapa.chaikheeree@lotuss.com
,66934412947,137458393,natdanai.khemthong@lotuss.com
,66934432336,137458545,sabaithong.inpanya@lotuss.com
,66934452689,137459306,yupaporn.khantasri@lotuss.com
,66934520751,137458511,pinida.koednaeophu@lotuss.com
,66934641046,137499267,kanyarat.sakornsri@lotuss.com
,66934802438,137499045,natthanicha.haphiphath@lotuss.com
,66934987790,137499002,kunwadee.wanrapha@lotuss.com
,66935023467,137498885,pathumvade.yausuk@lotuss.com
,66935028147,137498840,nared.chanpleng@lotuss.com
,66935062538,137498974,kannikar.chumpunya@lotuss.com
,66935075717,137499167,thidaporn.maegkhod@lotuss.com
,66935083458,137498702,kesorn.saisri@lotuss.com
,66935175216,137458896,napatsorn.jindasri@lotuss.com
,66935235598,137499788,sasitorn.prasan@lotuss.com
,66935463767,137458209,matchima.phueakpradit@lotuss.com
,66935567038,137459132,ratima.sawatdee@lotuss.com
,66935611513,137498596,pathipan.apahang@lotuss.com
,66935637005,137458370,luksana.pechdee@lotuss.com
,66935734883,137458157,haruetai.khongaun@lotuss.com
,66935768767,137499424,arpaporn.koomprom@lotuss.com
,66935890050,137498512,chirawan.misaeng@lotuss.com
,66935961179,137499612,rungnapa.nadam@lotuss.com
,66936173038,137458011,suphanni.thaiphat@lotuss.com
,66936178571,137458354,angkhana.dejsuksophon@lotuss.com
,66936201605,137499456,thanatchayathon.lakrathok@lotuss.com
,66936343802,137498732,ruethairat.kaeomanee@lotuss.com
,66936862439,137499457,onuma.rodmark@lotuss.com
,66936963616,137499234,pavalee.thongruang@lotuss.com
,66937102375,137458445,sittisak.chobthamkit@lotuss.com
,66937146162,137459015,titirat.kanhakhieo@lotuss.com
,66937305053,137498806,surachai.aupala@lotuss.com
,66937311206,137498928,anyamanee.bhumpat@lotuss.com
,66937457745,137499448,suphattra.likkhachai@lotuss.com
,66937590527,137499701,phimonponphan.imnamkaow@lotuss.com
,66937677142,137499172,sasiwimon.thongkaew@lotuss.com
,66937766154,137458873,nanthiya.autarmat@lotuss.com
,66937941383,137458042,warawut.deeying@lotuss.com
,66939262885,137459046,naluemon.pholrod@lotuss.com
,66939705657,137499440,chainawat.duangkaew@lotuss.com
,66939902576,137499134,sireethorn.thaimai@lotuss.com
,66942175600,137459135,apinya.tengtanakit@lotuss.com
,66942702826,137499111,peerawat.inthirach@lotuss.com
,66942712423,137499363,staporn.khidma@lotuss.com
,66942816446,137498930,peerasaran.paitoon@lotuss.com
,66942834879,137499199,kantaporn.chaiyala@lotuss.com
,66942917082,137490768,wanvisa.treesing@lotuss.com
,66943235612,137458778,suwimol.chaidech@lotuss.com
,66943381923,137498088,nichapha.voraphakkijathorn@lotuss.com
,66943604426,137499256,jittraporn.boonsroem@lotuss.com
,66943633759,137498543,phonraphat.muanghwan@lotuss.com
,66943961388,137498141,sukunyapat.marukaphon@lotuss.com
,66944092795,137499445,pongsatorn.boonsuan@lotuss.com
,66944127420,137498331,pariyaporn.sangsuk@lotuss.com
,66944321723,137458479,raviwan.ratchakhwaeng@lotuss.com
,66944359991,137499350,apichat.poonkruen@lotuss.com
,66944399442,137369258,nonglak.rueangrit@lotuss.com
,66944503733,137498833,thanomsap.khumwong@lotuss.com
,66944879659,137458615,tichapon.waluwanatong@lotuss.com
,66944907887,137499740,terdpong.sisongmuang@lotuss.com
,66944934722,137499800,sutina.boonloy@lotuss.com
,66945151371,137459206,pakkawat.thongplew@lotuss.com
,66945256396,137499614,sipatrada.sribudsri@lotuss.com
,66945364825,137498490,yutthaphichai.phangko@lotuss.com
,66945460606,137498813,suttirat.robjungwat@lotuss.com
,66945657473,137499780,areerat.kudpho@lotuss.com
,66945672190,137398406,nichakamon.choosrilertsub@lotuss.com
,66945724443,137498416,juthamas.chanarwut@lotuss.com
,66946046574,137458694,wuttipong.nuanplub@lotuss.com
,66946285410,137458180,wannakan.peawnangam@lotuss.com
,66946522670,137498212,puwnai.kanmasang@lotuss.com
,66946523642,137499781,arnat.sinnakorn@lotuss.com
,66946594144,137499180,kanokwan.suttipong@lotuss.com
,66946600789,137498576,phechi.khosin@lotuss.com
,66946699222,137498342,romklao.inon@lotuss.com
,66947243084,137458804,pornphan.kohiran@lotuss.com
,66947254730,137458164,jirapat.nawatong@lotuss.com
,66947257658,137369251,phatthanaphong.nunpaeng@lotuss.com
,66947300280,137499785,supakid.keawpa@lotuss.com
,66947315488,137499051,uranaun.teangajang@lotuss.com
,66947398818,137498443,pongphet.chantat@lotuss.com
,66947472450,137498471,arisa.promdungdee@lotuss.com
,66947476671,137458470,thewarat.srakaeo@lotuss.com
,66947489218,137498407,nattaya.singngam@lotuss.com
,66947577427,137498850,danukan.yiain@lotuss.com
,66947981840,137458978,phonchak.khachak@lotuss.com
,66948570090,137499613,aditep.ronyut@lotuss.com
,66948587178,137499193,chirawat.fakchim@lotuss.com
,66948594196,137498961,kanyarat.sakoonpramort@lotuss.com
,66948622018,137458573,anurak.intuprapha@lotuss.com
,66948631360,137498752,wongsatorn.wamalun@lotuss.com
,66948635847,137499318,piyathida.matratang@lotuss.com
,66948672250,137499107,mingkamol.sripimai@lotuss.com
,66948812715,137499783,suthipriya.aonsri@lotuss.com
,66949042841,137498971,veeravat.promoiu@lotuss.com
,66949066589,137499441,nakarin.sakulthai@lotuss.com
,66949184499,137499001,nattamon.kanjan@lotuss.com
,66949281398,137499312,kritsana.detwan@lotuss.com
,66949352396,137499569,jaratchaya.phiaphai@lotuss.com
,66949399445,137498111,nipon.phetcharoen@lotuss.com
,66949596944,137458759,sarunrat.rodcharoen@lotuss.com
,66949599597,137498837,aemthicha.buntasin@lotuss.com
,66949685388,137499645,komkrit.hongsim@lotuss.com
,66949805850,137499706,setthapong.petkul@lotuss.com
,66949857723,137498741,kettat.norasing@lotuss.com
,66950088799,137499715,.9@lotuss.com
,66950107232,137498935,rakchai.monklang@lotuss.com
,66950123627,137499641,udjima.ninnoi@lotuss.com
,66950155071,137498672,yodsaphol.urated@lotuss.com
,66950254830,137498206,anusara.klinmalai@lotuss.com
,66950548949,137499018,jariya.kaewchan@lotuss.com
,66950599565,137498253,pitchayavee.jarussakulchai@lotuss.com
,66950599636,137458868,tonchat.akongkab@lotuss.com
,66950704175,137458044,fais.dore@lotuss.com
,66951029575,137458484,chonlada.tadarsen@lotuss.com
,66951160895,137458030,supannee.prompech@lotuss.com
,66951256719,137499647,pongphuchits.mangklanonthachai@lotuss.com
,66951526481,137459321,kamonpop.noomsamlee@lotuss.com
,66951789124,137498336,ananya.thanananchai@lotuss.com
,66951974786,137459122,thanphisit.charoensuk@lotuss.com
,66951985080,137498718,nuthikan.inthanon@lotuss.com
,66952109415,137458649,nanthanit.rueangsak@lotuss.com
,66952196990,137499063,chinwat.manklinneim@lotuss.com
,66952275687,137459320,surangcana.seanchai@lotuss.com
,66952281017,137459114,piyamaphon.chanlueang@lotuss.com
,66952313961,137499533,apinya.sukcharoen@lotuss.com
,66952323779,137499566,rungrawee.masakul@lotuss.com
,66952364097,137459174,chasisa.suphomphim@lotuss.com
,66952413456,137499215,yanisa.sittiprasert@lotuss.com
,66952514991,137498451,juthamas.sungsri@lotuss.com
,66952623538,137499098,janjira.rattanawan1@lotuss.com
,66952748103,137498792,warin.boonyad@lotuss.com
,66952769856,137499000,minthada.thitphakdee@lotuss.com
,66953309171,137499744,uamaporn.ploybut@lotuss.com
,66953349325,137499574,nimit.onchat@lotuss.com
,66953409008,137498955,poosit.pachprakhon@lotuss.com
,66953420872,137499480,thapbancha.tohsen@lotuss.com
,66953432948,137499362,sarayut.riangmu@lotuss.com
,66953509986,137398378,suchawadee.aimsamran@lotuss.com
,66953534985,137498207,poramate.bunpok@lotuss.com
,66953659781,137499638,kamolwan.mumtong@lotuss.com
,66953670540,137459213,solrasak.kaerdkaew@lotuss.com
,66953723954,137498365,jaruphat.butsaeng@lotuss.com
,66953851043,137458243,ratchaneewan.pithakwong@lotuss.com
,66953879604,137498631,pakawat.thanundon@lotuss.com
,66954052973,137499646,benchawan.tipsakul@lotuss.com
,66954091231,137499479,prapaphon.murapan@lotuss.com
,66954146909,137499432,sirichai.phonjan@lotuss.com
,66954153108,137499304,sarayut.wongkhamsom@lotuss.com
,66954240105,137499622,nonlaphat.chiengin@lotuss.com
,66954351822,137498193,panida.phonyiam@lotuss.com
,66954366140,137498876,kotcharada.phromchana@lotuss.com
,66954398781,137498942,pattheera.sangamuang@lotuss.com
,66954459305,137498984,tuangporn.meejangharn@lotuss.com
,66954469758,137499777,arthit.thongnop@lotuss.com
,66954476268,137499726,natthawut.pomsuwan@lotuss.com
,66954565844,137459273,sarinya.phutha@lotuss.com
,66954607278,137498603,kritsanathep.techayuda@lotuss.com
,66954678879,137498915,pawat.wannatham@lotuss.com
,66954781538,137458340,suphakit.khaowiangchan@lotuss.com
,66954809931,137498739,nidchuda.nusuwan@lotuss.com
,66954960347,137499258,sorakrit.rasameechuangchote@lotuss.com
,66955029671,137458665,sunanta.suchanyachinda@lotuss.com
,66955054563,137498359,nawamin.kumpeera@lotuss.com
,66955124723,137458224,tharatip.chanyaaek@lotuss.com
,66955126544,137458031,kittithat.petluan@lotuss.com
,66955174707,137499091,nutthawadee.pattanaprechakul@lotuss.com
,66955202134,137498713,teerasit.santi@lotuss.com
,66955203243,137498920,warut.laosa@lotuss.com
,66955234301,137458914,payuhaphol.somnam@lotuss.com
,66955266125,137498675,natthawut.hirun@lotuss.com
,66955546218,137499371,wipawan.chullabodhi@lotuss.com
,66955648924,137499489,natnaree.kaewduangdee@lotuss.com
,66955672876,137499727,padungkeart.phetpankan@lotuss.com
,66955679887,137498676,chocksiri.srithamma@lotuss.com
,66955712872,137498852,weerapa.jamratsri@lotuss.com
,66955863208,137458713,ratchanont.tapsuwan@lotuss.com
,66955923629,137498225,sunisa.khumyim@lotuss.com
,66955955458,137498279,nichapat.keawareepunnapop@lotuss.com
,66956057495,137458047,sittichai.kobkrothok@lotuss.com
,66956089557,137458971,suriya.khodcharit@lotuss.com
,66956365944,137499263,nongnooch.thongla@lotuss.com
,66956464004,137498573,ponpavis.pongsippapas@lotuss.com
,66956570610,137498185,nantiya.kidkan@lotuss.com
,66956601873,137498353,winai.chaichana@lotuss.com
,66956638056,137499185,nattapon.singthong1@lotuss.com
,66956641518,137498842,kornchasa.visastr@lotuss.com
,66956672707,137498975,prakan.srioonla@lotuss.com
,66956745469,137458480,kanjana.hodluecha@lotuss.com
,66956814867,137459092,kawin.roenrom@lotuss.com
,66956848164,137499697,kanthida.thaklom@lotuss.com
,66956850921,137499351,wilawan.pansuk1@lotuss.com
,66956939213,137499109,panida.sriburin1@lotuss.com
,66957248236,137499493,wanwisa.wiseram@lotuss.com
,66957270109,137458774,jadsadapon.jangpeng@lotuss.com
,66957341261,137458928,walailak.chinahong@lotuss.com
,66957384627,137499712,naruemol.kulpang@lotuss.com
,66957457719,137498314,siripong.kachaiypum@lotuss.com
,66957480140,137458171,areerat.lusuk@lotuss.com
,66957509304,137499231,prapda.atthawirat@lotuss.com
,66957520264,137499720,wanida.kittiwarodom@lotuss.com
,66957593378,137498745,sumintra.thongsumrong@lotuss.com
,66957602326,137498367,numfon.pharasi@lotuss.com
,66957742281,137458381,sasiwimol.phattarajameekorn@lotuss.com
,66958015415,137498898,pantawat.intharapaiboon@lotuss.com
,66958127569,137498903,sonthaya.saiyoi@lotuss.com
,66958135887,137459045,wanida.wanpida@lotuss.com
,66958636704,137499523,phaesirasa.kruekkrum@lotuss.com
,66958795165,137498728,yutiwit.chumchim@lotuss.com
,66958923002,137499584,bussakorn.pengsuk@lotuss.com
,66958960639,137499087,tammanoon.pumon@lotuss.com
,66959030573,137458916,kittiya.khongthim@lotuss.com
,66959050496,137498301,thanyarux.klommon@lotuss.com
,66959093849,137499415,aiyana.kunlapanyaphinit@lotuss.com
,66959151177,137499036,rittirot.gunlaya@lotuss.com
,66959199786,137498404,amornrat.yaemkaew@lotuss.com
,66959204664,137498959,kanapat.eawviboonvit@lotuss.com
,66959427437,137499514,wuntaratorn.nopsakol@lotuss.com
,66959475567,137498736,suphod.boonthum@lotuss.com
,66959497408,137498582,onauma.sanguansud@lotuss.com
,66959529593,137498241,decha.bunyarodol@lotuss.com
,66959536127,137499518,natjira.somthong@lotuss.com
,66959588984,137498363,smita.khanbo@lotuss.com
,66959589358,137459247,kamon.sonkoksung@lotuss.com
,66959598956,137499260,thanadon.wanna@lotuss.com
,66959602017,137499201,panthakant.panthuworn@lotuss.com
,66959602589,137498442,anulak.komkarn@lotuss.com
,66959849763,137499093,phrueksa.nupradit@lotuss.com
,66959962228,137498470,pornpimon.suma@lotuss.com
,66959972304,137498541,rattanakon.chongsee@lotuss.com
,66960262191,137458647,sudarat.wongma@lotuss.com
,66960302431,137459002,satit.janthon@lotuss.com
,66960538147,137499237,juthathip.thiangtham@lotuss.com
,66960567396,137499370,nitchanan.pattala@lotuss.com
,66960637413,137458468,aruchida.kanyaheng@lotuss.com
,66960849268,137459066,kewarin.phosri@lotuss.com
,66960943879,137498089,uthen.kongbua@lotuss.com
,66960978390,137458127,aitsamaaen.yusoh@lotuss.com
,66961124979,137459275,rotsukhon.klaeokla@lotuss.com
,66961201259,137498965,kla.lama@lotuss.com
,66961231435,137499594,pronpimon.ninkote@lotuss.com
,66961231730,137499756,manoch.muangkorn@lotuss.com
,66961343302,137458449,wittaya.sangjan@lotuss.com
,66961387907,137498420,suphathraphon.hanjangsit@lotuss.com
,66961687229,137499212,jirawat.rojjanaprayoth@lotuss.com
,66961718301,137498996,kannika.thongmak@lotuss.com
,66961761169,137499196,sakda.saelim@lotuss.com
,66962315229,137458395,manita.bukong@lotuss.com
,66962422753,137498746,patcharee.aoeiai@lotuss.com
,66962437421,137498459,kemmachart.panthonglo@lotuss.com
,66962509802,137459030,sudarat.sangkalak@lotuss.com
,66962571698,137498245,kritsanaphong.thabthimthong@lotuss.com
,66962624327,137498501,yaovanun.hanbang@lotuss.com
,66962753576,137498500,jirapa.kaeomongkon@lotuss.com
,66962798584,137498321,aleena.kananuwattanawanit@lotuss.com
,66963465199,137398369,patcharapa.suksamran@lotuss.com
,66963806470,137458423,amorntep.rojsing@lotuss.com
,66964159941,137498524,mondha.eiamjaroenvit@lotuss.com
,66966106838,137499323,pratchaya.kamphaengdee@lotuss.com
,66966340937,137499229,suyanee.pungploy@lotuss.com
,66966451895,137498205,yotsawadee.plempool@lotuss.com
,66966702167,137499271,phatthira.laokhane@lotuss.com
,66966901649,137459293,thananchai.reamru@lotuss.com
,66966944670,137498325,sompratthana.phimmart@lotuss.com
,66966970924,137458890,pataveekarn.maneelam@lotuss.com
,66967123129,137499488,ployladar.komolkanok@lotuss.com
,66967262826,137498609,arnon.chuanram@lotuss.com
,66967480815,137499077,chonrada.santitisawad@lotuss.com
,66967712581,137458300,thitinan.bentan@lotuss.com
,66967717043,137458272,methinee.sangnual@lotuss.com
,66967760999,137498120,pichamol.visaratanond@lotuss.com
,66967788916,137498263,paranyoo.srinonyang@lotuss.com
,66967850082,137499462,panadda.wowong@lotuss.com
,66967907792,137499794,wiwantanee.tantod@lotuss.com
,66967977584,137398379,komsan.chanpook@lotuss.com
,66968038849,137499016,vilarsinee.champa@lotuss.com
,66968075721,137499649,chanisa.yaumong@lotuss.com
,66968168856,137499336,supaporn.wannayo@lotuss.com
,66968264818,137458328,aratchporn.srisaknok@lotuss.com
,66968414644,137458516,namthip.jampakaew@lotuss.com
,66968595202,137498648,ploypailin.watcharachayakun@lotuss.com
,66968763665,137499247,akira.srihawong@lotuss.com
,66968815386,137498187,kunakorn.karatorn@lotuss.com
,66968839580,137499127,supornpimol.saeoue@lotuss.com
,66968876500,137498892,surapha.musoka@lotuss.com
,66968891420,137458279,monrada.songphol@lotuss.com
,66968938480,137499175,junlajak.laengsanam@lotuss.com
,66969137059,137498726,yuttachai.sanyee@lotuss.com
,66969179638,137498346,napatsawan.taiyapan@lotuss.com
,66969315375,137498778,ruangkhow.khongsuk@lotuss.com
,66969354415,137458648,sswinhla.juanprakon@lotuss.com
,66969524822,137499049,wirada.rueasrijan@lotuss.com
,66969681167,137499643,phuriphat.phumphuang@lotuss.com
,66970022032,137458322,naruemon.phongsathatkit@lotuss.com
,66970037491,137499662,puangpet.poonkasem@lotuss.com
,66970073042,137369227,chanapat.mahawan@lotuss.com
,66970153743,137499399,supaichai.wongvirot@lotuss.com
,66970170954,137498286,sudarat.peephom@lotuss.com
,66970191449,137459110,amnat.chimpalee@lotuss.com
,66970195690,137498094,kanyarat.khumprasit@lotuss.com
,66970196817,137459199,jitta.thueanyota@lotuss.com
,66970273250,137498934,suchawadee.pohji@lotuss.com
,66970328772,137458492,phoosit.tongkhao@lotuss.com
,66970375169,137458907,ruttiya.prongjit@lotuss.com
,66970424179,137499007,ratchanan.khaseethong@lotuss.com
,66970477316,137458857,chanakan.paolue@lotuss.com
,66970509780,137459245,chaweewan.imsamranrat@lotuss.com
,66970560009,137499305,naphattarakan.mora@lotuss.com
,66970580520,137498352,nalawadee.aroondet@lotuss.com
,66970586459,137498282,rattanaphat.leewiwattanachot@lotuss.com
,66970587085,137458093,sukanya.phawong@lotuss.com
,66970629321,137499496,chanhom.phusatean@lotuss.com
,66970688134,137499699,amornwan.ubon@lotuss.com
,66970853209,137499159,nattapon.singthong@lotuss.com
,66970861605,137498292,jessadakorn.chaisungnoen@lotuss.com
,66970873179,137498982,aekkarach.petset@lotuss.com
,66971079248,137499503,natthaphong.thetnim@lotuss.com
,66971230879,137499310,chonlada.kruangthip@lotuss.com
,66971308992,137498589,viyuda.nuchprem@lotuss.com
,66971317865,137499047,natchanon.sakkomjon@lotuss.com
,66971384196,137499459,suporn.phookpan@lotuss.com
,66971473397,137499105,alongkorn.jeeravatanakool@lotuss.com
,66971492058,137498373,waraporn.buachuen@lotuss.com
,66971592350,137498200,wachiraporn.khumthong@lotuss.com
,66971630089,137498960,wanwipa.tubtim@lotuss.com
,66971638020,137499059,thippawan.tanachai@lotuss.com
,66971817872,137498918,anuvat.chomin@lotuss.com
,66972029209,137459013,sansanee.sasngsaarb@lotuss.com
,66972199670,137458704,sarocha.yooto@lotuss.com
,66972360864,137459212,janjira.chaiboot@lotuss.com
,66972364232,137498311,hathairat.kingsakul@lotuss.com
,66972389775,137458608,phakphum.hanprathum@lotuss.com
,66972412247,137458477,preeyada.uthai@lotuss.com
,66972421355,137498967,saran.suvankier@lotuss.com
,66972438759,137498597,tanisara.seengern@lotuss.com
,66972579460,137498987,sarayut.sarasom@lotuss.com
,66972641611,137458531,krit.phonsab@lotuss.com
,66972707731,137459093,somsak.prasertkaew@lotuss.com
,66972729873,137499787,chuthamat.nakkaeo@lotuss.com
,66972847273,137498291,dareeyah.losan@lotuss.com
,66972971640,137490756,natthanon.koetpridi@lotuss.com
,66973104133,137499113,kanya.mayer@lotuss.com
,66973104458,137498114,nattawut.thongsuk1@lotuss.com
,66973366856,137458999,jarassri.chumphutsa@lotuss.com
,66973426789,137499233,anek.onsaen@lotuss.com
,66973578550,137499743,sudarat.janpeng@lotuss.com
,66973699464,137459291,yothin.morasi@lotuss.com
,66974269498,137499526,rawiwan.kaawko@lotuss.com
,66979252359,137499099,ruktanaporn.boonklee@lotuss.com
,66979394874,137498156,areerat.kirdmuang@lotuss.com
,66979530087,137499102,arthit.wongtham1@lotuss.com
,66979659021,137459120,woranat.chattukun@lotuss.com
,66979723129,137458891,waranya.surapinit@lotuss.com
,66979750885,137499463,nantarat.inda@lotuss.com
,66979758057,137458183,thanchanok.boonya@lotuss.com
,66979763803,137458365,panuphong.anusasananan@lotuss.com
,66979800416,137499386,sawittee.thuanthi@lotuss.com
,66979813670,137498108,varat.punta@lotuss.com
,66979833693,137499326,chonticha.thongkaew@lotuss.com
,66979860725,137499778,thitapa.ditharak@lotuss.com
,66980158045,137499071,sarawut.hitpat@lotuss.com
,66980194490,137498613,muhammadarifin.awaekuechi@lotuss.com
,66980265843,137499686,jiraporn.sonsamrit@lotuss.com
,66980475836,137499446,sayutee.lateh@lotuss.com
,66980700203,137499619,sirada.wongthamniab@lotuss.com
,66980910060,137498904,.10@lotuss.com
,66980977807,137458664,siriphat.thonglim@lotuss.com
,66981060716,137459224,darin.sonamtiang@lotuss.com
,66981061344,137459233,sirirat.kaewwanna@lotuss.com
,66981110894,137499698,sirinya.janput@lotuss.com
,66981243241,137498436,nattapong.kalhan@lotuss.com
,66981307397,137498826,panatda.wonghinkong@lotuss.com
,66981379984,137499074,suwaree.tangphum@lotuss.com
,66981797678,137498122,suphatta.thongyom@lotuss.com
,66981931301,137499629,wanida.chanthaen@lotuss.com
,66982177828,137458690,udon.khankaeo@lotuss.com
,66982279560,137499465,chintana.fangsangkhao@lotuss.com
,66982289455,137499396,kamin.madosod@lotuss.com
,66982343519,137499110,kornkanok.krongkaew@lotuss.com
,66982494556,137498977,warun.sinlapasuwanchai@lotuss.com
,66982671070,137499627,suphitchayanan.bupphasang@lotuss.com
,66982710318,137499757,punyawee.ngasuntia@lotuss.com
,66982712201,137499790,patchareeda.chatpetpituk@lotuss.com
,66982725341,137499593,.11@lotuss.com
,66982740932,137458988,wannapa.prathumwan@lotuss.com
,66982795128,137499722,kantagan.tattanee@lotuss.com
,66982943669,137458592,wenika.wongchai@lotuss.com
,66983062219,137458077,panaporn.hongsekui@lotuss.com
,66983062865,137458644,thitapornphetbudee.e@lotuss.com
,66983208562,137499772,kanokkorn.kaewnunuan@lotuss.com
,66983282162,137458283,panatda.chanmaha@lotuss.com
,66983341241,137499261,wannika.puangpho@lotuss.com
,66983403342,137498651,thiantawan.lasa@lotuss.com
,66983418158,137459128,wimonwan.thaobut@lotuss.com
,66983476522,137499453,yanisa.hanpraserd@lotuss.com
,66983548964,137458364,montree.masae@lotuss.com
,66983593301,137499587,sirinya.kadkaew@lotuss.com
,66983613961,137499206,kanokwan.sujaija@lotuss.com
,66983677156,137498908,wanna.laungaiem@lotuss.com
,66983715763,137499364,chutaratsriaphai.sriaphai@lotuss.com
,66983729014,137458281,phongphat.phongsathatkit@lotuss.com
,66983916927,137458607,sirawich.rodcheewan@lotuss.com
,66983948521,137498683,waleeporn.rueangrak@lotuss.com
,66984300933,137498280,.14@lotuss.com
,66984426872,137458469,warangkana.wongkhan@lotuss.com
,66984531645,137498516,sawittree.sarasai@lotuss.com
,66984616290,137498758,narit.sudprasert@lotuss.com
,66984689785,137499142,sayanya.jankong@lotuss.com
,66984691571,137498535,irada.loprod@lotuss.com
,66984718029,137499003,tanet.kanchueaychoen@lotuss.com
,66984757465,137459031,wantana.kanthonghos@lotuss.com
,66984799104,137499748,thongthip.nilsoot@lotuss.com
,66984960604,137499298,pawinee.puantem@lotuss.com
,66984972109,137458911,thanathip.aphaiso@lotuss.com
,66985081011,137398368,sunida.khongthon@lotuss.com
,66985083929,137459019,pornpan.moryadee@lotuss.com
,66985169206,137369215,kamol.tali@lotuss.com
,66985380679,137459108,chutima.konsanit@lotuss.com
,66985413692,137458037,kanlaya.chankham@lotuss.com
,66985497942,137499085,chatchai.boonyadit@lotuss.com
,66985577340,137499333,kittipong.klamngen@lotuss.com
,66985651848,137499652,parinya.khantanat@lotuss.com
,66985760028,137498123,sirian.unjarerntanakun@lotuss.com
,66985817967,137498696,pimonrat.sanguandee@lotuss.com
,66985829320,137458977,nobphakhun.lailuad@lotuss.com
,66985839529,137499433,wimol.keawphong@lotuss.com
,66985868923,137499583,wittayakhom.khotkhom@lotuss.com
,66985949959,137458581,muchchima.phudsri@lotuss.com
,66986092528,137499209,anuwat.charoenbun@lotuss.com
,66986189406,137499039,sitthichat.senthuree@lotuss.com
,66986401179,137498784,chitlatda.saengthong@lotuss.com
,66986451175,137458199,nunthira.phetsim@lotuss.com
,66986526849,137458530,jakkit.coompooudkam@lotuss.com
,66986690451,137499532,areeya.datjanthuek@lotuss.com
,66986874099,137498179,nattiya.kinkrathok@lotuss.com
,66986964314,137498610,orathai.kiolueang@lotuss.com
,66987054980,137459251,thanyaluk.suwansuntorn@lotuss.com
,66987215128,137458936,usa.patipaet@lotuss.com
,66987218256,137499033,apaporn.mahakrong@lotuss.com
,66987317033,137498289,anlee.limseng@lotuss.com
,66987390458,137458368,anutsara.panplaeng@lotuss.com
,66987458713,137458208,aranya.thongwad@lotuss.com
,66987485634,137498725,sutthida.ratchatan@lotuss.com
,66987567609,137499586,lalit.kaha@lotuss.com
,66987589780,137499520,sunatcha.khunnen@lotuss.com
,66987629706,137498462,woranuch.keadsri@lotuss.com
,66987716837,137498740,pattaraporn.hiranworn@lotuss.com
,66987806528,137498913,sukit.krakaew@lotuss.com
,66987877149,137498270,sinakhom.manotham@lotuss.com
,66988010219,137459216,poramin.nantakhum@lotuss.com
,66988136332,137498575,janjira.hadee@lotuss.com
,66988191658,137498477,athiwat.thanaopat@lotuss.com
,66988357078,137498350,jukkrit.sankhamwang@lotuss.com
,66988398625,137458672,nakharin.thongphet@lotuss.com
,66988522712,137499513,nichamon.aksorn@lotuss.com
,66988622470,137498433,varipon.yingphaibun@lotuss.com
,66988670760,137499573,tanakan.samkham@lotuss.com
,66988681003,137498491,wipawadee.rongbutsri@lotuss.com
,66988873884,137458125,sakpraphan.saiket@lotuss.com
,66988984952,137498880,donlaya.klibsri@lotuss.com
,66989084198,137458156,phonsuda.suwannabon@lotuss.com
,66989102935,137499210,rungnapa.worajit@lotuss.com
,66989142857,137498095,metawee.himsopa@lotuss.com
,66989172403,137458948,natthaphong.thaausa@lotuss.com
,66989175181,137499802,intupha.matbing@lotuss.com
,66989212590,137499498,onranut.jeena@lotuss.com
,66989355770,137459043,amonprapa.sudwatr@lotuss.com
,66989386324,137458546,arunya.yodrak@lotuss.com
,66989624399,137498981,phanupong.houseang@lotuss.com
,66989641886,137458590,chalrmporn.pomujcha@lotuss.com
,66989803895,137499768,keesinee.phansawat@lotuss.com
,66990074083,137498567,wonvalai.sungdon@lotuss.com
,66990298497,137458524,abdolloh.damtaklong@lotuss.com
,66990308768,137498151,porachat.chaivicha@lotuss.com
,66990481737,137498973,nantawan.chaiyarat@lotuss.com
,66990515580,137499358,bunjerd.ngamkay@lotuss.com
,66990589973,137499451,thirapat.khampirom@lotuss.com
,66990802136,137458858,supakporn.uprapat@lotuss.com
,66990852099,137499388,intanin.inwiset@lotuss.com
,66990931109,137458490,pantipa.janya@lotuss.com
,66991109690,137499670,sirawan.saikaewduang@lotuss.com
,66991131509,137498377,siriphan.saisawang@lotuss.com
,66991312735,137499226,rungsiman.tainjaroen@lotuss.com
,66991324233,137498944,chanitnan.kaeodaeng@lotuss.com
,66991545154,137499072,rungaraun.suksamran@lotuss.com
,66991647345,137498836,siwapan.srionnee@lotuss.com
,66991782308,137498081,preedaporn.sangthong@lotuss.com
,66991866941,137498703,wandi.chuichuai@lotuss.com
,66991972271,137498319,natsima.nanruang@lotuss.com
,66991977854,137458638,pathomporn.luangpltak@lotuss.com
,66992028849,137498823,natthawut.klinnak@lotuss.com
,66992041722,137498550,supachai.srikham@lotuss.com
,66992302435,137458107,salaila.hemwong@lotuss.com
,66992432625,137499184,suphitsara.niamsuwan@lotuss.com
,66992494758,137458814,chaiyapruk.seveevanlop@lotuss.com
,66992768891,137498161,ratchaneekorn.kongklin@lotuss.com
,66993247235,137498945,arichaya.thongchai@lotuss.com
,66993358242,137499608,wanwisa.suksawad@lotuss.com
,66993370735,137499805,janjira.rattanawan@lotuss.com
,66993422499,137498614,anukun.pimsorn@lotuss.com
,66993479966,137499492,chonthaicha.chuenchom@lotuss.com
,66993496043,137498178,kannika.sodawan@lotuss.com
,66993725015,137498697,thanapat.phaitakhu@lotuss.com
,66993814447,137499141,kamonnet.pradabphol@lotuss.com
,66993906442,137498584,somsuda.paoklang@lotuss.com
,66993978211,137498820,pimporn.pongket@lotuss.com
,66994218290,137499341,thanit.kongnak@lotuss.com
,66994498250,137498848,tinnapat.khuntree@lotuss.com
,66994575455,137499571,pataramon.wongkhaela@lotuss.com
,66994595069,137498148,suprani.srijan@lotuss.com
,66994642195,137498804,sitipong.inlawong@lotuss.com
,66994937878,137499482,sittichai.thongdee1@lotuss.com
,66994950577,137458080,natdanai.amawan@lotuss.com
,66995048529,137498992,preeyarat.srisawang@lotuss.com
,66995605343,137499671,natthi.mukdasanit@lotuss.com
,66996068637,137499759,phiraphon.koluean@lotuss.com
,66996260985,137498621,prakasit.krueasaeng@lotuss.com
,66996268090,137498916,surichart.nuansaeng@lotuss.com
,66996351584,137458729,nanthachai.khotcha@lotuss.com
,66997100798,137498343,nutcha.aramkiat@lotuss.com
,66997127185,137499664,phakkhawat.sribunrueang@lotuss.com
,66997246085,137499512,nuttayasiri.pedmukdatip@lotuss.com
,66997479804,137498910,jeeranan.petphuthorn@lotuss.com
,66997955629,137498475,chatchawan.montien@lotuss.com
,66998625602,137498595,pangkon.chaempasoed@lotuss.com
,66998783168,137498990,phattharaphol.yenked@lotuss.com
,9.20E+11,137438038,shital.zarkar@lotuss.com