OTP identifier,mobile,userid,Username
44VG7NKXTPNG,66897703970,134849089,atiporn.jaroensri@lotuss.com
9PPGKAGQDKDE,66618504449,134948854,sittichai.pongpaisarnsri@lotuss.com
A6DVFWNMNNKQ,66868882686,135791791,natpavin.rattanaviang@lotuss.com
AH6V3KVCNXFK,66814826417,134927886,napassaporn.likhitsajjakul@lotuss.com
CTJGVRWE4P49,66865997663,134917656,navamin.chawla@lotuss.com
CVEWMHNXCACA,66939951514,135792308,anuwat.jiwtrakul@lotuss.com
CX3P6C7C3VEA,66816477111,134933617,theeradej.sahawattanapong@lotuss.com
DXKMEQ4GKAK9,66863617878,134851344,pakpoom.nawakitbumrung@lotuss.com
EC3TXJD3MKME,66624951644,134854167,suthee.lamlerttham@lotuss.com
F3CGPYYYGPJA,66844108993,135793190,jennarong.jindaananyot@lotuss.com
FEAPFVERDAJC,60163678301,135327481,mohdhizzat.mohdyusof@lotuss.com
GKFTNWTGCX9T,60138109552,135569457,daphene.michael@lotuss.com
JM6T7AFFAMYG,66869178962,134900098,pantita.soontaran@lotuss.com
NC394TA46MXW,66818694416,134948542,suraphong.likhitsan@lotuss.com
P63Y4A3X3WFY,66646585777,134892950,panupong.srithonratkul@lotuss.com
QT6MVT77KVVP,60146222320,135333382,manjun.ho@lotuss.com
R3H4QXNJ9R9D,66993526228,134851442,paphawee.lumlert@lotuss.com
RK7MJE9VM79N,66880955835,134922367,natthapol.yutthanaviwat@lotuss.com
WKK4DADHQ3EW,66820053855,134948653,tawatchai.arunjit@lotuss.com
X6RN7CMRHYQQ,66898948956,134851063,arak.preechawong@lotuss.com
YHQVQJ4RR7MJ,66896993310,134927747,apisitt.rattana@lotuss.com
,66610153938,137565288,nutthaweechakorn.sawatdirat@lotuss.com
,66610261565,137565475,thawanret.musikasan@lotuss.com
,66610452571,137564496,kaisada.srinamkiad@lotuss.com
,66610649789,137564516,jiradet.pachmuang@lotuss.com
,66610691721,137565213,pongpisut.kanato@lotuss.com
,66610970283,137565408,namfon.choksod@lotuss.com
,66612024626,137564982,patcharaporn.phendee@lotuss.com
,66612218152,137564880,narin.khemwat@lotuss.com
,66613359301,137608730,chitsanupong.sanansang@lotuss.com
,66613618322,137564457,chaiyawat.junnu@lotuss.com
,66613727975,137564498,nattakan.aiemlaor@lotuss.com
,66614056540,137564560,panuwat.sindanthong@lotuss.com
,66614241465,137564529,pijik.klongpitayapong@lotuss.com
,66614325167,137564844,sawitree.chunsanthia@lotuss.com
,66614369786,137565271,soraya.sodsai@lotuss.com
,66614373617,137564927,natharika.ratanaudom@lotuss.com
,66614678827,137564831,sripimon.somchom@lotuss.com
,66615695824,137564741,noodjaree.vaingkaew@lotuss.com
,66615845971,137565440,kornnapat.orachon@lotuss.com
,66616051721,137608721,thanawan.lueangthattong@lotuss.com
,66616275274,137564721,dujdaw.wongsanit@lotuss.com
,66616370836,137565455,kanoknet.bunsodakon@lotuss.com
,66616547229,137564630,kanittha.kanchak@lotuss.com
,66616735475,137564953,maliwan.khanthongdee@lotuss.com
,66619127406,137565073,thaksin.sirinon@lotuss.com
,66619162555,137564467,natapat.poopan@lotuss.com
,66619267558,137564650,wisuda.jangin@lotuss.com
,66619694149,137565215,nopphawan.chanthakhun@lotuss.com
,66619790836,137565070,thitisuda.junprach@lotuss.com
,66620238702,137564424,atcharaporn.kattasee@lotuss.com
,66620586662,137564930,siriphorn.khammungkhum@lotuss.com
,66621251738,137608691,amornrut.sansupa@lotuss.com
,66621411937,137565202,pimwipa.phunsawat@lotuss.com
,66621814569,137564992,ronnawit.sako@lotuss.com
,66622185470,137564832,phatttharaphol.rueangnet@lotuss.com
,66622312731,137565045,kaewta.luepaktra@lotuss.com
,66623054230,137564475,nonthawat.jaiboon@lotuss.com
,66623068228,137564908,kesiri.techakijjaroen@lotuss.com
,66623240202,137564875,songwut.jitturongaporn@lotuss.com
,66624212276,137564872,sirirut.seeswut@lotuss.com
,66624434027,137565266,rampan.vilanan@lotuss.com
,66624624999,137564539,thirawut.phomjinda@lotuss.com
,66624833160,137564951,kanokpron.thongnak@lotuss.com
,66627498910,137565303,aniwat.aobkam@lotuss.com
,66627900927,137564573,siriya.mayandee@lotuss.com
,66628039872,137565374,sriphan.jaikwang@lotuss.com
,66628162458,137564430,saranya.sithikhun@lotuss.com
,66629929316,137564407,patharaporn.buniom@lotuss.com
,66630796457,137564408,surainee.dueramaehayee@lotuss.com
,66630982750,137565230,natthawadee.srisawas@lotuss.com
,66631678081,137565265,phasuk.jingprakhon@lotuss.com
,66631783119,137565301,arphatcha.piarnsamer@lotuss.com
,66632359832,137565458,salin.wilailuk@lotuss.com
,66633080130,137565179,wuttichai.phromchuea@lotuss.com
,66634949865,137565419,pipatpong.rungampai@lotuss.com
,66635016648,137565251,sutada.santipipatpong@lotuss.com
,66635437015,137564799,phitthaya.sophakun@lotuss.com
,66635925590,137565037,chatri.withoonsatittham@lotuss.com
,66636376232,137565062,patthanapong.noywong@lotuss.com
,66637299269,137564512,jiraporn.seelachai@lotuss.com
,66637698732,137565464,ketsuwan.juajan@lotuss.com
,66637740869,137565184,nariwan.laoochit@lotuss.com
,66638185944,137564786,natthaphong.tosungnoen@lotuss.com
,66638326620,137565320,aiyada.saengta@lotuss.com
,66638407513,137564497,wannisa.thumpradon@lotuss.com
,66638468367,137564889,siriyakorn.tonjorhor@lotuss.com
,66638588288,137564928,pornchita.phothimart@lotuss.com
,66638811198,137564771,thofun.changsakol@lotuss.com
,66639218801,137564458,sunisa.butdi@lotuss.com
,66639499300,137565177,rewadee.khemthong@lotuss.com
,66639623241,137565144,charinthon.thanachotphongphaisan@lotuss.com
,66639632574,137565022,anongnat.khampanang@lotuss.com
,66639694427,137564648,pattaraporn.janchay@lotuss.com
,66640732203,137565326,siriporn.boranin@lotuss.com
,66642042030,137564873,waranya.wongsamee@lotuss.com
,66643546480,137564775,pongsit.khamsirikul@lotuss.com
,66644233435,137564499,napasin.kosa@lotuss.com
,66644272031,137564663,sukrit.suchartwutti@lotuss.com
,66644803448,137565465,preeyawan.tomee@lotuss.com
,66645460024,137564528,anuwat.sangkapan@lotuss.com
,66645548646,137565454,suteetida.mala@lotuss.com
,66646407520,137564426,kanlayanee.ketkaew@lotuss.com
,66646801488,137565411,thanason.leknoi@lotuss.com
,66647457279,137565275,awirut.krasaekarn@lotuss.com
,66647478826,137564668,chayanee.kaewsaen@lotuss.com
,66647671623,137564841,wirinya.krasang@lotuss.com
,66648037423,137565272,nopphadon.kaeochomphu@lotuss.com
,66648054127,137564713,rattanawadee.supadee@lotuss.com
,66648921079,137564993,supakarn.janbenchatham@lotuss.com
,66649192637,137564622,marisa.yottharat@lotuss.com
,66649362622,137565146,sudarat.santadkarn@lotuss.com
,66649388903,137565361,banjawan.kingnok@lotuss.com
,66649750157,137565250,nipapron.phothirat@lotuss.com
,66650123995,137565410,pinmanee.khomprawat@lotuss.com
,66650507769,137564562,oakkhadet.bunprakhom@lotuss.com
,66650606622,137565318,kittiphan.khiaophan@lotuss.com
,66650608799,137564571,supawadee.polklang@lotuss.com
,66650750910,137565472,aunwat.parinphatsakun@lotuss.com
,66650835600,137564578,thitima.kaewchiangwang@lotuss.com
,66652490816,137565061,phattharawadee.ruamrak@lotuss.com
,66654189168,137565353,sudarut.kaewken@lotuss.com
,66655904610,137565023,wiratee.sangkamanee@lotuss.com
,66656014331,137565264,kittiphop.nonsiri@lotuss.com
,66657385340,137608746,athitiya.thognsom@lotuss.com
,66658188302,137565406,sasiprapha.tungkhuna@lotuss.com
,66658311895,137565174,nopparat.yarmsuan@lotuss.com
,66659696678,137565439,sureethip.kanallt@lotuss.com
,66660011294,137565074,aticha.nakpanom@lotuss.com
,66660030882,137564432,waranuch.sirikun@lotuss.com
,66660312042,137564876,pakin.sukyai@lotuss.com
,66660584395,137565222,suphatcha.thongpan@lotuss.com
,66680288927,137564621,yuphin.sapprakhon@lotuss.com
,66800200475,137564586,yuwita.mayee@lotuss.com
,66800435575,137565306,nantaphol.tianthong@lotuss.com
,66800560711,137564763,vilawan.kunkokkruad@lotuss.com
,66800736010,137564619,panida.yutthakai@lotuss.com
,66801062850,137564606,arisa.yolai@lotuss.com
,66801341236,137565087,anong.sopachatnarong@lotuss.com
,66801628963,137565476,nongnapat.bunruan@lotuss.com
,66802237786,137565376,sunisa.inpanpanoa@lotuss.com
,66802497546,137565020,kitti.jainoi@lotuss.com
,66802584658,137565267,itsara.seso@lotuss.com
,66802694195,137564882,khanisorn.kunkamedee@lotuss.com
,66803587672,137564735,pateehah.bakaprasoed@lotuss.com
,66804313199,137564477,awatif.thosa@lotuss.com
,66804642297,137565026,onrwipha.chomrat@lotuss.com
,66805628921,137564978,pittayarat.tanajaroenwat@lotuss.com
,66805841949,137564691,nanthikan.otusuk@lotuss.com
,66806035309,137564593,natthakorn.donbankway@lotuss.com
,66807401308,137564690,waeota.chanta@lotuss.com
,66808068021,137565245,suchada.saeothonglang@lotuss.com
,66808380705,137564910,sawitree.putthana@lotuss.com
,66808450460,137564605,wanwisa.mokmo@lotuss.com
,66808689848,137564531,sumitta.bandasak@lotuss.com
,66809381391,137565373,khwanhathai.thaikuea@lotuss.com
,66809437018,137564585,chonlada.srisopa@lotuss.com
,66809475911,137564634,kodchaporn.supkaew@lotuss.com
,66814265327,137564777,shongchai.pattanawasin@lotuss.com
,66814300273,137564804,boondaric.chantrasmi@lotuss.com
,66816117755,137543518,nattakorn.kointarangkul@lotuss.com
,66816439176,137564821,tanapat.marnochrat@lotuss.com
,66818349807,137564995,ratirose.mahittikul@lotuss.com
,66818806688,137565036,saris.songpray@lotuss.com
,66820278332,137564393,nanthawan.klinchaem@lotuss.com
,66820407590,137608692,darin.wongsawang@lotuss.com
,66820501349,137565072,ketsiri.pinhom@lotuss.com
,66820526849,137565006,wannusa.nindam@lotuss.com
,66820597910,137565225,dontipa.samaair@lotuss.com
,66820737320,137565110,supasan.tanonkaew@lotuss.com
,66821542165,137564761,nantaya.thailuan@lotuss.com
,66822412467,137565394,benjawan.samana@lotuss.com
,66823431609,137564416,waranya.sowapark@lotuss.com
,66823656956,137564939,siraphat.kuachart@lotuss.com
,66823824250,137564929,waris.sale@lotuss.com
,66825018097,137565317,thanyalak.sriwatthana@lotuss.com
,66825244950,137565145,chanchira.foytabtim@lotuss.com
,66825685278,137564502,wanwisa.songchan@lotuss.com
,66825759185,137565441,norhuda.paksu@lotuss.com
,66826504133,137564649,rerai.chinthong@lotuss.com
,66826563419,137564970,munin.sakhiri@lotuss.com
,66827791658,137565129,worawoot.somnarin@lotuss.com
,66828042494,137564474,rachanon.rueankaew@lotuss.com
,66829614036,137565449,saksit.anuengnuek@lotuss.com
,66830087408,137565104,pattaris.petchara@lotuss.com
,66830384516,137565147,suthalini.phetnok@lotuss.com
,66830429766,137564892,puntira.kaeoson1@lotuss.com
,66830772047,137565375,pongpan.khunsalee@lotuss.com
,66831422298,137564675,meichee.low@lotuss.com
,66832677135,137564530,supha.bunpluk@lotuss.com
,66837577559,137564782,pranaya.dulyaphakchaiyanan@lotuss.com
,66837705578,137565362,phattharaphon.markkratanon@lotuss.com
,66838243141,137565132,sawitree.seesawang@lotuss.com
,66838806929,137564409,benjawan.dechsupa@lotuss.com
,66841961739,137564834,jakkarin.donsomjit@lotuss.com
,66844562890,137564781,ananya.suphap@lotuss.com
,66849330543,137564515,phonthip.phothong@lotuss.com
,66853594524,137564776,chawin.hongsanukulsant@lotuss.com
,66855252640,137565392,chareeporn.yatatoom@lotuss.com
,66855618272,137565216,thawatchai.sinjorn@lotuss.com
,66857552806,137564692,napat.vorapati@lotuss.com
,66860807506,137564881,seeprai.kongkaen@lotuss.com
,66864845778,137564406,oraya.khaowkong@lotuss.com
,66868892666,137564604,suchada.rompruk@lotuss.com
,66870778975,137565164,chadaphorn.wareekul@lotuss.com
,66873256067,137565033,prasittiwat.plaikaew@lotuss.com
,66873853749,137565214,priyakorn.fangood@lotuss.com
,66873948260,137565357,daojai.sordum@lotuss.com
,66875010801,137564819,supawit.wongwattanaporn@lotuss.com
,66877403838,137564731,nutamorn.amornworawong@lotuss.com
,66884225157,137564466,anussara.nuandokrak@lotuss.com
,66884335197,137565484,lalita.ammuai@lotuss.com
,66887759940,137565360,suphakon.chananchana@lotuss.com
,66887774721,137564887,sirinapha.panpin@lotuss.com
,66888125526,137564632,tinnawat.wiratjaroenpan@lotuss.com
,66890076471,137564705,thanet.kladkrathok@lotuss.com
,66891494465,137564977,natthasasi.wongchirapaphat@lotuss.com
,66891557386,137564806,jullapong.saengprasit@lotuss.com
,66898766814,137565102,pakhin.ainjan@lotuss.com
,66908130515,137565165,pachara.pravetjinda@lotuss.com
,66908942190,137565269,wanida.tunsomjit@lotuss.com
,66909319556,137565130,ratchdaporn.thaworn@lotuss.com
,66909515459,137564563,captain.preechawong@lotuss.com
,66909915059,137565123,ananchai.boonpuang@lotuss.com
,66910052857,137564709,janchay.seeyangnokr@lotuss.com
,66910536991,137564708,kittiporn.chamnanpana@lotuss.com
,66913826222,137564833,kankanith.suksub@lotuss.com
,66916977760,137565304,sumita.pumrit@lotuss.com
,66917918465,137564934,panomkorn.prasittidet@lotuss.com
,66918286304,137565200,nattaporn.pinkam@lotuss.com
,66918451971,137608722,thanet.sukbamrung@lotuss.com
,66918674230,137565474,rattana.monkham@lotuss.com
,66918832794,137564980,chomphu.chiraplangsuwan@lotuss.com
,66922580214,137565120,supawich.nuntakasikorn@lotuss.com
,66923103561,137564883,tawatchai.buathong@lotuss.com
,66923328315,137564706,sommai.huaykaew@lotuss.com
,66924459404,137565393,wannipa.promnoi@lotuss.com
,66924505559,137564817,phromphong.mahalertsombat@lotuss.com
,66924813602,137564584,naratip.pimchot@lotuss.com
,66925419071,137565315,sirisab.chokmaholan@lotuss.com
,66925788890,137565325,rachen.masueb@lotuss.com
,66926862741,137565438,phimphon.nasaarn@lotuss.com
,66926952797,137565466,prakaikarn.raokaset@lotuss.com
,66927400072,137564574,chanok.mongkonmon@lotuss.com
,66928030712,137565493,thanita.jansueb@lotuss.com
,66928453295,137564392,apisek.saengarthit@lotuss.com
,66928498600,137564843,kamonwan.sueakhamram@lotuss.com
,66928654182,137564933,warintorn.tonsanguan@lotuss.com
,66928692157,137565079,tasawan.buasri@lotuss.com
,66928736558,137564423,khwanruthai.wongkeaw@lotuss.com
,66928767548,137565395,pratthana.thongkham@lotuss.com
,66929715593,137565463,burin.sueayingyong@lotuss.com
,66929725142,137564533,nichapat.sukkhanong@lotuss.com
,66930047080,137565421,kwanchanok.chumpia@lotuss.com
,66930068225,137565456,pongsathorn.ladthing@lotuss.com
,66930172982,137564941,supachaya.prommarat@lotuss.com
,66930656712,137564551,sahaphap.prathumwan@lotuss.com
,66931342168,137564719,rattasat.sripayom@lotuss.com
,66932157306,137564925,charirat.phisrok@lotuss.com
,66932956018,137564676,sunantha.thimkhrueachin@lotuss.com
,66933044707,137564620,jamjuree.yoma@lotuss.com
,66933290103,137564647,warayut.poomnok@lotuss.com
,66934544678,137565058,wasana.chaungngam@lotuss.com
,66935526324,137565083,pholathan.booncharoen@lotuss.com
,66936020082,137565066,nawita.saleh@lotuss.com
,66936394341,137565186,nuttawut.chotchaborirak@lotuss.com
,66936644214,137564845,wararat.phetsuwan@lotuss.com
,66936696399,137565081,pannata.tanyasupanan@lotuss.com
,66936780191,137565194,anongnat.chaijan@lotuss.com
,66937370834,137565116,yupada.kamkaew@lotuss.com
,66937764518,137565060,nanticha.nawarat@lotuss.com
,66942563953,137564460,wanchana.srisanguan@lotuss.com
,66942918296,137564911,wakim.namdokmai@lotuss.com
,66943929596,137565119,nuchchara.theerarat@lotuss.com
,66944744908,137565366,thanyarat.sunan@lotuss.com
,66945839070,137565354,manit.kangwonngan@lotuss.com
,66945973199,137564471,intira.pulanan@lotuss.com
,66946025749,137564433,pawina.suksawaeng@lotuss.com
,66946195760,137564666,nilamol.maitapao@lotuss.com
,66947231910,137564973,wanida.phetkhong@lotuss.com
,66947363104,137564575,suphanee.muniam@lotuss.com
,66947486364,137608747,nuttchawanhon.wannacot@lotuss.com
,66947516596,137564541,kanitta.kapko@lotuss.com
,66947903351,137564853,kanokrat.suamkaeo@lotuss.com
,66947903609,137564723,natawadee.sumepha@lotuss.com
,66948039166,137564969,thitinan.chaisombat@lotuss.com
,66949012473,137565310,nongnapat.sakphibanpong@lotuss.com
,66950360322,137564783,apisit.kaoaian@lotuss.com
,66950484042,137565007,somphong.thapa@lotuss.com
,66951613175,137564774,jatuporn.dechsukphong@lotuss.com
,66951912500,137565457,phuthita.chiaiam@lotuss.com
,66952359960,137565327,thipphawan.hanpradit@lotuss.com
,66952423902,137565220,kulisara.phuphueng@lotuss.com
,66952547300,137564431,natthanan.intasroy@lotuss.com
,66952874167,137565352,baramee.maijan@lotuss.com
,66953306481,137564631,siriwipa.tekhamhan@lotuss.com
,66953760541,137564391,thanabodee.prasankasam@lotuss.com
,66954933118,137564805,apichai.chotechuen@lotuss.com
,66954956349,137564720,ettipon.meelue@lotuss.com
,66955766886,137565181,pattarapon.popasit@lotuss.com
,66956590026,137565082,arriyaphon.thongdee@lotuss.com
,66956692657,137564954,worada.raengdee@lotuss.com
,66956969204,137564670,thiwaporn.getjun@lotuss.com
,66957019577,137565176,chirathip.kaenchamp@lotuss.com
,66957081664,137564672,taksin.dachpan@lotuss.com
,66957494027,137565355,malanee.baopachum@lotuss.com
,66957723517,137565258,veerapong.saunnok@lotuss.com
,66957726890,137565035,pachara.assawaphum@lotuss.com
,66958028371,137564907,supphachai.ittaki@lotuss.com
,66958241125,137564734,seksit.hapan@lotuss.com
,66958379124,137564996,khwanluethai.rakthai@lotuss.com
,66958944236,137565100,preechaya.prachachai@lotuss.com
,66959465724,137565204,wanchaloem.thapnoi@lotuss.com
,66959568476,137564463,weeraphat.suksao@lotuss.com
,66959857792,137564465,somjet.boonto@lotuss.com
,66960034052,137565224,janjira.khongchaloen@lotuss.com
,66960605133,137565131,ajchara.duangta@lotuss.com
,66960838533,137564820,aonamon.gaeochingduang@lotuss.com
,66961803343,137564669,suwanan.somton@lotuss.com
,66962042041,137608744,sirinut.yoowiangchai@lotuss.com
,66963100680,137564583,chaichana.phuensaen@lotuss.com
,66963167456,137564998,chonthicha.ainlun@lotuss.com
,66964055676,137564603,suphet.janchock@lotuss.com
,66966060096,137564885,sasivimon.yampichai@lotuss.com
,66966523272,137565168,rathaporn.saimharn@lotuss.com
,66966532502,137564687,ornuma.puangphet@lotuss.com
,66966577582,137564609,pimwipa.puntawong@lotuss.com
,66966690391,137564674,wilaipun.kaewphetsuwan@lotuss.com
,66966919924,137565021,audchariya.chaithong@lotuss.com
,66967120877,137564625,sirinthip.sawatdipon@lotuss.com
,66968180877,137565167,nutchanan.kongsawat@lotuss.com
,66968212941,137565273,chnoemphon.phutthadi@lotuss.com
,66969417270,137608723,thapanee.eigbe@lotuss.com
,66969436381,137565158,sarintip.yaiying@lotuss.com
,66970142137,137564968,panatda.phumsrisai@lotuss.com
,66970407820,137565420,chanyanu.changdee@lotuss.com
,66970468489,137565274,cunaporn.yahatta@lotuss.com
,66972652093,137564667,mongkonkasem.sirirat@lotuss.com
,66972897596,137565121,inthuon.thamupatham@lotuss.com
,66973305306,137564732,netthapong.sanitnok@lotuss.com
,66979270579,137565103,kamolsiri.thongkhom@lotuss.com
,66979684123,137564390,songpon.boonmee@lotuss.com
,66980021698,137564909,natthaphon.thongchan@lotuss.com
,66980291541,137565289,patsanun.aekpatcha@lotuss.com
,66980753572,137564401,wanna.habha@lotuss.com
,66980797872,137564673,rachan.ratduang@lotuss.com
,66981359564,137565337,sujittra.samphan@lotuss.com
,66981510112,137564459,sukanya.saengsaen@lotuss.com
,66981521849,137564370,kittima.phongam@lotuss.com
,66981788904,137565328,tipkasorn.promsopa@lotuss.com
,66981985010,137564784,suradet.paengrung@lotuss.com
,66982509903,137564561,suphitchaya.porprasit@lotuss.com
,66982805501,137564478,kittipron.ardyata@lotuss.com
,66983080319,137564469,ausa.homsukhon@lotuss.com
,66983737731,137565492,chaiwat.bunphiban@lotuss.com
,66985304384,137565358,tewalit.srithong@lotuss.com
,66986266989,137564764,danai.hanjing@lotuss.com
,66986571346,137564926,araya.prin@lotuss.com
,66986791403,137565252,thitaporn.kaewpijit@lotuss.com
,66987566078,137565398,thirasak.yotkoed@lotuss.com
,66987715871,137564480,chanthararat.sooksaew@lotuss.com
,66988040361,137565203,pattarawadee.wongwiriya@lotuss.com
,66988316120,137564422,worapol.ngenngam@lotuss.com
,66988468878,137565409,nattaphon.suksao@lotuss.com
,66988597746,137564762,umphika.wongplab@lotuss.com
,66988599362,137564890,benchamat.sangnoy@lotuss.com
,66988703704,137565071,nattapon.moondang@lotuss.com
,66989063008,137565295,athiwat.utahong@lotuss.com
,66989233831,137564536,rattana.namnai@lotuss.com
,66989305851,137565005,jaroonphat.baratthapa@lotuss.com
,66989489362,137564725,preeya.thongpan@lotuss.com
,66989615036,137564803,thanatporn.saosiri@lotuss.com
,66989696592,137565182,pakjira.ruadrew@lotuss.com
,66989697467,137565008,tanyatorn.nakkhlai@lotuss.com
,66992827630,137564540,alisara.khamthep@lotuss.com
,66992835401,137565290,nareerat.thummato@lotuss.com
,66993435023,137565291,apiradee.rueangkijjanuwat@lotuss.com
,66993601817,137564971,pangpen.kuharmongkonpisan@lotuss.com
,66993689938,137564514,krittiyaporn.bunsin@lotuss.com
,66994428080,137564564,soraya.chukian@lotuss.com
,66994428715,137564421,apiniharn.lertprom@lotuss.com
,66994757211,137565223,namthip.bulanleamewong@lotuss.com
,66994945001,137564874,pariwat.suwan@lotuss.com
,66994968214,137608720,nampen.phoongean@lotuss.com
,66996123677,137565418,khanittha.chaloemsit@lotuss.com
,66996164939,137564950,suchaya.sirikaew@lotuss.com
,66996185939,137565175,natnaree.srikaewpuang@lotuss.com
,66997382535,137608748,wattana.toomteian@lotuss.com
,66999128155,137564979,ehong.sirijanyanon@lotuss.com
,9.17386E+11,137543519,shirish.ghule@lotuss.com
