mobile,userid,Username
66944267779,134854132,sira.srathonghon@lotuss.com
66897703970,134849089,atiporn.jaroensri@lotuss.com
66618504449,134948854,sittichai.pongpaisarnsri@lotuss.com
66868882686,135791791,natpavin.rattanaviang@lotuss.com
66814826417,134927886,napassaporn.likhitsajjakul@lotuss.com
66897893650,135792987,pakorn.chanlim@lotuss.com
66865997663,134917656,navamin.chawla@lotuss.com
66939951514,135792308,anuwat.jiwtrakul@lotuss.com
66816477111,134933617,theeradej.sahawattanapong@lotuss.com
66863904565,137628057,donjit.pimwichai@lotuss.com
66863617878,134851344,pakpoom.nawakitbumrung@lotuss.com
66624951644,134854167,suthee.lamlerttham@lotuss.com
66844108993,135793190,jennarong.jindaananyot@lotuss.com
66813863960,134927936,atirat.wajanasoontorn@lotuss.com
60163678301,135327481,mohdhizzat.mohdyusof@lotuss.com
60138109552,135569457,daphene.michael@lotuss.com
66616652555,135792614,phumpadungsin.chomkoh@lotuss.com
66869178962,134900098,pantita.soontaran@lotuss.com
66818694416,134948542,suraphong.likhitsan@lotuss.com
66646585777,134892950,panupong.srithonratkul@lotuss.com
60146222320,135333382,manjun.ho@lotuss.com
66993526228,134851442,paphawee.lumlert@lotuss.com
66880955835,134922367,natthapol.yutthanaviwat@lotuss.com
66820053855,134948653,tawatchai.arunjit@lotuss.com
66898948956,134851063,arak.preechawong@lotuss.com
66896993310,134927747,apisitt.rattana@lotuss.com
1,137627658,piyush.hetanshbharad@lotuss.com
1,137627661,tussanee.supanviwut@lotuss.com
1,137627665,sarat.ratnamjaichon@lotuss.com
1,137627671,sampath.aralukudigesubramanya@lotuss.com
1,137627673,atcharawan.jantat@lotuss.com
1,137627676,napat.sunanta@lotuss.com
1,137627681,naga.sivamoole@lotuss.com
1,137627685,minhhiep.loung@lotuss.com
1,137627688,woraman.kumyan@lotuss.com
1,137627692,kosuriveera.anudeep@lotuss.com
1,137627697,antreesa.anto@lotuss.com
1,137627703,naveen.bhatt@lotuss.com
1,137627712,darin.suthapong@lotuss.com
1,137627722,jittagorn.pitakmetagoon@lotuss.com
1,137627729,jaroenvut.pumketkeo@lotuss.com
1,137627732,thithuan.nguyen@lotuss.com
1,137627737,nhan.nguyenthi@lotuss.com
1,137627741,aiilin.teoh@lotuss.com
1,137627744,waravut.singhintr@lotuss.com
1,137627748,devika.murali@lotuss.com
1,137627762,mayank.gupta@lotuss.com
1,137627771,suresh.alla@lotuss.com
1,137627774,mamatha.mekala@lotuss.com
1,137627781,raj.kumar@lotuss.com
1,137627786,myyank.shukla@lotuss.com
1,137627787,alexandr.babich@lotuss.com
1,137627795,dmitrii.turov@lotuss.com
1,137627799,ashok.kumar@lotuss.com
1,137627804,vidhya.rao@lotuss.com
1,137627809,vanishree.subramani@lotuss.com
1,137627811,tuyen.luuminh@lotuss.com
1,137627820,alexey.pavlov@lotuss.com
1,137627825,jinta.kheunkhieo@lotuss.com
1,137627830,nuttaaun.jittiwuttinon@lotuss.com
1,137627833,saswat.mishra@lotuss.com
1,137627838,francis.ananth@lotuss.com
1,137627839,dullayut.thabthimthong@lotuss.com
1,137627847,srikanth.kalyan@lotuss.com
1,137627857,pavel.volkov@lotuss.com
1,137627867,elizaveta.perceva@lotuss.com
1,137627876,noraizi.rahmat@lotuss.com
1,137627881,samanthashipei.lee@lotuss.com
1,137627885,kochamon.wongchumpit@lotuss.com
1,137627888,khanukpo.lakboon@lotuss.com
1,137627893,uthen.panlee@lotuss.com
1,137627895,pimonpan.treeinthong@lotuss.com
1,137627908,julien.liabeuf@lotuss.com
1,137627912,jignesh.pandya@lotuss.com
1,137627917,pirush.prechathavanich@lotuss.com
1,137627925,shwetha.rama@lotuss.com
1,137627927,somkiat.saelao@lotuss.com
1,137627931,veena.danala@lotuss.com
1,137627938,jen.cheang@lotuss.com
1,137627942,bhabani.dash@lotuss.com
1,137627947,thanatnan.inlee@lotuss.com
1,137627949,gangireddy.raveen@lotuss.com
1,137627953,nimisha.gupta@lotuss.com
1,137627958,neha.sisodia@lotuss.com
1,137627960,suresh.tankala@lotuss.com
1,137627964,nurshazwani.zahari@lotuss.com
1,137627970,noppadon.sounpholamai@lotuss.com
1,137627974,nopporn.yotchai@lotuss.com
1,137627978,siriporn.tantiyasawasdi@lotuss.com
1,137627982,kittaya.sophon@lotuss.com
1,137627987,phumin.kaewpho@lotuss.com
1,137627989,kittisak.khamchama@lotuss.com
1,137627994,apichat.tiwawong1@lotuss.com
1,137627997,vasina.rattanvong@lotuss.com
1,137628000,vadali.sruthi@lotuss.com
1,137628005,phusanisa.prathumwan@lotuss.com
1,137628010,suchanya.khamhaeng@lotuss.com
1,137628014,piyatorn.imjan@lotuss.com
1,137628024,pongpan.nanudorn@lotuss.com
1,137628030,nattawat.sivarux@lotuss.com
1,137628033,nimmanahaemin.sapanyawuttip@lotuss.com
1,137628040,thanaphol.mindo@lotuss.com
1,137628045,thanyaporn.sirisin@lotuss.com
1,137628049,tulanit.atikanit@lotuss.com
1,137628061,kunut.chamsrirat@lotuss.com
1,137628068,anuchit.nuanchaidee@lotuss.com
1,137628073,thanapat.waewsri@lotuss.com
1,137628076,vinai.bootsart@lotuss.com
1,137628080,sirapob.sarinnapakorn@lotuss.com
1,137628084,piyathida.malayasakul@lotuss.com
1,137628086,anucha.mahaweerarat@lotuss.com
1,137628091,thanatchaporn.krajaisri@lotuss.com
1,137628096,sivakorn.bupphadee@lotuss.com
1,137628100,sasitorn.onfong@lotuss.com
1,137628105,danai.dabpimjub@lotuss.com
1,137628108,pratchaya.palee@lotuss.com
1,137628112,somyot.damruen@lotuss.com
1,137628119,ploylada.pusiri1@lotuss.com
1,137628124,amitrajkumar.motwani@lotuss.com
1,137628141,andrey.bondarev@lotuss.com
1,137628145,sohzhen.yi@lotuss.com
1,137628150,kahjo.fong@lotuss.com
1,137628153,pemika.chanchamcharat@lotuss.com
1,137628156,jattavit.chovybomrung@lotuss.com
1,137628168,mayumi.mariano@lotuss.com
1,137628180,navyamol.zacharia@lotuss.com
1,137628189,arthi.raj@lotuss.com
1,137628191,long.nguyenkhanh@lotuss.com
1,137628195,unnop.thanoi@lotuss.com
1,137628201,sarah.jose@lotuss.com
1,137628205,duy.phamngoc@lotuss.com
1,137628210,sherin.xavier@lotuss.com
1,137628213,nimmy.g@lotuss.com
1,137628218,vidhya.murali@lotuss.com
1,137628222,quanglong.pham@lotuss.com
1,137628225,varunyu.wichetchart@lotuss.com
1,137628229,vibhash.h@lotuss.com
1,137628232,saiprasadr.nair@lotuss.com
1,137628234,wichunai.rangsit@lotuss.com
1,137628242,vanvoung.le@lotuss.com
1,137628245,keerthana.s@lotuss.com
1,137628251,sulabh.bansod@lotuss.com
1,137628255,lijo.joy@lotuss.com
1,137628257,pimchanok.kanchanin@lotuss.com
1,137628264,vignesh.subramani@lotuss.com
1,137628276,kumtip.jularattanaporn@lotuss.com
1,137628287,shivashankar.r@lotuss.com
1,137628292,siva.sivadasan@lotuss.com
1,137628297,deepali.tingare@lotuss.com
1,137628307,bhavya.jain@lotuss.com
1,137628312,xuanan.tong@lotuss.com
1,137628318,sruthy.muralidharan@lotuss.com
1,137628324,subramanyeswara.n@lotuss.com
1,137628333,rashmi.vibhandik@lotuss.com
1,137628346,deepikadas.das@lotuss.com
1,137628354,anitha.p@lotuss.com
1,137628362,bhavanirajendra.g@lotuss.com
1,137628372,ducanh.le@lotuss.com
1,137628378,shradha.wahikar@lotuss.com
1,137628381,sangeethapriya.m@lotuss.com
1,137628386,dieuhang.nguyen@lotuss.com
1,137628389,apirada.pumpan@lotuss.com
1,137792919,sitisuliza.rosli@lotuss.com
60104220255,137794350,noorfarhana.mohdnoor@lotuss.com
6.01111E+11,137793040,vicky.xu@lotuss.com
60122015985,137792741,martyn.grange@lotuss.com
60122075353,137792782,gunasegran.narayanasamy@lotuss.com
60122375095,137794346,chinkuan.yap@lotuss.com
60123100844,137675555,sharizat.abdulrahman@lotuss.com
60124094742,137794444,nurulnajihah.azalanzazllay@lotuss.com
60124366561,137793217,duncan.chua@lotuss.com
60125483843,137792882,rajesh.ranganathan@lotuss.com
60132659418,137793132,nuraliyyanatasha.norazli@lotuss.com
60133769812,137793228,norshahira.ahmadsabri@lotuss.com
60136817748,137792766,muhammadekhwan.mohamedeusop@lotuss.com
60145236638,137793229,anissyahidah.chesamsudin@lotuss.com
60169819452,137792879,vincent.tan@lotuss.com
60172551086,137794432,dinesh.selvaraj@lotuss.com
60174887181,137793244,aidashakirah.abdulrahim@lotuss.com
60176940844,137792922,adrianasofia.azmi@lotuss.com
60189420661,137792775,nuradilah.matsupi@lotuss.com
60192068973,137794459,chaovalit.meepien@lotuss.com
60192313360,137794354,pau.choi@lotuss.com
60199790527,137793135,aisyahrodhiyah.yusof@lotuss.com
66610094689,137746700,chonthiya.phansurin@lotuss.com
66610139971,137746940,rungnapha.changprung@lotuss.com
66610233930,137787723,nakarin.matchimabura@lotuss.com
66610748409,137746563,kasidit.aoramai@lotuss.com
66611200938,137746820,ruethairat.namratsi@lotuss.com
66612689513,137746813,thanaporn.junla@lotuss.com
66613060602,137746968,natnapa.chuenchom@lotuss.com
66613386781,137746782,latthaphon.chantre@lotuss.com
66613427569,137746703,panatda.phimwan@lotuss.com
66614111446,137746961,arthit.lekkkluean@lotuss.com
66614566459,137794439,bussathit.purnaveja@lotuss.com
66614629027,137746878,amporn.yasooksri@lotuss.com
66614973020,137747162,kunthanet.phlolloet@lotuss.com
66615067762,137747176,bannarak.wisetchok@lotuss.com
66615186130,137746424,jirawat.phuchtonglang@lotuss.com
66615245564,137793025,usaneewan.pakwattanachai@lotuss.com
66615509796,137794393,natchinan.thanatsupat@lotuss.com
66615539419,137794462,pornruedee.wongvinichpakorn@lotuss.com
66615915810,137746987,ariya.panadon@lotuss.com
66616156174,137787810,kamonluk.julapan@lotuss.com
66616402060,137787777,napat.sopha@lotuss.com
66617438542,137787900,muthita.chuainakhon@lotuss.com
66617716191,137746749,sasita.doysaithong@lotuss.com
66617865137,137746666,thanarat.bunyato@lotuss.com
66618023325,137787704,nurdiana.dentam@lotuss.com
66618307966,137793038,chutimant.korsamanchaikit@lotuss.com
66618394913,137746948,jutarat.khammantree@lotuss.com
66619189302,137794388,kanittha.saardchue@lotuss.com
66619197654,137792696,atithaya.losomboon@lotuss.com
66619291641,137794423,chatsumarn.duangpotong@lotuss.com
66620530454,137747149,surapan.kaewpradit@lotuss.com
66621756382,137746615,panya.khammee@lotuss.com
66621821129,137746981,supannee.intashote@lotuss.com
66622423145,137747106,siwayu.bunsanit@lotuss.com
66623251993,137747126,nisachon.pookerdpim@lotuss.com
66623480199,137746978,somruedi.arsaimueang@lotuss.com
66623739550,137747110,phatthapon.punvimonchai@lotuss.com
66623787297,137746892,nipon.sangpoa@lotuss.com
66623833008,137746937,ketsarin.sritaing@lotuss.com
66624927525,137746401,wanlada.junthong@lotuss.com
66625250466,137787727,kamphon.moonthathong@lotuss.com
66625529500,137746652,nuengrak.meechai@lotuss.com
66625579170,137787678,wanlayanee.weekaew@lotuss.com
66626421931,137746350,panvisa.phatson@lotuss.com
66627259101,137787748,kanokwan.saetang@lotuss.com
66629089497,137746972,kannika.phungyoosuk@lotuss.com
66629250795,137746786,apinya.chachana@lotuss.com
66629268277,137746726,suthathip.premjit@lotuss.com
66630349246,137794436,sittinut.pumbansow@lotuss.com
66631495687,137747164,pakanan.seajeng@lotuss.com
66631697693,137746685,narinthon.thompat@lotuss.com
66632346596,137792667,thamolchanok.dhilokratchatasakul@lotuss.com
66633262611,137787757,marisa.jainam@lotuss.com
66634108742,137746546,chatuporn.siriputthanon@lotuss.com
66635064408,137746375,rattapat.khambutda@lotuss.com
66636279324,137746356,wirawan.bunthan@lotuss.com
66636314348,137787909,benjamaporn.seeto@lotuss.com
66637698830,137746855,wanpadet.kaowpong@lotuss.com
66637713625,137747152,thunyaporn.nasomechai@lotuss.com
66637742914,137746734,patcherawan.kongprom@lotuss.com
66638421778,137746945,arisa.vichit@lotuss.com
66638654017,137747154,outiareeya.surapapkriangkrai@lotuss.com
66638903354,137747072,ibrohem.mahah@lotuss.com
66639101054,137747156,thanawat.saikhamting@lotuss.com
66639101054,137787772,mathat.kauntee@lotuss.com
66639167000,137792923,siwat.kitprasarn@lotuss.com
66639386474,137746367,nithiporn.sukloet@lotuss.com
66641166703,137746830,suphalak.onsawat@lotuss.com
66641397023,137787755,sutqvee.yachiangkam@lotuss.com
66641500502,137746714,orapin.boonart@lotuss.com
66641699461,137746810,supunsa.pidtafai@lotuss.com
66642128652,137747142,thanayor.chaithammadech@lotuss.com
66642257017,137747089,noraset.singhan@lotuss.com
66643369976,137746337,dalanporn.boonchalee@lotuss.com
66643624163,137793014,supraween.thamkittikun@lotuss.com
66644791428,137787825,thaworn.chanyuak@lotuss.com
66645396451,137793245,pongrapee.piyanarupat@lotuss.com
66646840302,137747179,teerapart.lertsakjaroenkul@lotuss.com
66646915565,137746514,chayanaphat.nootoi@lotuss.com
66647514548,137746576,nuttanon.meunsakda@lotuss.com
66647583084,137747101,sompong.thaiprom@lotuss.com
66647644398,137746797,tanakit.chenjit@lotuss.com
66647846762,137747077,parichat.khongthon@lotuss.com
66648195076,137747079,narisara.wisetshup@lotuss.com
66648436542,137746868,banthita.somkhuanchat@lotuss.com
66648793089,137746913,pimpisa.jampadang@lotuss.com
66648979981,137746822,duangkamol.khetdon@lotuss.com
66649034494,137746384,thanaphat.photinai@lotuss.com
66649659397,137787786,panupong.maenphuak@lotuss.com
66649800029,137746814,chalita.pawako@lotuss.com
66650219501,137747052,suttipath.kankasang@lotuss.com
66651191168,137792928,ornrumpa.amornkasemwong@lotuss.com
66652068818,137746553,pimonmad.kludpoung@lotuss.com
66652153457,137746838,anupab.paisopa@lotuss.com
66652199178,137746606,suthasinee.somwang@lotuss.com
66652722575,137787875,usa.thaiprasert@lotuss.com
66653067290,137746516,anchana.tookhokkruad@lotuss.com
66653105077,137746360,athitaya.khamoon@lotuss.com
66653276809,137747067,sineerat.phundee@lotuss.com
66653819783,137746839,jaruuwan.visadchanam@lotuss.com
66654398753,137746630,wannaporn.chanapai@lotuss.com
66654543523,137787860,narancha.phongmalai@lotuss.com
66655158058,137746818,manitawee.suphannamok@lotuss.com
66655913782,137746709,kanjana.naga@lotuss.com
66655927805,137787912,puripat.boonparkord@lotuss.com
66656048424,137746988,wimolrat.saetan@lotuss.com
66656065845,137746557,saharat.singtothong@lotuss.com
66656124219,137746492,thanyarat.namsorn@lotuss.com
66656202570,137746320,sunisa.boonprakom@lotuss.com
66656407164,137787738,sasiton.sreetuam@lotuss.com
66656484682,137746597,thitima.phatthaisong@lotuss.com
66656615064,137787694,wasaphol.weanthongkham@lotuss.com
66657756199,137746729,phuttharaksa.tengsiri@lotuss.com
66658403463,137746549,oraphan.apiwatdechakul@lotuss.com
66658467931,137746752,nonthachai.raksitanon@lotuss.com
66658618918,137746763,surapot.noiklang@lotuss.com
66658891378,137787818,sangdow.tohiran@lotuss.com
66659621252,137746362,saowalak.songkhlang@lotuss.com
66659704069,137787731,tanat.kongpan@lotuss.com
66660304948,137746587,siriporn.boonyaem@lotuss.com
66661459511,137747174,chonlamas.jampayos@lotuss.com
66800048280,137746686,bouaonphot.natsaphat@lotuss.com
66800526119,137746468,sirivan.janthon@lotuss.com
66801595469,137746804,bencharat.ngiabchangrit@lotuss.com
66801651930,137746355,wannaphon.phiromchuen@lotuss.com
66802728438,137746984,phitchaya.chaingam@lotuss.com
66802805589,137792737,napatsorn.yuktadatta@lotuss.com
66802933079,137793140,sakron.santhippayub@lotuss.com
66803194879,137746407,ariya.rattanawong@lotuss.com
66805097220,137746501,ourachut.rugdownchai@lotuss.com
66805536653,137792901,nut.piriyapon@lotuss.com
66806136984,137746527,saovaluck.kittawut@lotuss.com
66806255527,137747090,natsupa.puttasri@lotuss.com
66806346702,137746602,kuntima.khayanying@lotuss.com
66806634521,137787794,anuchsara.buayim@lotuss.com
66807794131,137747119,inthira.rueangsat@lotuss.com
66807932210,137747159,tadsanai.batow@lotuss.com
66808173761,137792682,nopparuj.cruecrin@lotuss.com
66809896403,137787801,peerapong.inyim@lotuss.com
66811101175,137794447,marisa.samathathanyakon@lotuss.com
66811428961,137793048,weeraphon.srigotaphet@lotuss.com
66812391841,137792788,wanlapa.pamuaeng@lotuss.com
66816258613,137793127,oranee.kuewrat@lotuss.com
66816648893,137747132,salisa.siriyot@lotuss.com
66817120861,137746861,phurithat.udomsin@lotuss.com
66817447865,137793155,meatha.koedphokha@lotuss.com
66818305702,137794357,thanawat.boonto@lotuss.com
66818450499,137792968,jatupat.chantavilas@lotuss.com
66818987907,137792709,nataporn.lertwittayawiwat@lotuss.com
66819181766,137794403,satainpong.tacharak@lotuss.com
66820461227,137746874,navapon.tanomsawai1@lotuss.com
66820758860,137746556,jitlada.saenghiang@lotuss.com
66821550132,137746835,kitsanaphong.panpin@lotuss.com
66821595545,137792706,tanpicha.yodbun@lotuss.com
66822032340,137787893,aekkalak.deungsawan@lotuss.com
66822054126,137794470,nattapon.sukthai@lotuss.com
66822105095,137792673,sittan.nierapak@lotuss.com
66822321548,137787815,thantanachai.buayim@lotuss.com
66822611525,137746694,thanandorn.hnutong@lotuss.com
66822614026,137746505,thanyasiri.jitnatham@lotuss.com
66822730641,137746962,thanit.mattiko@lotuss.com
66822870646,137787908,meechai.katasila@lotuss.com
66823042321,137787919,kunita.yodhan@lotuss.com
66823800675,137746955,phonlaphat.panusophon@lotuss.com
66824283295,137746928,oatcharaphon.yuyu@lotuss.com
66824427744,137746718,sutat.saeueng@lotuss.com
66825306902,137747165,sonthong.chaihan@lotuss.com
66825369446,137794365,panuwat.asaphan@lotuss.com
66825677232,137747153,saharat.mingman@lotuss.com
66825977304,137787783,wanchanok.mingkwan@lotuss.com
66826861425,137747066,chonthicha.tathip@lotuss.com
66828448764,137792762,yupara.puchathong@lotuss.com
66828538710,137747138,rungwikrai.sonthimoon@lotuss.com
66829211018,137746769,supaporn.aonthong@lotuss.com
66829511474,137746624,pichaiyut.saitho@lotuss.com
66830964259,137793175,parinya.werasawat@lotuss.com
66831199075,137746567,tassanee.limbunyaprasert@lotuss.com
66832231260,137746392,arthit.phanthong@lotuss.com
66832733410,137746710,aekkachai.auttama@lotuss.com
66834544981,137746503,priyakon.nuankasem@lotuss.com
66834613867,137794453,kingnapa.phayakkha@lotuss.com
66835095893,137787861,asawamin.pansakun@lotuss.com
66835185673,137746884,saowanee.kinglek@lotuss.com
66835259887,137746448,rattana.kebsup@lotuss.com
66835515996,137792998,chawanthon.khochueaklang@lotuss.com
66835758200,137793148,warit.charoensirichot@lotuss.com
66835944605,137792822,phicha.sittidachakul@lotuss.com
66836082868,137792664,ithikorn.kwanthong@lotuss.com
66837486493,137794414,raewat.thongpakdi@lotuss.com
66839099291,137746989,natnaree.thanawat@lotuss.com
66839840534,137792962,chitipat.autsahapradit@lotuss.com
66839875378,137792748,tarathip.nanchai@lotuss.com
66840495372,137747117,kaewmani.leeloh@lotuss.com
66840854383,137792832,yuttana.thipthanya@lotuss.com
66840966851,137787828,gittima.krongsub@lotuss.com
66841439119,137792989,sittichai.jongtanakamon@lotuss.com
66842481433,137787712,jutamad.sangkawan@lotuss.com
66845381678,137787840,papartsorn.sangjan@lotuss.com
66846535919,137792892,aunchalee.panyakosid@lotuss.com
66848780100,137792773,udomsak.samart@lotuss.com
66849978887,137747023,natakorn.chuaypat@lotuss.com
66850452050,137792839,rinlada.jangsirikul@lotuss.com
66850467046,137792960,thunyamas.jirajaran@lotuss.com
66850555400,137793232,apiradee.saengow@lotuss.com
66851333465,137793220,pimporn.srijaroen@lotuss.com
66851432856,137792827,korakot.thipkomut@lotuss.com
66852199361,137746730,nisa.romrean@lotuss.com
66854433324,137792661,lati.boonprasert@lotuss.com
66854829017,137746675,sunee.phosee@lotuss.com
66854836869,137793152,phattranis.kerdsaeng@lotuss.com
66855683540,137747029,sarawut.hama@lotuss.com
66860275240,137746766,thanawit.omnok@lotuss.com
66860457327,137792977,supanai.dechawong@lotuss.com
66863819772,137787879,karntima.singto@lotuss.com
66863985451,137746461,watcharapol.phoona@lotuss.com
66867633290,137746646,thanaroj.kangwan@lotuss.com
66869476726,137793007,roongphiroon.phibool@lotuss.com
66869829939,137792913,methat.chokeakkakul@lotuss.com
66870381121,137787675,alisa.srikaew@lotuss.com
66870652706,137792860,phannita.taksinnukunvong@lotuss.com
66872557799,137792816,lalin.sesthapiyanon@lotuss.com
66872588992,137746613,suttida.siangchin@lotuss.com
66872983017,137747054,wisalsak.jandang@lotuss.com
66873235863,137793041,thitiporn.nikrotha@lotuss.com
66873688463,137747034,chatchawan.patrat@lotuss.com
66874211842,137793028,ratchaneekorn.inlakhon@lotuss.com
66875634666,137792755,thippayawaree.sakburanapongsa@lotuss.com
66875957395,137746398,prisana.saliphon@lotuss.com
66876178338,137793056,nuanwan.sildphiphat@lotuss.com
66878796437,137746499,piyanan.butakhiew@lotuss.com
66879263357,137793105,rattiya.pinpetpong@lotuss.com
66879372121,137793016,nutthida.sungchimkallayakorn@lotuss.com
66882108074,137794396,surachai.wattanaroongraung@lotuss.com
66882586065,137746609,nakin.wasantawisuwat@lotuss.com
66884342515,137793096,weerawan.payawong@lotuss.com
66884903121,137793046,jumroon.muangbut@lotuss.com
66885425824,137793233,saisunee.yuepaopan@lotuss.com
66886238489,137787685,thanakorn.mahaprom@lotuss.com
66886598529,137746825,sukanya.pimsawat@lotuss.com
66887822882,137793005,salit.suchart@lotuss.com
66888317430,137792746,pannasa.kunapaphanan@lotuss.com
66888658799,137793086,napapat.chosiaungkana@lotuss.com
66891777337,137792771,chanchai.suksan@lotuss.com
66891998466,137792867,sawitta.nonthapha@lotuss.com
66894121111,137794377,sontaya.kanchanabandhu@lotuss.com
66894448575,137794466,amnach.chuayna@lotuss.com
66896464995,137794443,sikarin.poomprawat@lotuss.com
66896644848,137792715,siravuth.khanasiriphisan@lotuss.com
66896814133,137792875,jetniphat.lertananta@lotuss.com
66897644809,137787767,chanaphongphan.chomsom@lotuss.com
66898023400,137746826,nuengruethai.buamoen@lotuss.com
66898152262,137746721,chutika.riannak@lotuss.com
66898466389,137792809,chavanluk.sukthaisong@lotuss.com
66900943472,137746716,akkarawat.dudpan@lotuss.com
66902107900,137747112,tanyapak.ureerak@lotuss.com
66902643596,137787918,bangon.pakanta@lotuss.com
66902835746,137746534,supansa.boonwit@lotuss.com
66902845879,137746659,sirikanya.thongtae@lotuss.com
66904165646,137792761,nipaporn.insook@lotuss.com
66905970015,137787806,thipprapa.mungdee@lotuss.com
66909167545,137746558,nanthaka.samta@lotuss.com
66909790882,137792904,chanchai.sikharangkura@lotuss.com
66910328656,137792955,warandhorn.nontananandh@lotuss.com
66911928601,137747010,naowarat.puttapawat@lotuss.com
66914896255,137746463,thitaree.luehan@lotuss.com
66916527759,137787867,thanyathep.pansakul@lotuss.com
66917037382,137746619,napaporn.mahawong@lotuss.com
66917246090,137747070,piyathida.jangtuam@lotuss.com
66917805485,137787906,kedsarin.wongyai@lotuss.com
66917908734,137746365,wipada.yongphot@lotuss.com
66917916096,137787809,anuchit.onsomjit@lotuss.com
66917934710,137747056,wathasinp.sriouan@lotuss.com
66918640373,137746622,panita.thamwiset@lotuss.com
66918833021,137793168,sirichat.kattiyapirak@lotuss.com
66921457999,137793022,papitchaya.verasaksuriya@lotuss.com
66921546585,137746458,phairot.prachumthong@lotuss.com
66921864446,137793221,pathitta.kanhakiao@lotuss.com
66922380188,137746731,jetsada.padthawing@lotuss.com
66922700552,137747086,chawarat.sarayuttikron@lotuss.com
66922834564,137793051,tikamporn.muadsing@lotuss.com
66922846657,137746373,saranyu.somboon@lotuss.com
66923396554,137746708,somporn.chantigo@lotuss.com
66923689795,137746494,narongkorn.thummavet@lotuss.com
66923961359,137792759,jamjuree.jukngern@lotuss.com
66924074988,137794384,tepsit.kamudrat@lotuss.com
66924706355,137746453,wipawadee.nanuankum@lotuss.com
66925193300,137746322,songvut.masatsom@lotuss.com
66925240938,137787696,hattaya.chaithong@lotuss.com
66925717396,137746316,ratchaporn.janthong@lotuss.com
66925920909,137746655,pasara.sikhen@lotuss.com
66926158506,137746467,namoy.phumphuang@lotuss.com
66926279116,137787672,mayusnh.cheso@lotuss.com
66926461170,137746442,preyaluk.ratchatawat@lotuss.com
66927209497,137746611,supitchaya.leekitcharoenpon@lotuss.com
66927575442,137746566,nattapol.poomchan@lotuss.com
66927863622,137747068,aekkapol.wichitkul@lotuss.com
66928484835,137792686,oranoot.aswisetsiwakul@lotuss.com
66928616202,137746399,phatthaphong.sinthog@lotuss.com
66928805343,137746632,rotchana.phanadet@lotuss.com
66928863920,137746669,arisara.treeratrudee@lotuss.com
66929548313,137792798,peter.muthikuljones@lotuss.com
66929747895,137792890,kittanai.poonsawat@lotuss.com
66930403082,137746455,pannida.khamsri@lotuss.com
66931351228,137746678,kanjana.prayoonsiri@lotuss.com
66933064075,137747058,jirapa.aunket@lotuss.com
66933161747,137746415,aekkawin.promdaeng@lotuss.com
66933194259,137792843,maiyavit.worawong@lotuss.com
66933277653,137746524,nutdanai.pengpanya@lotuss.com
66933650655,137746629,jaran.wanchuphloed@lotuss.com
66935719379,137746725,bunloed.jundee@lotuss.com
66935783792,137747069,phoomtawat.maimongkol@lotuss.com
66936100566,137746732,sudaphon.chanaphon@lotuss.com
66936281298,137787796,akkachai.ronhtong@lotuss.com
66936795331,137746511,chanthima.phumkhong@lotuss.com
66936858513,137747055,ridduan.karee@lotuss.com
66942891869,137746422,phaisan.khonpha@lotuss.com
66942946073,137746569,phakjira.phengdi@lotuss.com
66943234667,137746985,chonthicha.sihabut@lotuss.com
66943519546,137793170,chartchai.phongpaew@lotuss.com
66944726734,137746593,phatcharaphon.thumdee@lotuss.com
66944915590,137792894,natkrita.chartrasee@lotuss.com
66946267006,137747063,somkid.saelee@lotuss.com
66947735218,137746495,hataichanok.kaewjinda@lotuss.com
66947951454,137793092,santad.sanchompoo@lotuss.com
66947971213,137792886,natthasiri.seesao@lotuss.com
66948126662,137793044,napat.suwannachet@lotuss.com
66948725523,137746508,phiranan.songkho@lotuss.com
66949535400,137746324,metaporn.pekprakon@lotuss.com
66950178497,137746466,pimpika.robroo@lotuss.com
66951584912,137747128,thanyawat.deangsanga@lotuss.com
66952207046,137747172,kwankaew.sirisuk@lotuss.com
66952355032,137747043,aekarach.sanguantoi@lotuss.com
66953072600,137787709,pornchan.sengpet@lotuss.com
66953349623,137787666,thanyarat.kanyaprasit@lotuss.com
66953716078,137787674,ubon.timsan@lotuss.com
66953916705,137746410,ketsarin.laemthaisong@lotuss.com
66953969251,137793030,worasak.ratchata@lotuss.com
66954209318,137746713,suchira.phakdi@lotuss.com
66954214058,137793173,pavinee.nooket@lotuss.com
66954374193,137747005,kittiporn.wannakoed@lotuss.com
66954406443,137792872,thakorn.sirawutthiporn@lotuss.com
66954462626,137793249,jaruwat.chooduang@lotuss.com
66955307269,137747157,phuthanrt.champayod@lotuss.com
66955450425,137792739,photsawee.watcharasathapornpong@lotuss.com
66955874761,137792722,peerawat.lainuan@lotuss.com
66956040373,137747049,adun.noohai@lotuss.com
66956427064,137746498,phichit.saethao@lotuss.com
66956458525,137747166,nantakan.seesang@lotuss.com
66956801800,137746744,varin.sowisad@lotuss.com
66956972995,137746806,nutruja.nuwong@lotuss.com
66957328729,137746618,theeradet.thanaphanrungrot@lotuss.com
66957616453,137746490,pilaiporn.homsripasert@lotuss.com
66957807068,137746600,kitsana.mansuwan@lotuss.com
66958739479,137787854,ketmanee.khongsakdawong@lotuss.com
66958877121,137792669,ueaangkun.pongyeela@lotuss.com
66959480755,137746757,chariya.setthaphon@lotuss.com
66960641014,137746374,surawut.sawangsri@lotuss.com
66960781280,137747015,natchaphol.denti@lotuss.com
66961235436,137746776,chitlada.tepnarong@lotuss.com
66961788453,137792945,vimol.chantaramanee@lotuss.com
66961829687,137747134,junthima.khongtawon@lotuss.com
66962244683,137792981,dorn.pukananan@lotuss.com
66962253797,137792947,hataikan.boontong@lotuss.com
66962635273,137787844,warapron.koedsup@lotuss.com
66962725496,137746487,kitika.momlamun@lotuss.com
66962781180,137747168,naris.sangdamru@lotuss.com
66963029653,137746345,phutawan.suphong@lotuss.com
66964127423,137746431,nichaphat.thaikla@lotuss.com
66966410439,137746921,surerat.imam@lotuss.com
66967257949,137746447,raengchart.sriha@lotuss.com
66967279957,137746931,nattawat.suephet@lotuss.com
66967423236,137747039,somchoke.sangsanor@lotuss.com
66967597916,137747017,bussaba.janjaidee@lotuss.com
66967708838,137746403,kanathip.wanakam@lotuss.com
66968356101,137746406,phichayanan.pusomjai@lotuss.com
66968439059,137792693,kantaphon.chonhirun@lotuss.com
66969019260,137746417,chalita.nakmi@lotuss.com
66969513992,137746526,thanapol.luankham@lotuss.com
66969719962,137746828,aphiwat.amonchaimongkol@lotuss.com
66970122808,137746626,wajeeporn.parkwan@lotuss.com
66970416619,137746897,kwan.susutthi1@lotuss.com
66970749423,137746832,nucshara.jaikra@lotuss.com
66971318280,137792750,arpapat.hongthong@lotuss.com
66971345541,137792869,pavinee.srijaroensukpark@lotuss.com
66971370914,137746591,kitisak.paeosungnone@lotuss.com
66971426256,137793160,nilinlit.viriyapap@lotuss.com
66971429516,137793118,koshakorn.sricharoenmongkol@lotuss.com
66972047529,137746762,ratchanon.samhirun@lotuss.com
66972231665,137746982,wilaiwan.asuchiwa@lotuss.com
66972574836,137746827,sakkarin.mongkrathok@lotuss.com
66973096996,137793164,jessada.chasen@lotuss.com
66979937275,137747061,alif.waekaji@lotuss.com
66980214697,137747025,suriyo.kaewrungrueng@lotuss.com
66980282456,137746412,rossawan.benwaedaoh@lotuss.com
66980421480,137746799,kittiwat.thetarat@lotuss.com
66980528681,137746727,arnon.saraya@lotuss.com
66981169269,137746660,panthip.naphatthalung@lotuss.com
66981588892,137793069,noppon.sornchai@lotuss.com
66981802991,137793089,likhit.laksanasranoi@lotuss.com
66982149611,137787905,aitsariya.sommutiram@lotuss.com
66983394093,137746976,natnicha.tinsiripattanakij@lotuss.com
66984371120,137746617,fatensafira.awae@lotuss.com
66984430794,137746842,pirul.nilphinil@lotuss.com
66984950823,137746419,thanyaporn.sangtong@lotuss.com
66985455427,137746341,thiraphat.punburee@lotuss.com
66986489365,137787769,poonyaporn.iamprommas@lotuss.com
66987479291,137746662,savitree.rueangrong@lotuss.com
66987489981,137747000,silarat.warerkdee@lotuss.com
66987604077,137746427,natthawut.kasorn@lotuss.com
66987631762,137746323,kantiya.jongsong@lotuss.com
66987748301,137787715,sirikan.raroeng@lotuss.com
66987927921,137787816,saowanee.deedok@lotuss.com
66987949789,137792900,jantima.thongkham@lotuss.com
66988428410,137793017,krittanai.prompichai@lotuss.com
66988878444,137793077,wanalee.siangnok@lotuss.com
66988939517,137746851,rujira.senatep@lotuss.com
66989126166,137793144,sethakit.rojpaisarnkit@lotuss.com
66989653161,137746521,ritrpon.pantem@lotuss.com
66989969462,137792780,supakit.khumphom@lotuss.com
66990499622,137793013,rotchanat.tongphan@lotuss.com
66990523145,137787805,wattanapol.nhotao@lotuss.com
66991314030,137747082,sunantha.boonlai@lotuss.com
66991728574,137747115,thanapat.yaemyindee@lotuss.com
66991974297,137792794,atitaya.arsana@lotuss.com
66992438222,137792698,kanokwan.chantaratrirat@lotuss.com
66992696595,137793218,pimnada.mullasatsarathorn@lotuss.com
66993537528,137746473,anucha.apaipak@lotuss.com
66994343330,137746905,natthamon.thomut@lotuss.com
66994603076,137747011,tashita.duangnil@lotuss.com
66994620565,137746409,thidarat.supa@lotuss.com
66996078749,137746429,siriporn.hassakunnee@lotuss.com
66996194520,137746542,wacharapong.phahunrat@lotuss.com
66996216401,137792907,vittavat.suwannoi@lotuss.com
66999734377,137787761,bunchai.phoman@lotuss.com
9.19123E+11,137726600,pratyusha.mazumdar@lotuss.com
