OTP,mobile,userid,username
3EKXH6TTRFDN,66944267779,134854132,sira.srathonghon@lotuss.com
44VG7NKXTPNG,66897703970,134849089,atiporn.jaroensri@lotuss.com
9PPGKAGQDKDE,66618504449,134948854,sittichai.pongpaisarnsri@lotuss.com
A6DVFWNMNNKQ,66868882686,135791791,natpavin.rattanaviang@lotuss.com
AH6V3KVCNXFK,66814826417,134927886,napassaporn.likhitsajjakul@lotuss.com
AQ97AXYHG3XT,66897893650,135792987,pakorn.chanlim@lotuss.com
CTJGVRWE4P49,66865997663,134917656,navamin.chawla@lotuss.com
CVEWMHNXCACA,66939951514,135792308,anuwat.jiwtrakul@lotuss.com
CX3P6C7C3VEA,66816477111,134933617,theeradej.sahawattanapong@lotuss.com
DFV7EDPW6JKJ,66863904565,137628057,donjit.pimwichai@lotuss.com
DXKMEQ4GKAK9,66863617878,134851344,pakpoom.nawakitbumrung@lotuss.com
EC3TXJD3MKME,66624951644,134854167,suthee.lamlerttham@lotuss.com
F3CGPYYYGPJA,66844108993,135793190,jennarong.jindaananyot@lotuss.com
FE3F69TYFCW3,66813863960,134927936,atirat.wajanasoontorn@lotuss.com
FEAPFVERDAJC,60163678301,135327481,mohdhizzat.mohdyusof@lotuss.com
GKFTNWTGCX9T,60138109552,135569457,daphene.michael@lotuss.com
H3X9MDR3NKQN,66616652555,135792614,phumpadungsin.chomkoh@lotuss.com
JM6T7AFFAMYG,66869178962,134900098,pantita.soontaran@lotuss.com
NC394TA46MXW,66818694416,134948542,suraphong.likhitsan@lotuss.com
NYJFM6DMCG69,66802623363,134853467,kittisak.meeprasert@lotuss.com
P63Y4A3X3WFY,66646585777,134892950,panupong.srithonratkul@lotuss.com
QT6MVT77KVVP,60146222320,135333382,manjun.ho@lotuss.com
R3H4QXNJ9R9D,66993526228,134851442,paphawee.lumlert@lotuss.com
RK7MJE9VM79N,66880955835,134922367,natthapol.yutthanaviwat@lotuss.com
WKK4DADHQ3EW,66820053855,134948653,tawatchai.arunjit@lotuss.com
X6RN7CMRHYQQ,66898948956,134851063,arak.preechawong@lotuss.com
YHQVQJ4RR7MJ,66896993310,134927747,apisitt.rattana@lotuss.com
,6586250437,137870974,prabhu.palanivelu@lotuss.com
,66610090396,137891221,nawanan.limniyom@lotuss.com
,66610581447,137891627,suwanna.phosri@lotuss.com
,66610840464,137889764,wanassporn.narod@lotuss.com
,66610979425,137890058,wisana.mapan@lotuss.com
,66611087623,137891689,adisak.tongdech@lotuss.com
,66611476768,137946302,natthawut.wichapha@lotuss.com
,66612372197,137946236,kunthida.kunrut@lotuss.com
,66612393094,137946669,phongsathon.songseeda@lotuss.com
,66612495337,137889754,thiptiwa.jitniyom@lotuss.com
,66612638379,137946070,suchawadee.muenkhonburi@lotuss.com
,66612751273,137946809,yuvapa.boorana@lotuss.com
,66612752800,137889726,thanyarat.rakphet@lotuss.com
,66612826581,137890840,worraphorn.teatanakit@lotuss.com
,66613264283,137891459,naruemon.manphian@lotuss.com
,66613318847,137891406,natthakan.phansamret@lotuss.com
,66613391931,137891380,patsada.phimda@lotuss.com
,66613468021,137946901,patchareeporn.kaewsai@lotuss.com
,66613533162,137891059,wilaiwan.janwisas@lotuss.com
,66613700632,137889737,narong.hiranperm@lotuss.com
,66614511419,137946914,phanu.chunthet@lotuss.com
,66614683753,137889844,jittapa.langpulee@lotuss.com
,66614967530,137946798,todsaporn.suwanpinkaew@lotuss.com
,66615145339,137891655,ltthikorn.thongkanya@lotuss.com
,66615234502,137946266,krongkaew.saengplengplang@lotuss.com
,66616037176,137891778,kajonsak.thongdee@lotuss.com
,66616160645,137946434,piyaporn.nilchai@lotuss.com
,66616324736,137890072,urasaya.raklua@lotuss.com
,66616462279,137946277,pawithida.chroeychansen@lotuss.com
,66618051623,137946448,aekkaphan.sukkamontham@lotuss.com
,66619124613,137890909,sirisuk.aneknual@lotuss.com
,66619243512,137946558,amonwan.sathin@lotuss.com
,66621068380,137946032,sarawin.chueamueangphan@lotuss.com
,66621845985,137892029,thitaporn.thanet@lotuss.com
,66621923196,137890948,oakson.homchuen@lotuss.com
,66622375465,137892014,phaisan.bunprakob@lotuss.com
,66622438275,137946695,laphon.janphat@lotuss.com
,66622762085,137891503,chanathip.daorueng@lotuss.com
,66622868284,137946497,meka.pongaram@lotuss.com
,66623107942,137891393,sratta.thongpaichit@lotuss.com
,66623260714,137890855,sunisa.thonggao@lotuss.com
,66624094206,137946129,phensri.saetho@lotuss.com
,66624579711,137892007,natthida.aiangthaisong@lotuss.com
,66624691920,137946301,haruethai.phetkrachai@lotuss.com
,66624727434,137946900,thanadon.tomma@lotuss.com
,66625183767,137892091,phueksa.promrod@lotuss.com
,66625301482,137889761,rattiya.phomtaeng@lotuss.com
,66625357624,137946201,namthip.phusiliti@lotuss.com
,66625425741,137946842,piyaphan.chuenram@lotuss.com
,66625430248,137946853,pensri.ruekdee@lotuss.com
,66625497630,137946326,kunanon.paewleang@lotuss.com
,66625784117,137946453,pornpimon.kongsoma@lotuss.com
,66626381637,137891031,ketmanee.baophuen@lotuss.com
,66627367755,137890962,apicha.nantavong@lotuss.com
,66628027342,137891617,patawee.yupanan@lotuss.com
,66628940389,137946097,chatchanan.nukaeo@lotuss.com
,66629650006,137890049,piyawat.samoechai@lotuss.com
,66629812130,137946913,sarayut.limsakul@lotuss.com
,66630519501,137889669,sukrit.duangphokha@lotuss.com
,66630570438,137890848,vichayaporn.khonkai@lotuss.com
,66630949888,137946278,natthapong.aksornkid@lotuss.com
,66631363807,137946153,wiyada.saimueng@lotuss.com
,66631650325,137946878,puangpaka.worawalai@lotuss.com
,66631951922,137892074,yupin.ketwong@lotuss.com
,66632386345,137946659,manadach.chumphol@lotuss.com
,66632649543,137889946,wannika.duangrassamee@lotuss.com
,66632686546,137946033,naphatson.niyomna@lotuss.com
,66633844177,137891045,oranut.hanang@lotuss.com
,66634066073,137890967,tirapon.shuntanom@lotuss.com
,66634852051,137891933,thakit.kuenghakit@lotuss.com
,66635813480,137946800,thanyarat.losantia@lotuss.com
,66636170017,137891545,thanchanok.tapburee@lotuss.com
,66637160541,137891296,nattamon.tanaphumichai@lotuss.com
,66637959865,137946649,jiraporn.khosum@lotuss.com
,66638192587,137891418,kanokphon.chueachat@lotuss.com
,66638583710,137946009,waranya.kongson@lotuss.com
,66638747847,137946073,worawit.maneerat@lotuss.com
,66638920595,137889861,arunan.pongchirapaisan@lotuss.com
,66639690481,137891762,natthida.suthi@lotuss.com
,66639861935,137946131,sasiwan.wongnoi@lotuss.com
,66640092536,137946501,napaskron.taewvong@lotuss.com
,66640470999,137946500,sarinya.nuengsomsri@lotuss.com
,66640912774,137889708,pasit.leartsin@lotuss.com
,66641050603,137891426,athirat.somabut@lotuss.com
,66641179215,137946584,thanaphon.phonngam@lotuss.com
,66641495734,137946801,sirada.phiwmali@lotuss.com
,66641791658,137946030,phatsaporn.phachop@lotuss.com
,66642074743,137946845,nawadon.chanpradab@lotuss.com
,66642306365,137890116,patiphan.chammanee@lotuss.com
,66643179086,137891449,ponpunsa.tonaknoi@lotuss.com
,66643301725,137891365,chatrmongkhon.chaiman@lotuss.com
,66643506069,137946644,supapan.gadekaew@lotuss.com
,66643602260,137946573,siriyakon.kaeonikhom@lotuss.com
,66644846182,137889987,patipat.manoi@lotuss.com
,66645290145,137891665,bunaree.kongsuk@lotuss.com
,66645834738,137890882,chodchakorn.kongdee@lotuss.com
,66646216449,137891133,charudet.kaeoyongkod@lotuss.com
,66646505211,137890978,thatsanee.khongchamnan@lotuss.com
,66647742495,137889962,suphansa.matamun@lotuss.com
,66648084889,137891597,yupada.meemuk@lotuss.com
,66648201622,137891733,anita.masa@lotuss.com
,66648276027,137889698,yutthana.nilprapat@lotuss.com
,66648641628,137946555,prakong.jantakit@lotuss.com
,66648838307,137891356,chanyanus.thosuwan@lotuss.com
,66648957715,137891440,kitamet.toranl@lotuss.com
,66649051763,137946189,piyamat.oatbura@lotuss.com
,66649125423,137891787,natithorn.boonkaew@lotuss.com
,66649471308,137946810,athiwat.negoesawat@lotuss.com
,66649652292,137889797,thanyaporn.phensiri@lotuss.com
,66653031177,137891205,sakchai.chomphuphan@lotuss.com
,66653206336,137946587,netdao.kaewkok@lotuss.com
,66653829280,137890178,suphawadee.chiangraeng@lotuss.com
,66654598123,137946696,darunee.posang@lotuss.com
,66654801924,137946203,nuengruethai.saengmueang@lotuss.com
,66656034126,137891038,kullanat.takudkaew@lotuss.com
,66656049544,137891698,chotiros.janjaidee1@lotuss.com
,66656151280,137891336,anuwat.khumphan@lotuss.com
,66656709386,137946373,phollawat.jitsap@lotuss.com
,66656976322,137891633,wijitar.kulrut@lotuss.com
,66657183703,137946844,garuwan.seesing@lotuss.com
,66658376711,137891683,nitisak.khongnual@lotuss.com
,66658465989,137946451,thiraphat.ratchaphonsaen@lotuss.com
,66658634600,137946176,sutham.chuaiwat@lotuss.com
,66658741623,137890890,yardpiroon.homsil@lotuss.com
,66658842804,137946870,sarawut.sansamkhan@lotuss.com
,66658874415,137946618,kaewta.lamsawat@lotuss.com
,66659594060,137890894,tanapong.kumsub@lotuss.com
,66659626851,137891398,suvanan.insee@lotuss.com
,66661485496,137891184,liyana.laehman@lotuss.com
,66800049125,137946693,rattanaluck.muangnuch@lotuss.com
,66800531179,137946643,sulawut.chanchai@lotuss.com
,66800939083,137890103,panitporn.sirsawat@lotuss.com
,66801472799,137889830,benjarat.boonyong@lotuss.com
,66801597790,137946745,apaporn.jaisue@lotuss.com
,66801763787,137889770,prapawarin.phimchaisri@lotuss.com
,66802046412,137889735,prangthip.saenchali@lotuss.com
,66802053107,137946583,watcharapon.amuad@lotuss.com
,66802181710,137890209,jetnipat.suttiwiwatchai@lotuss.com
,66802516867,137946310,paweena.kaewlaeiad@lotuss.com
,66802538611,137946299,teerapat.tongjan@lotuss.com
,66802591123,137946312,pathitvi.phombut@lotuss.com
,66802609251,137891999,sarayut.champasri@lotuss.com
,66802692327,137889878,manachanok.noinongva@lotuss.com
,66802732269,137891343,phatthadon.soekphukhiao@lotuss.com
,66802815334,137946183,surat.chaimuenwong@lotuss.com
,66802943670,137891126,methinee.ketkaew@lotuss.com
,66802966175,137889662,kajronsak.lapon@lotuss.com
,66803461539,137946854,sayfha.poothong@lotuss.com
,66804216177,137946346,bordin.krathoopat@lotuss.com
,66804270202,137892063,areeya.hanchana@lotuss.com
,66804460701,137889665,aleef.hayeeyusoh@lotuss.com
,66804637854,137946458,athit.tiangkrathok@lotuss.com
,66804925534,137946317,praphatson.wongwichiar@lotuss.com
,66805385948,137946683,siripong.sonda@lotuss.com
,66806283057,137946476,kamonchanok.khommapat@lotuss.com
,66806475112,137891648,vilavan.savatdisan@lotuss.com
,66807568019,137891006,aittipon.bouthan@lotuss.com
,66808140742,137946605,natthaya.mueangsen@lotuss.com
,66809214937,137891815,sudarat.wangphitak@lotuss.com
,66809344356,137889694,surut.phongruksa@lotuss.com
,66809452512,137946239,ketsuda.rakkun@lotuss.com
,66809686274,137946297,aphinan.paengsroinoi@lotuss.com
,66809806361,137891234,thananya.sonjanda@lotuss.com
,66810006527,137890938,rachain.chookaew@lotuss.com
,66811371636,137946537,suwattana.klinkar@lotuss.com
,66812939875,137946103,pornpawee.chada@lotuss.com
,66814312247,137946535,attaphon.khaethaisong@lotuss.com
,66816393708,137946425,phakinee.noikanjana@lotuss.com
,66820234855,137946575,viboon.soonthammala@lotuss.com
,66820364255,137891581,kanyalak.weerawong@lotuss.com
,66821253887,137890217,saowapha.sitthirot@lotuss.com
,66821310936,137891287,jintana.kannura@lotuss.com
,66822191426,137889779,plaikaew.mumthong@lotuss.com
,66822225789,137946869,thepamon.sunthon@lotuss.com
,66822581252,137890844,supha.buddeeatiya@lotuss.com
,66823064428,137946891,kraisorn.thipkhammee@lotuss.com
,66823197090,137890929,sab.boonruang@lotuss.com
,66823799584,137890121,inthira.wongsri@lotuss.com
,66824830220,137946658,thurdsak.luglek@lotuss.com
,66825032563,137890087,piyamat.khongkhay@lotuss.com
,66825165053,137890925,yada.rinud@lotuss.com
,66826401546,137889643,thidarat.pongsub@lotuss.com
,66826922196,137891490,warunya.boonon@lotuss.com
,66826959152,137891321,thanaphon.lamyonghom@lotuss.com
,66828928611,137891057,pimwipa.bunmee@lotuss.com
,66829436376,137889803,wanrada.phonwicha@lotuss.com
,66829718639,137946821,benyapha.phakon@lotuss.com
,66829984423,137889745,butsakorn.rattreesaen@lotuss.com
,66830376082,137891767,supaporn.khotfoei@lotuss.com
,66830783723,137946233,natalee.low@lotuss.com
,66832327749,137946678,thirawat.thatthong@lotuss.com
,66832398470,137889812,wirapron.prathumman@lotuss.com
,66832534958,137889766,chonticha.saechung@lotuss.com
,66834243610,137890866,sakmongkhon.nueakhao@lotuss.com
,66834912946,137890188,phimlaphat.sanchanda@lotuss.com
,66836622253,137891276,fonrudee.kedkaew@lotuss.com
,66837198587,137891742,aekarat.tanurueang@lotuss.com
,66838379629,137891818,usaifa.lawang@lotuss.com
,66839107992,137889836,apichat.srichawana@lotuss.com
,66842073070,137946421,wilaiporn.yuangthong@lotuss.com
,66842388813,137891190,suriya.sanmai@lotuss.com
,66842414375,137889886,rattanasaruta.moonsri@lotuss.com
,66842681834,137890871,watcharawit.supasit@lotuss.com
,66842733395,137889920,jiraporn.reungrit@lotuss.com
,66843653482,137946071,nareephon.nilumon@lotuss.com
,66843763104,137946679,niphaporn.saadphaen@lotuss.com
,66845850399,137891877,linda.thitpathip@lotuss.com
,66847955814,137946286,wathatsaphong.wongchim@lotuss.com
,66852704984,137891556,wanwisa.tathong@lotuss.com
,66855358381,137891174,sawitree.ketkeaw@lotuss.com
,66855760988,137889905,imsuda.pongkliang@lotuss.com
,66855874064,137946473,songsak.tayana@lotuss.com
,66855902607,137946264,anuchit.munmueang@lotuss.com
,66855968392,137889721,sukrita.yongsungnoen@lotuss.com
,66857995305,137946606,sakeenah.sangwichai@lotuss.com
,66858062642,137891591,asreena.muayoh@lotuss.com
,66858288474,137890200,jintana.wongtha@lotuss.com
,66863698157,137891140,benjaporn.konmanee@lotuss.com
,66866545879,137892081,narumit.plodkhanngen@lotuss.com
,66870778975,137946536,chadaphorn.wareekul1@lotuss.com
,66870864275,137891669,chanadda.pachakchaeng@lotuss.com
,66873559359,137891096,pornpimon.buamart@lotuss.com
,66874735847,137946600,kantaphon.tangsurat@lotuss.com
,66878650983,137946874,aphisit.sarakham@lotuss.com
,66879609873,137889785,sirima.onchan@lotuss.com
,66882723252,137946570,paramee.pinsuk@lotuss.com
,66884829471,137946156,suchada.kannula@lotuss.com
,66885735214,137946942,panisara.jaiping@lotuss.com
,66886191959,137946556,pornpana.puesantie@lotuss.com
,66886367484,137889971,thinaphat.charornchan@lotuss.com
,66887753325,137891476,nonthawat.chompaeng@lotuss.com
,66889342978,137891198,kaneungnij.choomjit@lotuss.com
,66889518843,137889929,chaiyarat.sanimklang@lotuss.com
,66889720792,137891071,rungnapha.thiamli@lotuss.com
,66891437024,137889996,phaiwan.kengkhambai@lotuss.com
,66892264061,137946562,arthit.kamhanpol@lotuss.com
,66894004044,137891109,khofit.yako@lotuss.com
,66897931072,137891158,rossukhon.jamnian@lotuss.com
,66902710459,137946008,nonglak.jeensanthia@lotuss.com
,66902738062,137891894,ganyarat.kasemsuk@lotuss.com
,66902809395,137891941,jutathip.chuyot@lotuss.com
,66902916993,137890906,sittichai.khamchom@lotuss.com
,66903714292,137891371,pannipa.tamsunthia@lotuss.com
,66903737362,137946738,pakapol.tantanetnit@lotuss.com
,66905495772,137946276,tresucha.boonnak@lotuss.com
,66907265424,137946174,ratchaneekorn.pannoi@lotuss.com
,66907355777,137946384,phutit.praparat@lotuss.com
,66909013904,137890097,saengarun.ouannawaeng@lotuss.com
,66910213746,137946007,khomkrit.tanthong@lotuss.com
,66910383966,137946069,intira.getvichean@lotuss.com
,66910587075,137891871,nantida.jitto@lotuss.com
,66911025720,137946177,kanokkorn.benja@lotuss.com
,66913956379,137891035,nateapsorn.autthames@lotuss.com
,66915461838,137946698,chanyaphon.rtthanan@lotuss.com
,66916848980,137946155,vilaiwan.unui@lotuss.com
,66917141842,137890162,rosana.mansa@lotuss.com
,66917200276,137946094,piyachat.manchamay@lotuss.com
,66917276844,137891758,tossaporn.duangsri@lotuss.com
,66917299629,137889702,kanyanat.sermmai@lotuss.com
,66917308890,137889912,arreerat.kwanthong@lotuss.com
,66917642779,137891638,chaiwat.suwanwong@lotuss.com
,66922640584,137891478,panatchai.phuthon@lotuss.com
,66923654710,137946162,atiwat.daungin@lotuss.com
,66924635221,137891304,panya.jindamat@lotuss.com
,66924760032,137946196,namfon.buakhao@lotuss.com
,66924762820,137946096,chakri.posrithong@lotuss.com
,66924790651,137890080,sawanya.aaukhen@lotuss.com
,66924792086,137946510,arongkod.suttalak@lotuss.com
,66925023587,137946582,nakthaphong.thiangphunuaong@lotuss.com
,66925086978,137891920,bhudsaba.pimpanat@lotuss.com
,66925207191,137890107,sukanya.thumkadueang@lotuss.com
,66925436774,137946841,nawaphan.khamnuanjit@lotuss.com
,66925623291,137891722,phonphan.kambai@lotuss.com
,66926089967,137946344,suradvadee.laekkla@lotuss.com
,66926658965,137891835,puree.khumsawang@lotuss.com
,66926689179,137946410,suthida.sriyuang@lotuss.com
,66926924845,137946811,korawit.wongphanich@lotuss.com
,66927124454,137891243,narumol.saratheekulchorn@lotuss.com
,66927362626,137891675,watcharakit.rianpit@lotuss.com
,66927578850,137946656,patapee.puseekeaw@lotuss.com
,66927635399,137946287,rawikan.kerdsiri@lotuss.com
,66928206715,137891550,tongchai.meeko@lotuss.com
,66928893882,137946646,thanatcha.thonse@lotuss.com
,66929080156,137946617,natthanan.chaiyaphongvaoracho@lotuss.com
,66929535717,137890971,chalita.saenram@lotuss.com
,66929547964,137891988,nutthiwoot.ritsuk@lotuss.com
,66929609653,137946341,pinyarnat.sujitra@lotuss.com
,66929616952,137946449,thanadun.thaicharoen@lotuss.com
,66930060602,137890129,warisara.champa@lotuss.com
,66930453450,137946234,natthananchai.kongngenklang@lotuss.com
,66930794741,137946736,chanthaphitchaya.sensai@lotuss.com
,66930804078,137946712,kittithon.namhan@lotuss.com
,66930874257,137946655,sooreeya.yaming@lotuss.com
,66931453314,137890006,sanit.yangyuen@lotuss.com
,66931475684,137891543,yodsaphorn.saenai@lotuss.com
,66932818523,137889650,sunisa.bumrungyat@lotuss.com
,66932908515,137889893,unchalee.konmak@lotuss.com
,66933708302,137891265,amornrat.rahong@lotuss.com
,66934183800,137946178,sroisuda.siribut@lotuss.com
,66934697929,137946395,thanarat.thasoong@lotuss.com
,66934986723,137946251,supakorn.jankham@lotuss.com
,66935122045,137891612,jarukit.kaikhunthod@lotuss.com
,66935583912,137891167,sarayut.chauwalit@lotuss.com
,66935590912,137890920,nichittha.wanthong@lotuss.com
,66935749814,137946940,santi.khongtawon@lotuss.com
,66935939841,137891437,marwalee.ketsuk@lotuss.com
,66935972609,137891751,suntilsuk.seebal@lotuss.com
,66936051483,137891281,nipada.boonjoong@lotuss.com
,66936167190,137946477,waraphon.charo@lotuss.com
,66936309380,137946812,nikhom.charadram@lotuss.com
,66936423700,137891603,wakeera.saeaw@lotuss.com
,66936454279,137891887,monporn.srichalam@lotuss.com
,66937657415,137890041,nipaporn.jinanurak@lotuss.com
,66937718975,137891822,yossuta.nooim@lotuss.com
,66937815041,137892097,suksan.akkhawong@lotuss.com
,66938075930,137946944,worrawit.singhapreecha@lotuss.com
,66942094044,137889679,hathaichanok.runnarut@lotuss.com
,66942964618,137891566,nattaya.kaiyamang@lotuss.com
,66944811368,137891794,chanin.kumban@lotuss.com
,66945046079,137946241,wimolrat.deekajang@lotuss.com
,66945733950,137946907,siriporn.pansawang@lotuss.com
,66945789668,137946191,sareehah.yusoh@lotuss.com
,66945831980,137946472,butsayapan.panthong@lotuss.com
,66945867531,137946128,phraemala.mangkang@lotuss.com
,66946023462,137946034,sutthiwat.shingkorn@lotuss.com
,66946292256,137891808,suthirak.jinga@lotuss.com
,66947739506,137946708,kanuya.sangyang@lotuss.com
,66947846433,137946375,chanthana.saisil@lotuss.com
,66948159796,137946903,intira.wattanain@lotuss.com
,66948636372,137946424,janjira.teerapan@lotuss.com
,66950798822,137946315,somnuek.nakammui@lotuss.com
,66950891359,137892052,ratchanikon.saraburi@lotuss.com
,66951182994,137891329,benjamas.chaglek@lotuss.com
,66951719581,137946305,thanom.phengphim@lotuss.com
,66951783775,137889980,chonlada.maneewan@lotuss.com
,66951866463,137891643,pakpatcharakorn.narinjan@lotuss.com
,66952483930,137946423,piyachat.khodchawan@lotuss.com
,66952582036,137891713,thamonwan.thongmak@lotuss.com
,66952584822,137946574,jirayut.junjui@lotuss.com
,66952905272,137891855,wirat.boonsaman@lotuss.com
,66954089144,137946080,baramee.kaewkamonlrat@lotuss.com
,66954301438,137946616,suthita.rodsud@lotuss.com
,66954693737,137946607,pathompat.chokamnuai@lotuss.com
,66954724875,137890959,yootasard.pewkhum@lotuss.com
,66955032148,137891118,jamrat.phatthayakoson@lotuss.com
,66955349253,137891152,palida.khahkylp@lotuss.com
,66955426261,137946285,wutichai.chewkratoke@lotuss.com
,66955611616,137946902,sittisak.prombuntong@lotuss.com
,66955980770,137946267,cholticha.treepech@lotuss.com
,66956318681,137946825,phaktha.phayaksakun@lotuss.com
,66956656827,137946619,piikunthong.taveechot@lotuss.com
,66957202586,137889792,methasit.chochan@lotuss.com
,66957430193,137891311,pornchai.thunthong@lotuss.com
,66957500595,137889716,natthawut.kongsin@lotuss.com
,66957849353,137946342,achara.thissarak@lotuss.com
,66957899110,137946204,phawida.kanbanchong@lotuss.com
,66958159150,137891062,kritsada.jaidee@lotuss.com
,66958210906,137946279,narong.thongchai@lotuss.com
,66958613402,137891772,thanapol.nilwadee@lotuss.com
,66958780237,137891829,namfon.namman@lotuss.com
,66960284668,137946202,sagoolsuk.saensook@lotuss.com
,66960309946,137891510,sukanya.phoohadtham@lotuss.com
,66960327909,137946871,mai.kunkwno@lotuss.com
,66960479405,137889691,kawin.thongin@lotuss.com
,66960506955,137946231,ananda.chanpech@lotuss.com
,66961276490,137946890,sanchai.eiamnaka@lotuss.com
,66961350721,137946269,sunisa.thiwan@lotuss.com
,66961897719,137890986,kowit.khrueathim@lotuss.com
,66962019543,137946714,patsorn.kaunkamnung@lotuss.com
,66962756221,137946585,arunya.chumanee@lotuss.com
,66962865320,137889653,patcharaporn.sooksri@lotuss.com
,66963800772,137891864,kasemrut.triwan@lotuss.com
,66963925212,137891954,woravut.vanchum@lotuss.com
,66964010402,137946397,navas.ardbamrung@lotuss.com
,66966373915,137946284,lattaphon.kesorn@lotuss.com
,66966902841,137891957,chidsupa.aintasuwan@lotuss.com
,66967160625,137891445,wilaiiwan.sapphae@lotuss.com
,66967264074,137890018,chuwichaya.sonkanha@lotuss.com
,66967382247,137946892,samphan.lodthom@lotuss.com
,66967592800,137946374,tokiad.srisopa@lotuss.com
,66967594078,137891537,sasikanchaphat.chaiyasut@lotuss.com
,66968598422,137889821,piyasit.sadee@lotuss.com
,66968759551,137946946,natthaphon.mokpen@lotuss.com
,66969082771,137946265,sineemart.jaroensuk@lotuss.com
,66969143174,137890152,thanatron.bontab@lotuss.com
,66969180856,137891847,pornnatcha.kamdaeng@lotuss.com
,66969309288,137889684,anucha.panuch@lotuss.com
,66969406564,137946680,jeerapong.kohmark@lotuss.com
,66969506927,137891215,preechanon.boontha@lotuss.com
,66969685146,137890911,pirawan.somkhane@lotuss.com
,66970150845,137946735,chiranya.varalitichai@lotuss.com
,66970187659,137890138,umaporn.phaophan@lotuss.com
,66970566529,137891486,tanyaporn.srisai@lotuss.com
,66970725090,137946240,chutiphon.sukhum@lotuss.com
,66971128761,137946622,thanongsuk.boonchying@lotuss.com
,66971369700,137946893,pikul.yuythaisong@lotuss.com
,66972010086,137890860,watcharin.kokitrattanakun@lotuss.com
,66972154499,137946917,pimvara.phurphan@lotuss.com
,66972367761,137891927,thirayut.kasemanee@lotuss.com
,66972508223,137891105,bussaba.kammee@lotuss.com
,66973366960,137946157,siriporn.sakkhaphom@lotuss.com
,66973680798,137946499,nisachon.phuknu@lotuss.com
,66979494959,137946291,manassanan.manee@lotuss.com
,66979686015,137891913,rawipa.chuaiphalang@lotuss.com
,66979974996,137946093,naratip.jaikaew@lotuss.com
,66980086976,137891524,satananth.traimit@lotuss.com
,66980105703,137891559,wannaphon.phanat@lotuss.com
,66980346308,137946130,yuranan.thongsem@lotuss.com
,66980350029,137946398,rukaiyah.chedo@lotuss.com
,66980375314,137891972,rotjana.muprasit@lotuss.com
,66981306549,137946799,wannasa.ngoenyaem@lotuss.com
,66981657261,137890981,natthasat.janyajaroenyod@lotuss.com
,66981891833,137891800,thiraphat.insakun@lotuss.com
,66982097210,137946918,jiraporn.manapim@lotuss.com
,66982232801,137946006,nutnichar.kotchompoo@lotuss.com
,66983211137,137889776,parnida.srismart@lotuss.com
,66983562903,137946943,arunya.adnonglao@lotuss.com
,66983586290,137890902,peerawit.ratsamee@lotuss.com
,66984986232,137891069,kittisak.khanwong@lotuss.com
,66985215278,137892033,nanthawat.khanhuathon@lotuss.com
,66985366029,137890134,kanokwan.artkaeo@lotuss.com
,66986080784,137890034,arisa.thiangkham@lotuss.com
,66986309750,137891651,yasumin.suna@lotuss.com
,66986582444,137889749,thitiya.meejamrat@lotuss.com
,66986657953,137946190,piya.buapueay@lotuss.com
,66987825328,137889729,watcharin.saengbanyang@lotuss.com
,66988590014,137891608,teeradon.chaweram@lotuss.com
,66988603319,137946230,juntima.malithong@lotuss.com
,66988703170,137946694,manop.mala@lotuss.com
,66988998451,137890149,kanchisa.chitkaw@lotuss.com
,66989160985,137946608,adisak.puttharaksa@lotuss.com
,66989851410,137891021,siriwan.thoomthong@lotuss.com
,66989901104,137946734,phattaraporn.kemajaree@lotuss.com
,66990100457,137889853,pidcha.chuelinfa@lotuss.com
,66990319313,137891088,jirawan.ratchasima@lotuss.com
,66990384111,137892043,jirameat.chatawaree@lotuss.com
,66990554049,137946400,surat.janmee@lotuss.com
,66990619743,137946557,karnthida.pagkasan@lotuss.com
,66990681130,137946188,thawatchai.sookkhongphanao@lotuss.com
,66990900247,137891053,monruedee.kerdtiang@lotuss.com
,66991080121,137890169,nakarin.petkaew@lotuss.com
,66991084659,137891466,natthida.khamyod@lotuss.com
,66991280881,137890999,duangkamol.ngaochay@lotuss.com
,66991325176,137889675,chuthamat.prasit@lotuss.com
,66991634027,137946538,sirisa.srisapa@lotuss.com
,66992631765,137946681,dararat.jantamit@lotuss.com
,66992743637,137946958,chawan.buasamreang@lotuss.com
,66992805554,137946370,natthanan.nualrot@lotuss.com
,66993415579,137890934,pitchatorn.krapo@lotuss.com
,66993915979,137946709,massamakante.chomsrikrayom@lotuss.com
,66994208249,137946039,pattsthira.suthipokaew@lotuss.com
,66994710742,137946242,thanaphon.thongphau@lotuss.com
,66994787738,137890027,prakasit.songsaengrak@lotuss.com
,66996275971,137946896,rattanapol.iampaojeen@lotuss.com
,66997271175,137891901,suchada.khumkainam@lotuss.com
,66997469910,137891746,piyachat.chatkaew@lotuss.com
,9.19886E+11,137870975,venkateswararao.banduchode@lotuss.com
