OTP identifier,mobile,userid,Username
3EKXH6TTRFDN,66944267779,134854132,sira.srathonghon@lotuss.com
44VG7NKXTPNG,66897703970,134849089,atiporn.jaroensri@lotuss.com
9PPGKAGQDKDE,66618504449,134948854,sittichai.pongpaisarnsri@lotuss.com
A6DVFWNMNNKQ,66868882686,135791791,natpavin.rattanaviang@lotuss.com
AH6V3KVCNXFK,66814826417,134927886,napassaporn.likhitsajjakul@lotuss.com
AQ97AXYHG3XT,66897893650,135792987,pakorn.chanlim@lotuss.com
CTJGVRWE4P49,66865997663,134917656,navamin.chawla@lotuss.com
CVEWMHNXCACA,66939951514,135792308,anuwat.jiwtrakul@lotuss.com
CX3P6C7C3VEA,66816477111,134933617,theeradej.sahawattanapong@lotuss.com
DFV7EDPW6JKJ,66863904565,137628057,donjit.pimwichai@lotuss.com
DXKMEQ4GKAK9,66863617878,134851344,pakpoom.nawakitbumrung@lotuss.com
EC3TXJD3MKME,66624951644,134854167,suthee.lamlerttham@lotuss.com
EPYDWVRN34JY,66872690745,135793632,suriyapong.pruksarnocha@lotuss.com
F3CGPYYYGPJA,66844108993,135793190,jennarong.jindaananyot@lotuss.com
FE3F69TYFCW3,66813863960,134927936,atirat.wajanasoontorn@lotuss.com
FEAPFVERDAJC,60163678301,135327481,mohdhizzat.mohdyusof@lotuss.com
GKFTNWTGCX9T,60138109552,135569457,daphene.michael@lotuss.com
H3X9MDR3NKQN,66616652555,135792614,phumpadungsin.chomkoh@lotuss.com
JM6T7AFFAMYG,66869178962,134900098,pantita.soontaran@lotuss.com
NC394TA46MXW,66818694416,134948542,suraphong.likhitsan@lotuss.com
NYJFM6DMCG69,66802623363,134853467,kittisak.meeprasert@lotuss.com
P63Y4A3X3WFY,66646585777,134892950,panupong.srithonratkul@lotuss.com
QT6MVT77KVVP,60146222320,135333382,manjun.ho@lotuss.com
R3H4QXNJ9R9D,66993526228,134851442,paphawee.lumlert@lotuss.com
RK7MJE9VM79N,66880955835,134922367,natthapol.yutthanaviwat@lotuss.com
WKK4DADHQ3EW,66820053855,134948653,tawatchai.arunjit@lotuss.com
X6RN7CMRHYQQ,66898948956,134851063,arak.preechawong@lotuss.com
YHQVQJ4RR7MJ,66896993310,134927747,apisitt.rattana@lotuss.com
,1,134921243,phattanasak.saeneswang@lotuss.com
,1,134949299,phorn.yoem@lotuss.com
,1,134949437,kimhoeurn.ouch@lotuss.com
,1,134949459,vibol.soth@lotuss.com
,1,134949530,khinnyunt.yee@lotuss.com
,1,134949577,li.thou@lotuss.com
,1,134949703,leap.thy@lotuss.com
,1,134949852,kosal.dam@lotuss.com
,1,134949871,savon.won@lotuss.com
,1,134950457,fnu.joseph@lotuss.com
,1,134951198,myomyint.tun@lotuss.com
,1,134953914,theintoe.oo@lotuss.com
,1,134954182,kuoy.koem@lotuss.com
,1,134954197,srors.em@lotuss.com
,1,134954739,zaw.lin@lotuss.com
,1,134955946,shwe.zin@lotuss.com
,1,135902155,zawmin.htike@lotuss.com
,60102102461,138349394,norsyafiqah.mohdhanifah@lotuss.com
,60102295499,138347848,nurulaqilah.ahmadtazali@lotuss.com
,60102484578,138349485,mohdnydzuan.husin@lotuss.com
,60102537900,138349393,nitthiyaa.muniappan@lotuss.com
,60102707330,138346126,mohdfirdaus.zulkifli@lotuss.com
,60102820701,138345662,andyrabiatulhafizah.a.ruslin@lotuss.com
,60103657046,138347919,mohamadimanhakim.bincheomar@lotuss.com
,60103797348,138346017,muhammadnasrulah.abubakar@lotuss.com
,60104202870,138344993,mohamadiktisham.mohamadrozaimi@lotuss.com
,60104325002,138349186,amirulakmal.sjuanda@lotuss.com
,60104693677,138346013,saparudin.lagais@lotuss.com
,60105167794,138347700,muhammadaidi.yusri@lotuss.com
,60107704360,138346066,enbarajah.narayanasamy@lotuss.com
,60108167908,138346085,muhamadhafizuddinhakim.azhar@lotuss.com
,60108207524,138349330,sitinorsarah.jumadin@lotuss.com
,60108870586,138345847,mohammadsyafiq.mohamadnordin@lotuss.com
,60109191195,138345867,nursyamimi.shuhaimi@lotuss.com
,6.0111E+11,138344826,nuramaliaroslina.rosdi@lotuss.com
,6.0111E+11,138346441,nooramirulamir.noordin@lotuss.com
,6.0111E+11,138345122,nurqistinairdina.khairilismady@lotuss.com
,6.01111E+11,138347680,shatiswaran.anbarasan@lotuss.com
,6.01111E+11,138345926,muhammadiqbalhakimi.kamarudin@lotuss.com
,6.01112E+11,138346048,nurdalili.alias@lotuss.com
,6.01112E+11,138349220,nuratikah.punawi@lotuss.com
,6.01112E+11,138349354,abraham.chepang@lotuss.com
,6.01112E+11,138344829,norfazira.mohdrofee@lotuss.com
,6.01113E+11,138345549,muhamadhazrin.abdrahman@lotuss.com
,6.01113E+11,138349265,fazri.abdullah@lotuss.com
,6.01113E+11,138346201,andinurainnabilaizzatihusna.ahmad@lotuss.com
,6.01113E+11,138345853,sitinurhadirah.mohamednizam@lotuss.com
,6.01116E+11,138346069,yugendran.silvarajoo@lotuss.com
,6.01116E+11,138345901,ahmadfathi.mohdnoh@lotuss.com
,6.01117E+11,138349152,noumieashiqqen.baharin@lotuss.com
,6.01117E+11,138347754,inzamanhaq.amin@lotuss.com
,6.01117E+11,138344809,muhammadhafiyezlan.binidris@lotuss.com
,6.01118E+11,138345869,muhammadaiman.roslan@lotuss.com
,6.01118E+11,138349461,ainnulmardiah.abdulhadiramachandran@lotuss.com
,6.01119E+11,138347654,muhammadfaiz.mohdjohari@lotuss.com
,6.01119E+11,138347738,nuradilamunirah.mohammedmustaffa@lotuss.com
,6.01119E+11,138349134,fateha.sahidi@lotuss.com
,6.0112E+11,138347963,nurfarahatieqah.ahmad@lotuss.com
,6.01121E+11,138346086,salmah.arshad@lotuss.com
,6.01121E+11,138345755,nurfarahwahidah.abubakar@lotuss.com
,6.01121E+11,138349572,muhammadfauzan.kamarulzaman@lotuss.com
,6.01122E+11,138348129,wanmuhammadfirdaushelmy.wanmohdzakirhelmy@lotuss.com
,6.01122E+11,138349128,muzafarsyabil.masiran@lotuss.com
,6.01122E+11,138346208,nadiah.abdullah@lotuss.com
,6.01122E+11,138349419,norhaslinda.ibrahim@lotuss.com
,6.01124E+11,138346090,muhammadhaniff.mhdzahir@lotuss.com
,6.01124E+11,138345422,muhammadfuad.mohdmaznan@lotuss.com
,6.01124E+11,138347463,noorhashaliza.sazali@lotuss.com
,6.01124E+11,138345553,prakash.ganeson@lotuss.com
,6.01124E+11,138347949,abdulnaufal.izani@lotuss.com
,6.01124E+11,138345695,manpritsinghtoor.gurcharansingh@lotuss.com
,6.01124E+11,138346065,muhammadthafiz.ardan@lotuss.com
,6.01124E+11,138346545,muhammadaiqal.mohdhisam@lotuss.com
,6.01124E+11,138347780,azrolnizam.asmawi@lotuss.com
,6.01125E+11,138348032,nooraini.bujang@lotuss.com
,6.01126E+11,138349102,shahrulhafizi.ramli@lotuss.com
,60112653047,138346116,mohamadadnifarham.ridduan@lotuss.com
,6.01127E+11,138348033,adam.owengelorosalia@lotuss.com
,6.01127E+11,138349575,thineish.muthukumar@lotuss.com
,6.01127E+11,138345642,nurwarida.mazelan@lotuss.com
,6.01127E+11,138346497,muhamamdsyafiq.norsheezam@lotuss.com
,6.01127E+11,138347943,goutham.ganabathy@lotuss.com
,6.01127E+11,138345770,norjannah.mohdbadron@lotuss.com
,6.01127E+11,138347360,mohamadlokman.mohamadrozei@lotuss.com
,6.01128E+11,138346210,ahmadmuhaimin.abdullah@lotuss.com
,6.01128E+11,138345882,muhammadaimanasyraaf.matsamsuddin@lotuss.com
,6.01128E+11,138349282,adhamzaidifahmi.rozaidi@lotuss.com
,6.01129E+11,138347819,yennypricylia.george@lotuss.com
,6.01129E+11,138349148,afiqahsyahirah.sabri@lotuss.com
,6.01129E+11,138347803,kusalavahari.alsureshrao@lotuss.com
,6.01129E+11,138345737,muhammadfaiz.muhammadzaidi@lotuss.com
,6.0113E+11,138346424,muhammadrafi.aliumar@lotuss.com
,6.0113E+11,138346453,shomalnair.gopalakrishnan@lotuss.com
,6.01132E+11,138347399,mohammadsharil.shamsuddin@lotuss.com
,6.01132E+11,138345715,alifaiman.mohamadtarmizi@lotuss.com
,6.01132E+11,138347309,nurulsyairah.ahmadfaisal@lotuss.com
,6.01132E+11,138348979,noorfarhanaakmar.noorazmen@lotuss.com
,6.01132E+11,138344880,nasruldin.nanyan@lotuss.com
,6.01133E+11,138344761,jeyaletchumy.tankamuny@lotuss.com
,6.01133E+11,138346010,shalini.veeran@lotuss.com
,6.01134E+11,138349303,kanmani.ramanujam@lotuss.com
,6.01134E+11,138349327,hailamir.alyas@lotuss.com
,6.01135E+11,138349184,fatihah.mohdzaki@lotuss.com
,6.01136E+11,138349068,muhammadsyahmiruddin.jamari@lotuss.com
,6.01136E+11,138349263,muhammadraziq.abjalal@lotuss.com
,6.01136E+11,138347846,noorsyuhadahatiqah.nasir@lotuss.com
,6.01137E+11,138345883,sharvine.simon@lotuss.com
,6.01137E+11,138344811,nuraimi.zulmahdi@lotuss.com
,6.01137E+11,138346455,amirhaiqal.afizafandy@lotuss.com
,60113708379,138347847,muhammadasyraaf.mohdnazim@lotuss.com
,6.01137E+11,138347981,raithzwan.hassan@lotuss.com
,6.01137E+11,138348047,mohammadfarmi.jamaluddin@lotuss.com
,6.01137E+11,138347830,tharanraj.sivanathan@lotuss.com
,6.01138E+11,138349188,rajmiah.abdrisal@lotuss.com
,6.01138E+11,138345717,sitinurdayana.saidin@lotuss.com
,6.01138E+11,138349601,kobir.hossain@lotuss.com
,6.01138E+11,138349107,hazriesham.hazlin@lotuss.com
,6.01139E+11,138346482,nurenneyerinney.dzulkefpely@lotuss.com
,6.01139E+11,138345105,nuralia.mohdrosli@lotuss.com
,6.01139E+11,138345743,tamang.sandesh@lotuss.com
,6.01139E+11,138346029,mohamadnasrulasyraf.abdulhadi@lotuss.com
,6.0114E+11,138347692,haziqdanish.hazlan@lotuss.com
,6.01151E+11,138346071,chhabiram.khatri@lotuss.com
,6.01152E+11,138349304,agilan.krishnan@lotuss.com
,6.01152E+11,138348008,muhammadashraf.hassan@lotuss.com
,6.01157E+11,138347901,muhamadarifhelmy.mohamadyazid@lotuss.com
,6.01159E+11,138346446,rianah.dungallah@lotuss.com
,6.01161E+11,138346749,nursyazaalia.abdullah@lotuss.com
,6.01161E+11,138347711,amodavarli.chanderan@lotuss.com
,6.01161E+11,138347623,khairilmuzamin.mazlan@lotuss.com
,6.01161E+11,138349238,muhamadnursyarani.kamsani@lotuss.com
,6.01161E+11,138347978,hanifdaniel.bintuannorsahrulnizam@lotuss.com
,6.01161E+11,138345773,nurulasyeela.azni@lotuss.com
,6.01161E+11,138346009,mohammadasyik.mia@lotuss.com
,6.01162E+11,138347673,muhammadazmirazram.azmi@lotuss.com
,6.01162E+11,138346518,putraallifffharhan.mohdali@lotuss.com
,6.01162E+11,138345724,ahmadsyazwan.zammani@lotuss.com
,6.01162E+11,138347400,muhammadqaitaibi.marsidi@lotuss.com
,6.01162E+11,138347690,arashizzudin.azmi@lotuss.com
,6.01162E+11,138345056,mohamadhafizashaari.mohdnawawi@lotuss.com
,6.01162E+11,138344962,afifahnashwa.mohdfarizal@lotuss.com
,6.01163E+11,138345887,muhammadsuhaimi.shafie@lotuss.com
,6.01163E+11,138347823,muhammadalif.mohdyatim@lotuss.com
,6.01164E+11,138347871,mohamadfarhan.mohdrusli@lotuss.com
,6.01164E+11,138349127,muhammadrazeen.muhammadnaguib@lotuss.com
,6.01164E+11,138349463,muhammadhaikal.kamarudin@lotuss.com
,6.01164E+11,138346192,markraj.rmohanaraj@lotuss.com
,6.01164E+11,138347536,miormuhammadaqil.miorzawari@lotuss.com
,6.01164E+11,138345633,mohdazman.mohamedmustafa@lotuss.com
,6.01171E+11,138346850,sarmadevi.veerappen@lotuss.com
,6.01172E+11,138348053,wanmohamadzulzafri.wanmohdzaid@lotuss.com
,6.01172E+11,138345556,muhamadshafiq.abdullah@lotuss.com
,6.01172E+11,138348050,noorsheila.majid@lotuss.com
,6.01172E+11,138347929,mohamadzaide.mohammad@lotuss.com
,60122478885,138346121,nora.hamid@lotuss.com
,60122605348,138349417,horriya.helen@lotuss.com
,60124376523,138349081,muhammadkamalasri.mohdzaidi@lotuss.com
,60124666744,138346484,muhammadadlidiah.ahmadzabidi@lotuss.com
,60124978436,138346454,shahline.ramasamy@lotuss.com
,60125255803,138345791,mukhlis.mustapa@lotuss.com
,60125806687,138345947,mirundin.raha@lotuss.com
,60126533909,138348130,natashaemelda.mohdrosly@lotuss.com
,60127082654,138346483,muhammadrafiuddin.ahmadrozaini@lotuss.com
,60127813503,138347672,mohdhafeezridwhan.yusli@lotuss.com
,60129160248,138346496,koguulan.ganesan@lotuss.com
,60129231113,138349442,kastury.anagapan@lotuss.com
,60129328939,138347419,nurulhanissyafiqa.hamdan@lotuss.com
,60129697003,138345699,rvisalatchi.prajoo@lotuss.com
,60129697935,138349124,noorulsafinah.suhaimisubramaniam@lotuss.com
,60132762910,138346469,muhammadfirdaus.rosli@lotuss.com
,60133727037,138349067,wanainnasuha.wanapandi@lotuss.com
,60133958893,138347779,habeebmusharaf.mohamed@lotuss.com
,60134248205,138349329,muhammadhaziq.mohdnissham@lotuss.com
,60134463986,138349305,mohammadnurikmal.zainal@lotuss.com
,60134471857,138347755,nurhidayahamira.rosli@lotuss.com
,60135503505,138347866,muhammadkhairulrafiq.khairulizzuddin@lotuss.com
,60135806263,138347713,a.avinnas.arumugam@lotuss.com
,60136707336,138345979,ibnussolehalmuhammadi.supian@lotuss.com
,60136841731,138345957,berhan.rosman@lotuss.com
,60137700128,138345985,khairulannuar.abdulkarim@lotuss.com
,60138109247,138346519,imanashraf.hamdan@lotuss.com
,60138822179,138345646,ahmadamirularif.ismail@lotuss.com
,6014304044,138345227,anjanraj.rajamanay@lotuss.com
,60143092862,138344822,carmen.leongkahmun@lotuss.com
,60143182420,138347729,kishyalini.darmalingam@lotuss.com
,60146234021,138349280,puterinurshakeela.kamarulnizamraman@lotuss.com
,60146292691,138346117,norazlin.othman@lotuss.com
,60146445791,138347537,mohdshahree.mohdroslan@lotuss.com
,60146737723,138349239,arvind.ramez@lotuss.com
,60147159725,138347899,muhammadalhafiz.ishak@lotuss.com
,60147168044,138346462,syahmiirfan.mohdredzuan@lotuss.com
,60147952217,138347671,muhammadaqil.abdulmaulud@lotuss.com
,60149317654,138345921,tharshan.l.ramakrisnan@lotuss.com
,60149711728,138345836,nithya.rames@lotuss.com
,60162031096,138345809,muhammadridzwanraju.abdullah@lotuss.com
,60162489283,138345900,rozairildanial.rosli@lotuss.com
,60162842819,138349486,sreedharan.murugan@lotuss.com
,60163041486,138349080,deneshwaran.chandrasagaran@lotuss.com
,60163044174,138130009,sevaneswaran.munisamy@lotuss.com
,60163588014,138345971,vikniswaran.cchandarsegar@lotuss.com
,60163609451,138344805,sharifmuhammadzaid.shali@lotuss.com
,60163642905,138349104,thurkeshvary.saravanan@lotuss.com
,60163871985,138347753,hayati.mustapha@lotuss.com
,60163972307,138349019,mohamadazhar.mohamadzukhi@lotuss.com
,60164371835,138347733,vikneswari.kathirason@lotuss.com
,60164742419,138349079,harisurya.nagendran@lotuss.com
,60165112746,138347825,mohammadarifaslantamin.abdullah@lotuss.com
,60165120646,138345863,kalaiarasan.balanchanar@lotuss.com
,60165554566,138347898,muhamadnornazri.mohdrojee@lotuss.com
,60166441758,138345601,tarshna.venugopal@lotuss.com
,60166466755,138349290,chandrakumar.poongan@lotuss.com
,60166593692,138347675,vishvankumar.ramkumar@lotuss.com
,60166675528,138346448,anuja.vathumalai@lotuss.com
,60166730070,138347884,wanmuhammadarif.sazuli@lotuss.com
,60166861052,138345649,aswinderan.chandran@lotuss.com
,60166883779,138344820,muhammadamirfarhan.razali@lotuss.com
,60167072344,138349350,ananthan.suppaya@lotuss.com
,60167072441,138347760,mogashini.nagalingam@lotuss.com
,60167957935,138348131,hasnurnajihah.hasnulhadi@lotuss.com
,60168238631,138349600,amanullahasraf.kamarulariffin@lotuss.com
,60168368731,138347751,mohammadyazid.laabudu@lotuss.com
,60168384092,138349125,nurulakidah.awad@lotuss.com
,60169055269,138347863,rajaamirunaufal.rajashahrulnizam@lotuss.com
,60169448721,138347883,ahmadhaikal.othman@lotuss.com
,60169713676,138345959,tharsheni.balasubramaniam@lotuss.com
,60169868584,138348054,dhilipraj.saudarachen@lotuss.com
,6.0171E+11,138345949,muhammadmustaqim.mohdhilmi@lotuss.com
,60172058336,138345606,sitinuramalina.nordin@lotuss.com
,60172243867,138347867,fauzi.abdullah@lotuss.com
,60172356286,138347477,radinnorazrin.mamat@ali@lotuss.com
,60172464763,138349420,gayanthiry.rajendran@lotuss.com
,60172504254,138347693,fazrin.amin@lotuss.com
,60172577341,138349284,muhammadzuhnunalmisri.mohdyusuf@lotuss.com
,60172642965,138349158,sitinorfatin.mohamad@lotuss.com
,60172697253,138344989,mohamadsyahmihakim.mohamadjaswan@lotuss.com
,60172846950,138349302,muhammadamirulnaufal.sabtu@lotuss.com
,60172894207,138349334,muhammadhafiq.mohdidris@lotuss.com
,60172930131,138347655,muhammadfirdieyaqasha.abdrahman@lotuss.com
,60173021664,138345814,nanthekumaran.perumal@lotuss.com
,60173147348,138348007,gurpreetkaur.sarwansingh@lotuss.com
,60173175447,138346028,nurnabilafarhana.nirdin@lotuss.com
,60173241198,138347384,fazrulizman.mohammad@lotuss.com
,60173242469,138346470,lukmanhakim.mohamad@lotuss.com
,60173256448,138345865,muhamadnurhakim.mohdshafie@lotuss.com
,60173298674,138349460,raudah.abubakar@lotuss.com
,60173526510,138349090,kuhanesvarma.rajendran@lotuss.com
,60173679537,138349403,evrina.dukian@lotuss.com
,60173684273,138347699,johan.mohdyusuff@lotuss.com
,60173831473,138346084,nurkartina.mohdkamal@lotuss.com
,60173878934,138346019,khalifa.ripon@lotuss.com
,60173907225,138346539,muhamadfarid.mansor@lotuss.com
,60174178670,138346056,mohamadfaris.razali@lotuss.com
,60174309938,138344886,muhammadkamil.ismail@lotuss.com
,60174363653,138346516,umarsaifuddinalfatih.@lotuss.com
,60174365402,138345761,kavinesh.alsubramaniam@lotuss.com
,60174747054,138346521,muhammadshahlan.ruswandi@lotuss.com
,60174936170,138349462,muhammadredzuan.rosli@lotuss.com
,60174944458,138349208,kaviin.npunniamoorthy@lotuss.com
,60174996925,138345694,mohammadshahrulizwan.@lotuss.com
,60175040182,138349576,nadzratulfathini.muhammadsaidudin@lotuss.com
,60175590595,138349236,mohamadzahir.mohdtahir@lotuss.com
,60175637515,138348073,syednoraimanfirdaus.syedjamalluddin@lotuss.com
,60175953801,138349261,harvindalkarunendran.@lotuss.com
,60176055337,138345917,nurulatira.rahim@lotuss.com
,60176162473,138347982,dahlia.mohdsaleh@lotuss.com
,60176458886,138347731,muhamadamielarief.mohdharun@lotuss.com
,60176505584,138349206,norlaili.mahanor@lotuss.com
,60176571293,138345674,muhammadzulhaidi.zulkifli@lotuss.com
,60176934879,138349421,mohamadshafiq.rizal@lotuss.com
,60176976247,138349207,muhammadiqbal.mohdfaizal@lotuss.com
,60176995290,138345873,mohamadaminshah.saripyaman@lotuss.com
,60177091687,138347942,santhiramoorthy.chandran@lotuss.com
,60177714745,138347651,putriamerulshaqinaa.abdulrahman@lotuss.com
,60177898495,138347496,mohammadfarid.arahim@lotuss.com
,60178700218,138346551,arifhakimi.abdulaziz@lotuss.com
,60178729635,138347402,dalilahusna.mohdsarime@lotuss.com
,60179284649,138345416,muhammadakmal.mdnor@lotuss.com
,60182189590,138349237,mohdarman.hussin@lotuss.com
,60182233517,138345145,nurdalilah.mohdpauzi@lotuss.com
,60182323721,138349270,yaasvinroy.sagaran@lotuss.com
,60182358940,138345300,muhammadasyraf.anuarhamzah@lotuss.com
,60182364090,138346464,muhammadsyafawi.abdulbasir@lotuss.com
,60182402932,138345023,nurulain.zainudin@lotuss.com
,60182465112,138349283,wanmuhammadhafiy.wanmukhtar@lotuss.com
,60182516674,138347462,nalyssa.mohdnazri@lotuss.com
,60182667535,138346533,sitiaisyah.ibrahim@lotuss.com
,60182855235,138347882,muhammadshafiqizwan.shamsul@lotuss.com
,60182881727,138346194,nurfarahakila.zaharudin@lotuss.com
,60182959467,138347390,wannurliyana.wanomar@lotuss.com
,60182973321,138344853,muhammadhairi.abdulsamat@lotuss.com
,60183109579,138345420,mohammadfouzan.omar@lotuss.com
,60183179963,138349086,abdullahnaeem.mohdsanusi@lotuss.com
,60183508100,138347461,sitinurqarisma.suhairi@lotuss.com
,60183528776,138349204,amirulwazi.abdulwahab@lotuss.com
,60183553919,138349264,marzuki.umar@lotuss.com
,60183632867,138345403,mohamadizzudinaiman.abdulrahman@lotuss.com
,60183660835,138349153,nurfazidah.zulkifli@lotuss.com
,60183684428,138346485,thisha.thiruchelvan@lotuss.com
,60183815679,138347880,muhammadiskandar.zolkarnain@lotuss.com
,60183879871,138347822,muhamaaddannishaqeel.juannis@lotuss.com
,60184647762,138345638,muhammadlokmannorhakim.hashmi@lotuss.com
,60185739847,138349060,muhammadsyakirzikri.matnasir@lotuss.com
,60186684517,138345891,syedmuhammadfaizal.syednorsaufi@lotuss.com
,60186690326,138347403,norfarahnabilah.zamri@lotuss.com
,60187691253,138349443,mohamadafiqyadiy.mohdazly@lotuss.com
,60187706342,138347782,muhammadhabibdanial.habibullah@lotuss.com
,60187934851,138349584,muhammadfaidhulamin.radinrazali@lotuss.com
,60192041806,138346199,mohdaidilfirdaus.ahmad@lotuss.com
,60192202687,138349430,anisafiqah.yusri@lotuss.com
,60192304238,138349326,mohamadfaizal.zainol@lotuss.com
,60192594100,138345907,muhammadredzuan.badlishah@lotuss.com
,60192888023,138345602,ahmadmuzammir.mohdgazaly@lotuss.com
,60192908983,138349352,sitisuraya.salehuddin@lotuss.com
,60193072110,137964424,noratikah.mohdnor@lotuss.com
,60193545820,138347732,muhammadhafizikhwan.salpudin@lotuss.com
,60193612687,138346075,muhammadafiff.mdmasrom@lotuss.com
,60193616749,138345758,imadaiman.hafez@lotuss.com
,60193730441,138345807,mohamadnasry.shahrimi@lotuss.com
,60194905046,138347850,ushalinee.periasamy@lotuss.com
,60195141755,138347694,ahmadazwan.alias@lotuss.com
,60195477967,138347444,azimrahimi.mdrazi@lotuss.com
,60196025731,138344877,harismanguci.herman@lotuss.com
,60196312933,138349149,mohamadnooradli.razman@lotuss.com
,60196553811,138347889,wanmohdamin.omar@lotuss.com
,60196724225,138346207,muhammadfarisshamazman.matsalleh@lotuss.com
,60196890806,138347950,tunkuintanmadihah.tmahamad@lotuss.com
,60197083139,138349106,nazri.jalil@lotuss.com
,60197349317,138349195,muhamadaqiff.hasmluddin@lotuss.com
,60197632700,138349368,sitisopiah.ghazali@lotuss.com
,60199408742,138349314,thamil.munyandy@lotuss.com
,6.60102E+11,138345805,venkateshwara.magendran@lotuss.com
,6.60111E+12,138349573,sylvester.daniel@lotuss.com
,6.60112E+12,138345904,nursyafiqin.jamaluddin@lotuss.com
,6.60112E+12,138345567,sugana.moohan@lotuss.com
,6.60112E+12,138347783,sharveen.raviechandran@lotuss.com
,6.60113E+12,138345570,shambhu.rai@lotuss.com
,6.60116E+12,138349392,nurainatulartiamaria.mohdzamri@lotuss.com
,6.60116E+12,138349189,azeem.azmi@lotuss.com
,6.60116E+12,138346495,mohdyusob.ramli@lotuss.com
,6.60116E+12,138345969,muhammadsolehin.nurabdullah@lotuss.com
,6.60134E+11,138346522,farahtika.radis@lotuss.com
,6.60136E+11,138349057,abdulfattahhakimi.mahmudi@lotuss.com
,6.60137E+11,138347864,zulfaqqar.mohdnordin@lotuss.com
,6.60164E+11,138346526,norashikin.kamarulzaman@lotuss.com
,6.60179E+11,138347306,muhammadafiqhafizi.abdaziz@lotuss.com
,6.60179E+11,138349064,muhammadaimanhakim.madnazi@lotuss.com
,6.6018E+11,138345521,yuvapriya.subramaniam@lotuss.com
,6.60183E+11,138347980,abdulaziz.syukur@lotuss.com
,6.60189E+11,138345842,muhammadrazi.mustaffa@lotuss.com
,6.6019E+11,138345945,nurinsyirah.wahidi@lotuss.com
,6.60193E+11,138345464,kisanthini.thirugnanam@lotuss.com
,6.60197E+11,138346047,muhammadidham.hasan@lotuss.com
,66610426799,138125972,supavilai.silla@lotuss.com
,66611080743,138126067,klangkai.chitpluem@lotuss.com
,66611699389,138452329,wareechaya.chaisena@lotuss.com
,66613970404,138348089,sutee.promma@lotuss.com
,66614016972,138452293,krissadapat.an@lotuss.com
,66614532962,138347580,phumitin.pinthongpan@lotuss.com
,66615183440,138349349,natwara.ampapun@lotuss.com
,66616733136,138125930,pimvipa.kladpet@lotuss.com
,66617124292,138125950,weeraphon.ketphan@lotuss.com
,66618944896,138036331,tanaphon.phimsa@lotuss.com
,66619375270,138125923,sunaree.thiangkhot@lotuss.com
,66620527423,138125911,chawanut.sopkdee@lotuss.com
,66621975366,138347578,apisit.senamath@lotuss.com
,66622515698,138346596,khwanchai.phookrongthung@lotuss.com
,66622832974,138346904,wisarat.jainoi@lotuss.com
,66623093479,138347254,phacharakorn.rojcharoen@lotuss.com
,66624614539,138348179,somprach.chotigapugana@lotuss.com
,66625863369,138036353,kittipob.somjit@lotuss.com
,66626658542,138345179,chalita.nanakorn@lotuss.com
,66626979616,138347440,napat.wongyoo@lotuss.com
,66627405718,138126069,suladda.kaiwan@lotuss.com
,66627567401,138302869,parita.sareeporn@lotuss.com
,66628925350,138083590,rattanaporn.saengpuang@lotuss.com
,66631474469,138126059,prathumtida.poonthaisong@lotuss.com
,66632289840,138345140,jirayuth.suksudprasert@lotuss.com
,66633423323,138346712,panicha.chomanee@lotuss.com
,66633699528,138346890,chawanwit.premprasert@lotuss.com
,66635028493,138125886,savipa.seedangam@lotuss.com
,66635919465,137995828,arun.waiyamas@lotuss.com
,66636623295,138346457,manchareen.romayes@lotuss.com
,66637757838,138346599,pichnaree.donpainooch@lotuss.com
,66637799406,138346977,sitthichai.samsukchai@lotuss.com
,66637914338,138264652,pathumrat.sontana@lotuss.com
,66637957619,138125927,wilasinee.maneewan@lotuss.com
,66638264415,138348198,chanakarn.ardharn@lotuss.com
,66638352339,138347129,sukunna.thontang@lotuss.com
,66638533643,138348204,norarin.sethabutra@lotuss.com
,66638613961,138126046,yuttana.armaradit@lotuss.com
,66638785318,138347154,kamolwan.dachdang@lotuss.com
,66638801145,138126038,far.savivat@lotuss.com
,66638908912,138126039,phamon.butsaen@lotuss.com
,66638967557,138346713,petlada.rettanacharatkul@lotuss.com
,66639255774,138348186,thitawan.narod@lotuss.com
,66639362565,138345180,konlabhat.jaikhang@lotuss.com
,66639612672,138348417,siridol.ontkwanmuang@lotuss.com
,66639635023,138345129,chalat.kraisornsawat@lotuss.com
,66640089224,138452326,kantapha.yantaphan@lotuss.com
,66640530111,138346142,prapapan.keawdang@lotuss.com
,66640768747,138345400,chonticha.lempan@lotuss.com
,66640803057,138347064,tanawat.dangkum@lotuss.com
,66641165144,138346755,narisa.jareeboonsompote@lotuss.com
,66641178379,138344858,pannatat.walasin@lotuss.com
,66641230706,138125899,prariyagorn.ploydang@lotuss.com
,66641428961,138348668,dechathorn.koohakan@lotuss.com
,66641529426,138345652,boonpitak.oopanun@lotuss.com
,66641925587,138083596,monthida.singaut@lotuss.com
,66642285334,138125863,peerachai.soipuang@lotuss.com
,66642377725,138347443,korngern.subsomboon@lotuss.com
,66642499082,138345437,suratsawadee.chantong@lotuss.com
,66642512815,138036296,phonphan.suedee@lotuss.com
,66642546626,138345055,pimauksorn.luythong@lotuss.com
,66642822296,138348762,tanitha.nakpadungsuk@lotuss.com
,66643238327,138346554,saengduean.boonwan@lotuss.com
,66643247582,138348029,apipu.emkosa@lotuss.com
,66643394455,138345491,taweechai.loedkamonwan@lotuss.com
,66643454543,138346820,nantinat.kantawong@lotuss.com
,66643501630,138346952,kunlaphorn.poonpatthana@lotuss.com
,66644034634,138036272,waritsara.raingraib@lotuss.com
,66644122052,138346895,sasitorn.khatsee@lotuss.com
,66644141871,138540023,thitpa.slnknjanapa@lotuss.com
,66644142428,138344961,teerawat.chaemsirisawat@lotuss.com
,66644366611,138345090,orapan.seelaporn@lotuss.com
,66644566576,138347710,wanida.saonok@lotuss.com
,66644922511,138036395,chaiphit.maethaisong@lotuss.com
,66645014333,138344785,piran.junsuk@lotuss.com
,66645122375,138348442,piyanut.sakhon@lotuss.com
,66645462875,138348268,apisit.somkuan@lotuss.com
,66645493077,138345461,wadsana.kumchong@lotuss.com
,66645652191,138346921,budsarin.khrueainta@lotuss.com
,66645908157,138347056,wattana.wattanapanich@lotuss.com
,66646249494,138347252,kawinthon.buasuwan@lotuss.com
,66646357489,138346688,piyanuch.prommachot@lotuss.com
,66646513759,138083588,kittiphos.naknaowathim@lotuss.com
,66646587095,138346866,prakaymars.phornpromsri@lotuss.com
,66646832439,138348161,napat.supapa@lotuss.com
,66646941470,138346834,kantapong.jitapirak@lotuss.com
,66647093565,138347201,boonyanuch.phungboon@lotuss.com
,66647239785,138346622,nahathai.kidying@lotuss.com
,66647355554,138348857,sirinapa.boonpheng@lotuss.com
,66647419717,138348479,molrudee.sukkhan@lotuss.com
,66647493216,138348395,wananong.premanupan@lotuss.com
,66647538491,138125888,chayapa.prasertsuk@lotuss.com
,66648020571,138344952,manida.nakhina@lotuss.com
,66648238691,138348672,setawut.mutchimanun@lotuss.com
,66648479215,138125883,sunisa.suwandi@lotuss.com
,66648795004,138345485,chonticha.homsanit@lotuss.com
,66649399159,138346447,chalida.thalaengkij@lotuss.com
,66651794745,138346597,pawilta.chatnarong@lotuss.com
,66655059247,138347498,rapassa.kitdaechakron@lotuss.com
,66655169453,138348611,vitsarut.porncharoensap@lotuss.com
,66655236824,138345609,araya.chitramaikul@lotuss.com
,66655525646,138348499,thanawit.bunnag@lotuss.com
,66655671314,138161482,sarocha.anekrat@lotuss.com
,66655676560,138348584,phantavit.sirikhemaporn@lotuss.com
,66656424083,138452295,choekaew.channin@lotuss.com
,66656916626,138345663,nattapon.bangrapimolpong@lotuss.com
,66656949495,138345436,natnicha.yasinthorn@lotuss.com
,66658509349,138345082,wirin.kaewchanphet@lotuss.com
,66658817285,138125909,kodchakon.promkaew@lotuss.com
,66658938999,138347192,worawee.thisonti@lotuss.com
,66661184492,138264628,tanapath.chimwiset@lotuss.com
,66800023842,138125926,jaruwan.oanthapanya@lotuss.com
,66800432998,138036384,thanakorn.chompong@lotuss.com
,66800510168,138348101,sikharin.charoenwanit@lotuss.com
,66800525682,138345008,warisara.boonthahom@lotuss.com
,66802066065,138346816,napanat.tapsirinrat@lotuss.com
,66802095451,138345102,khomkrich.rueangphet@lotuss.com
,66802284947,138345440,punyanud.sungurai@lotuss.com
,66802295073,138540024,thidarat.tukaew@lotuss.com
,66802764440,138346414,nalin.karnchanachari@lotuss.com
,66803023725,138302859,nimitta.sukhirat@lotuss.com
,66803380271,138198979,natacha.sareebee@lotuss.com
,66803411005,138126026,alisa.vichaison@lotuss.com
,66803468650,138346778,sirirat.danduang@lotuss.com
,66803613826,138346667,jakkrapan.kateanan@lotuss.com
,66803659485,138346563,sunisa.inpikka@lotuss.com
,66803691563,138348397,pimpicha.paisithmongkol@lotuss.com
,66805541569,138348373,vorapas.suwanthod@lotuss.com
,66806926200,138125861,sawittree.onsong@lotuss.com
,66807715596,138347612,supaphada.sontithavelap@lotuss.com
,66807747547,138348480,patcharapol.kulvorakulpitak@lotuss.com
,66809054711,138349510,warawoot.inpitak@lotuss.com
,66809299242,138348895,wanaporn.keawkumnurad@lotuss.com
,66809875820,138125897,phatcharida.arthan@lotuss.com
,66809903358,138344976,pee.tantivilai@lotuss.com
,66809914268,138346653,danupon.klancharoen@lotuss.com
,66809924878,138346764,boontharika.boonnoon@lotuss.com
,66810135908,138125910,cholkchai.jityai@lotuss.com
,66810864026,138345702,aunyarut.khonghinmadan@lotuss.com
,66811939888,138348308,supachot.srisawat@lotuss.com
,66812394169,138346999,jirut.taitongkean@lotuss.com
,66814425283,138348583,thanapong.viboonpattanapaisan@lotuss.com
,66814565825,138346828,kittipong.pongsatornkul@lotuss.com
,66814688925,138345068,chettaohon.phakhawatsophon@lotuss.com
,66815341883,138347100,rattakate.prayunchat@lotuss.com
,66815415871,138346668,eaksit.phattaracharukul@lotuss.com
,66815444591,138346753,watsapon.wattanasuepsin@lotuss.com
,66815678575,138348559,krisda.rintranukul@lotuss.com
,66816162706,138345310,pote.sakunthavorn@lotuss.com
,66816274329,138346673,thitikarn.charoenbunwanon@lotuss.com
,66816280744,138348230,chayut.charoenphoonsap@lotuss.com
,66816716301,138346922,pongpan.soifa@lotuss.com
,66816830838,138346809,netmanee.ekkawat@lotuss.com
,66816910956,138348247,sonjai.tivarapornsan@lotuss.com
,66817801496,138347714,anusit.ekachairungroj@lotuss.com
,66818183344,138345236,pichchaya.jetaphunya@lotuss.com
,66818280956,138348094,thanatcha.butuudorn@lotuss.com
,66818496541,138344990,punyapar.prasertmet@lotuss.com
,66819211694,138348722,chananchida.chomjaipetch@lotuss.com
,66819875988,138346612,kaittiyos.wisittiwong@lotuss.com
,66819886086,138349029,nuntharat.pumpuang@lotuss.com
,66820351416,138346604,atcharawadee.intasen@lotuss.com
,66820357072,138348080,chanin.saeyong@lotuss.com
,66820600878,138345121,thanyavee.techasomboon@lotuss.com
,66820689017,138125918,kanokwan.nakklang@lotuss.com
,66821522877,138347902,oumaphon.beapat@lotuss.com
,66822431275,138036368,weerapat.samannab@lotuss.com
,66822463539,138348789,somchanok.siriwattananuruk@lotuss.com
,66822696544,138344863,boonyaporn.yindeeananta@lotuss.com
,66822750805,138347210,sirilak.paensuk@lotuss.com
,66823226347,138346461,panisa.anakamanee@lotuss.com
,66823499706,138346595,nattapon.phomsa@lotuss.com
,66823503462,138345297,siwaporn.charoenkulpanich@lotuss.com
,66824535245,138346488,natchanan.pornboonbanyen@lotuss.com
,66824813769,138346876,benjamas.intaai@lotuss.com
,66824830871,138347290,plaifa.chomchoei@lotuss.com
,66825199956,138346562,kittitas.tepsirinrat@lotuss.com
,66825239578,138452321,marisa.fenty@lotuss.com
,66825262426,138346690,nutthakul.seetaboonyakom@lotuss.com
,66825302841,138345275,thitipong.sitthanaputtikorn@lotuss.com
,66825492847,138125895,nonglux.aameaod@lotuss.com
,66825506697,138347232,kantapong.soonhong@lotuss.com
,66825642565,138348090,teeranun.teangsri@lotuss.com
,66825682464,138348863,khemmachat.nokyoo@lotuss.com
,66826098105,138348887,tripob.angkuna@lotuss.com
,66826146391,138347032,nararat.yangkut@lotuss.com
,66826193563,138345772,prapatsorn.khantasen@lotuss.com
,66826392391,138349445,methadol.roengtanakorn@lotuss.com
,66826436363,138347110,nattakron.sronin@lotuss.com
,66826506629,138345296,bulakorn.phichitchatthana@lotuss.com
,66826568209,138346654,chairat.chankrajang@lotuss.com
,66827588388,138346648,norrawich.sriumporn@lotuss.com
,66827755421,138348369,gritcharut.thongjan@lotuss.com
,66828604896,138126018,apischaya.salangam@lotuss.com
,66828974213,138036355,kingkan.kanjanakhanthakul@lotuss.com
,66829045758,138348959,tonsak.maicharoen@lotuss.com
,66829102580,138126016,wallop.chomnong@lotuss.com
,66829246522,138347151,apichaya.kummeela@lotuss.com
,66829259931,138346863,nalina.dokbua@lotuss.com
,66829561957,138346998,kongphop.aramrak@lotuss.com
,66829654766,138126061,kittipa.bunyoy@lotuss.com
,66829794226,138347516,thananya.ruangrit@lotuss.com
,66830007578,138346611,puttipong.wanithaweewat@lotuss.com
,66830078532,138347383,natthakarn.pattamauksorn@lotuss.com
,66830155299,138346666,sivadon.lerksasen@lotuss.com
,66830311751,138345160,kamonporn.sungsukkul@lotuss.com
,66830846723,138348225,angkrit.saengpradab@lotuss.com
,66830915615,138348350,jomjaipak.yimamnuay@lotuss.com
,66830953944,138345486,supranee.udsaha@lotuss.com
,66831831234,138345919,wachirawit.pisutvanich@lotuss.com
,66831946464,138346623,wachiraporn.srihawong@lotuss.com
,66832362446,138348222,nutvadee.pavanavivat@lotuss.com
,66832424454,138348697,naphasakorn.sirikomolsingh@lotuss.com
,66832604878,138346911,puttikun.sinprachawong@lotuss.com
,66832716858,138347195,supanan.boonjong@lotuss.com
,66832765679,138348678,pornpun.niamnuam@lotuss.com
,66832870164,138346594,tigikan.paksinisit@lotuss.com
,66832976980,138347557,tanyaporn.promburom@lotuss.com
,66833422636,138345148,nattawut.poomkong@lotuss.com
,66834077632,138346972,anucha.klinkesorn@lotuss.com
,66834472666,138348201,laddawan.chaiworn@lotuss.com
,66834518400,138346568,chaisit.srinoikhao@lotuss.com
,66834711188,138347001,wiparut.aobaoun@lotuss.com
,66834970005,138346909,ketsara.siriket@lotuss.com
,66835074929,138345455,panisara.butrak@lotuss.com
,66835185569,138345668,onchaporn.puttarat@lotuss.com
,66835234343,138348695,supat.thepnikom@lotuss.com
,66835306523,138345088,chetthida.thongkham@lotuss.com
,66835942466,138345343,anusara.dechkrai@lotuss.com
,66836038425,138348031,jiddipop.kosanan@lotuss.com
,66836559963,138346456,nareerat.punyakaew@lotuss.com
,66836862860,138348337,punyapath.assavalertwisuth@lotuss.com
,66836895057,138347525,airada.kamwiman@lotuss.com
,66837028883,138348670,amornrat.kanaworrakul@lotuss.com
,66837055391,138540022,sudarat.kamwong@lotuss.com
,66837125020,138346744,sompong.laowwanaboriboon@lotuss.com
,66837250021,138198982,alicha.kamjorn@lotuss.com
,66837562471,138345218,phithiwat.chandra@lotuss.com
,66837803612,138345066,pimm.jalicandra@lotuss.com
,66838190185,138346598,teadsak.chotchuang@lotuss.com
,66838396617,138347099,uthaiwut.ponglar@lotuss.com
,66838398719,138346734,kuntinee.chareonsuk@lotuss.com
,66838470606,138348418,supatsorn.samransuk@lotuss.com
,66838721601,138348415,duanghathai.kanjanangkulphan@lotuss.com
,66838837775,138348557,peera.lorlohacharn@lotuss.com
,66838979859,138348310,rossarin.nhooied@lotuss.com
,66839097000,138346745,chalakorn.asavaittilit@lotuss.com
,66839152030,138348253,onjira.ariyawanichakun@lotuss.com
,66839212000,138348009,tanavich.sangkaew@lotuss.com
,66839231965,138347075,tasanee.junpanya@lotuss.com
,66839286073,138345523,malinee.kreitikitphisal@lotuss.com
,66839451888,138347314,thammasorn.chaturaphat@lotuss.com
,66839569564,138346837,salintip.thongsong@lotuss.com
,66839879596,138348688,auth.pisutaporn@lotuss.com
,66839889744,138348647,prarinthada.poolkasem@lotuss.com
,66839889789,138348636,watcharin.huntrakul@lotuss.com
,66839890477,138348800,arnon.techathanawat@lotuss.com
,66839890552,138346451,kumbmaen.kaewthitivudh@lotuss.com
,66839890666,138348586,chaiyuth.tipsuwanporn@lotuss.com
,66839944094,138349027,suwanna.sungsuwan@lotuss.com
,66840315529,138346807,narathip.nakkaew@lotuss.com
,66840677127,138348882,limphit.thongsom@lotuss.com
,66840752595,138346591,suchada.wattanasuwannee@lotuss.com
,66840752603,138347344,nontapong.kanjanarod@lotuss.com
,66840752689,138345353,kamontip.toplian@lotuss.com
,66840752701,138347305,chanchai.kumanan@lotuss.com
,66840897088,138347253,jaruwan.ruangklang@lotuss.com
,66841018296,138345101,sunisa.thiangkul@lotuss.com
,66841072143,138348394,jindarat.ladlao@lotuss.com
,66841117230,138348143,sirawich.boonchanachai@lotuss.com
,66841141828,138347329,kittitat.thasara@lotuss.com
,66841240659,138346824,janyaporn.jamjan@lotuss.com
,66841377681,138345007,tontakun.boonta@lotuss.com
,66841419815,138345291,chawin.srimuang@lotuss.com
,66841458280,138348311,nutcha.kulnguan@lotuss.com
,66841463946,138348015,sumitra.maprasop@lotuss.com
,66841557684,138348745,sasipa.busapawanit@lotuss.com
,66841659650,138348825,nuchwadee.boonyakumanon@lotuss.com
,66841682007,138348821,wirat.pimsak@lotuss.com
,66841772223,138345316,anupho.sittichokchaiwut@lotuss.com
,66841797779,138347109,samart.sangmukda@lotuss.com
,66842066604,138347422,vilasinee.sangkarat@lotuss.com
,66842099271,138346726,kriangkai.orakit@lotuss.com
,66842297171,138346190,chotika.vatcharasin@lotuss.com
,66842305587,138345246,chatuphon.amphawa@lotuss.com
,66842375879,138348916,duangkamol.jaturont@lotuss.com
,66842445919,138348443,tanakorn.tuntivoranukul@lotuss.com
,66842649363,138346650,muntira.pithak@lotuss.com
,66842656934,138347199,mnchisa.phorhlit@lotuss.com
,66844304682,138346818,orathai.saesanthia@lotuss.com
,66844610537,138348278,siroj.leungkamchorn@lotuss.com
,66844763980,138346670,tayakorn.tepparak@lotuss.com
,66845840282,138125908,chaloemphon.sangsuwan@lotuss.com
,66846125879,138346601,thinnakorn.prasertphong@lotuss.com
,66846135726,138346973,wongniwat.thumautok@lotuss.com
,66846963579,138348603,chayantorn.kritveeranant@lotuss.com
,66846963646,138346628,anchalee.piyatanont@lotuss.com
,66849670780,138345259,pitchakorn.vitoolpisansil@lotuss.com
,66850446666,138345261,yurarisa.pamornmontri@lotuss.com
,66850458440,138347920,natakrit.phuabanditkul@lotuss.com
,66850625881,138346674,mana.tubmareng@lotuss.com
,66851142282,138348530,chonlada.lertsanguansinchai@lotuss.com
,66851298303,138346695,chayapol.thitikavanont@lotuss.com
,66851519735,138348124,thanaporn.wilairat@lotuss.com
,66852086548,138125971,ratanachai.kaewpab@lotuss.com
,66852501507,138347538,jirat.setto@lotuss.com
,66853378282,138345342,kridsana.ploysee@lotuss.com
,66853395114,138345264,natthapat.sakkittiphum@lotuss.com
,66855121835,138345130,krittameth.lerdtomolsakul@lotuss.com
,66855172912,138348006,apiset.wongthanuwat@lotuss.com
,66855211735,138452294,panpasa.junthawaro@lotuss.com
,66855647690,138348488,nattacha.akmarukain@lotuss.com
,66855748518,138347304,pornchai.treesokpraprit@lotuss.com
,66855924706,138346661,nittaya.premdilok@lotuss.com
,66856502615,138346637,wanpen.sooksawad@lotuss.com
,66856830611,138346440,tanyarat.pattarametheesuwakul@lotuss.com
,66858042356,138348343,chonlada.chamnongpli@lotuss.com
,66858285282,138346032,wachiraporn.subinnam@lotuss.com
,66858324898,138348823,piti.loprecha@lotuss.com
,66858329434,138348533,konchanok.malasin@lotuss.com
,66858427063,138346914,somchai.teacharattanon@lotuss.com
,66858498499,138346951,prapat.boontavekulsawat@lotuss.com
,66858532926,138348292,kesinepron.jirakasemsuk@lotuss.com
,66858588043,138348992,kittithanapoom.ketsuwan@lotuss.com
,66858684779,138346810,thammarat.sangiam@lotuss.com
,66858822426,138348933,patcharin.punpradit@lotuss.com
,66858842364,138346815,thidarat.piddam@lotuss.com
,66858881060,138346912,yongyoot.pattarawongjaleand@lotuss.com
,66859005567,138347055,pongsakorn.borvornviphat@lotuss.com
,66859159158,138264638,nantawat.ruangpradit@lotuss.com
,66859177866,138348502,kanchanarach.temcharoensuk@lotuss.com
,66859221722,138345574,patipan.singvong@lotuss.com
,66859355533,138348958,sudathip.nasongkla@lotuss.com
,66861813692,138036342,boonyawee.saelee@lotuss.com
,66863087665,138347588,kittikorn.kiewthaisong@lotuss.com
,66863221552,138347534,pichayanin.wongkittichawarit@lotuss.com
,66863229495,138347025,panatda.thosuwan@lotuss.com
,66863289773,138349542,kitsada.herunvong@lotuss.com
,66863568852,138346779,kittipong.panthong@lotuss.com
,66863598184,138346814,arisara.jaree@lotuss.com
,66863659722,138345443,thipbordee.chongngam@lotuss.com
,66863669365,138348824,thanat.wangsiripaisarn@lotuss.com
,66863690526,138348379,yutitorn.sukumpalakun@lotuss.com
,66863697746,138347279,pramuan.thawongklang@lotuss.com
,66863731276,138345273,sorawit.arunatat@lotuss.com
,66863759040,138346740,gawarin.sutthijat@lotuss.com
,66863790649,138345162,kantarut.mongkolsirichok@lotuss.com
,66863844093,138344781,uthai.buanuy@lotuss.com
,66863920462,138346445,warayut.worachet@lotuss.com
,66863925542,138349546,watcharapol.suwannakrue@lotuss.com
,66863939495,138348501,tipapan.puengtammakun@lotuss.com
,66863974403,138345417,natcha.boonsanan@lotuss.com
,66864013239,138348960,nongnapat.meekamlai@lotuss.com
,66864091550,138348744,taninnuch.thathong@lotuss.com
,66864110214,138348449,kan.rattanaprueksa@lotuss.com
,66864157695,138345425,suttatip.kromtong@lotuss.com
,66864249949,138348793,chonticha.phopuak@lotuss.com
,66865131725,138349522,khunchai.romsaithong@lotuss.com
,66865155500,138346822,pimruj.bangbal@lotuss.com
,66865331989,138345312,preeyanuch.sangchumpol@lotuss.com
,66865738198,138346747,thassana.phungpoo@lotuss.com
,66865911663,138345454,piyabadin.inseewong@lotuss.com
,66866194999,138346605,sakul.sinluxsanathip@lotuss.com
,66866225586,138349468,thantapong.kruejun@lotuss.com
,66866263565,138346677,cheeranchai.wongvadesuwatr@lotuss.com
,66866308865,138347288,suchada.thaupachit@lotuss.com
,66866333100,138347280,peeradon.jaidee@lotuss.com
,66866851346,138346663,weranad.wises@lotuss.com
,66866878793,138348742,nithi.tooptae@lotuss.com
,66867047326,138348372,saranya.vattahayanont@lotuss.com
,66867622781,138346154,ketsiree.inumporn@lotuss.com
,66867716428,138348416,charinee.kampet@lotuss.com
,66868411585,138348202,yanisa.tippayawong@lotuss.com
,66868508129,138349487,thassamon.vichitra@lotuss.com
,66868881477,138345183,chavisa.malaikaew@lotuss.com
,66869247467,138346813,wongsakorn.ritchitpian@lotuss.com
,66869677871,138346903,rattaanamat.phongsapan@lotuss.com
,66869692099,138345382,amolrugee.khantikul@lotuss.com
,66869880907,138348071,thanwaraj.ratanamano@lotuss.com
,66869952002,138348371,piliwan.soison@lotuss.com
,66871134455,138349058,anuntapa.nithipattararoot@lotuss.com
,66873254175,138347559,jirasupha.phungphai@lotuss.com
,66873448329,138348911,nattapat.smitthileela@lotuss.com
,66873581680,138346852,oorawan.limsakun@lotuss.com
,66873665394,138345389,anuchit.seehanad@lotuss.com
,66873865978,138348175,chonnikan.luanseng@lotuss.com
,66874002119,138345623,roongtip.kaewpanyakool@lotuss.com
,66875104050,138345713,nuttapoom.samphansantikool@lotuss.com
,66875424188,138344972,chanatawan.christensen@lotuss.com
,66875534591,138346864,puncharat.siyoputtawong@lotuss.com
,66875671930,138347518,piwat.ngernthavornkool@lotuss.com
,66875691435,138345106,boonsita.surapin@lotuss.com
,66876347339,138348886,atiwat.somsrimee@lotuss.com
,66876898349,138345282,kanyakorn.kasamsuttikhun@lotuss.com
,66877015435,138348274,tanachort.chatthammanat@lotuss.com
,66877015959,138345558,kunaporn.tangkasetthakul@lotuss.com
,66877793738,138346829,atchariyapon.phomnok@lotuss.com
,66877806519,138348606,jarunate.srilaphan@lotuss.com
,66877819889,138344941,amnart.kuankaew@lotuss.com
,66877863292,138348275,pattadon.wongsuteptawee@lotuss.com
,66878197110,138347517,runron.boonprasittipan@lotuss.com
,66879625905,138345740,jittipisuth.chareonwai@lotuss.com
,66879746464,137964451,thitiporn.pornpirunrak@lotuss.com
,66880113980,138348473,sapon.thamchanalerd@lotuss.com
,66880120765,138347423,phakkapol.pavanavivat@lotuss.com
,66880184340,138348669,anucha.jampatet@lotuss.com
,66881777897,138346531,malinee.niempor@lotuss.com
,66882161878,138346517,sudtida.iamaek@lotuss.com
,66882224657,138345736,thanchanok.woottireakchai@lotuss.com
,66882550414,138125901,kroekkai.insongjai@lotuss.com
,66882655502,138347054,jantana.nanta@lotuss.com
,66882726054,138347211,vatchara.payuha@lotuss.com
,66882731489,138346606,bourpan.boonta@lotuss.com
,66883778884,138345142,jiratchaya.saingthong@lotuss.com
,66884427153,138348840,patcharin.samajan@lotuss.com
,66884833062,138346035,thitima.seedapalee@lotuss.com
,66885554289,138345495,thanarit.kiratikomolsin@lotuss.com
,66885619994,138344936,thanakon.phubunthong@lotuss.com
,66885814412,138346808,paemika.deesamer@lotuss.com
,66886129904,138348532,jirawan.suwannasichon@lotuss.com
,66886154567,138349545,narongrit.kitsawut@lotuss.com
,66886215147,138347325,puriwat.tititumpitak@lotuss.com
,66886372555,138348914,phanchaphon.saengphenphrao@lotuss.com
,66886384430,138345257,chotika.iamvijarn@lotuss.com
,66886497982,138348696,tanapol.kongplumchit@lotuss.com
,66886514566,138344932,thanidsorn.suklim@lotuss.com
,66886520175,138345539,phanit.noorak@lotuss.com
,66886892313,138346564,vipaporn.tapsakun@lotuss.com
,66886945814,138345022,pornnatcha.naochai@lotuss.com
,66887537260,138346835,kittisak.winkham@lotuss.com
,66887681775,138346905,amornrat.chaichumpol@lotuss.com
,66887846774,138346752,sawitree.tanglai@lotuss.com
,66888028921,138346896,harit.pearmanee@lotuss.com
,66888823957,138346538,nutmanee.wongwien@lotuss.com
,66889182541,138036270,namfhon.jurnkrajang@lotuss.com
,66889197897,138348637,preeyaporn.chumputsar@lotuss.com
,66889561626,138346897,burintorn.somboon@lotuss.com
,66889616259,138349059,phatnarin.sakultaweethum@lotuss.com
,66889751536,138346832,piyanan.charastrakool@lotuss.com
,66889782251,138346750,veeravit.vivitkul@lotuss.com
,66890310350,138125921,supattra.phuemjai@lotuss.com
,66891047539,138349492,sophon.khumongkhon@lotuss.com
,66891073131,138346900,prasit.songsuk@lotuss.com
,66891129929,138346662,supawadee.pryngam@lotuss.com
,66891154695,138346891,surasek.phaetsang@lotuss.com
,66891230669,138347382,rinradee.sithiprasasna@lotuss.com
,66891233046,138346164,suchat.hngorsakul@lotuss.com
,66891238298,138345278,tanaseth.achariyabunchong@lotuss.com
,66891241998,138348858,raveepath.jarukiatpongsa@lotuss.com
,66891269699,138349508,panuwat.sukmak@lotuss.com
,66891445255,138348936,khanthima.mongsai@lotuss.com
,66891665520,138349506,win.hirunprasertvut@lotuss.com
,66891799864,138344782,rutjaree.vongmanee@lotuss.com
,66891886667,138348540,pranita.rattapuntanon@lotuss.com
,66892714746,138346627,kiattiphan.chankaeo@lotuss.com
,66894802232,138347501,supakit.prewwongtong@lotuss.com
,66894992351,138347213,pongsakorn.petchara@lotuss.com
,66895059925,138347278,pairat.jiansamran@lotuss.com
,66896249651,138349444,kukrit.asumpinpong@lotuss.com
,66896559109,138346410,kankanok.wongngam@lotuss.com
,66897008909,138346655,sirin.amornsrisatja@lotuss.com
,66897901212,138346411,namfon.mayotharn@lotuss.com
,66898085076,138347214,parinya.kantawong@lotuss.com
,66898096425,138125898,oakkharapon.sakunchoo@lotuss.com
,66898336394,138347923,visava.karaket@lotuss.com
,66899244284,138348339,jirayu.tosupharattanakul@lotuss.com
,66899364925,138347407,ananya.nilsamrit@lotuss.com
,66900399993,138344855,nidchakarn.passornyotin@lotuss.com
,66900826762,138347652,aphichart.jongdeesuesat@lotuss.com
,66901033527,138348145,phongphak.akbudali@lotuss.com
,66901816395,138346588,varanich.sirinuntajeerakul@lotuss.com
,66902463848,138346636,jiraporn.whangcharoen@lotuss.com
,66902753736,138346892,wathit.khakabue@lotuss.com
,66903188255,138125929,somtawin.maneekeaw@lotuss.com
,66903190480,138346616,wanpen.buapim@lotuss.com
,66903234685,138346535,angkun.jaimasit@lotuss.com
,66906699453,138347500,aingkarat.sinthuwarapan@lotuss.com
,66907844954,138344769,onuama.noinoul@lotuss.com
,66908928845,138346536,artid.budcha@lotuss.com
,66908953222,138345349,pornnapa.bonkanha@lotuss.com
,66909027491,138348955,nattawat.pradipnatalang@lotuss.com
,66909061429,138302864,nongnut.sreeamunaichok@lotuss.com
,66909266694,138346391,puripak.chotpratum@lotuss.com
,66909493254,138346443,titapa.khanom@lotuss.com
,66909533172,138347026,pornthip.yaikratok@lotuss.com
,66909579120,138344916,chatphon.natamploi@lotuss.com
,66909614156,138346817,julaluk.rongthong@lotuss.com
,66909712044,138344957,nontakorn.singhatat@lotuss.com
,66909745322,138348763,suphakarn.phengmul@lotuss.com
,66909747917,138346777,matsaya.koedbandit@lotuss.com
,66909830100,138348070,karakate.anutrakulchai@lotuss.com
,66909853099,138346732,angkhana.supuntri@lotuss.com
,66909854766,138125960,natrada.jitsawaeng@lotuss.com
,66909890074,138349021,naraubes.chareanchad@lotuss.com
,66909918615,138347101,payuhaphol.pongudom@lotuss.com
,66909945977,138347561,yanisa.boonsrisuk@lotuss.com
,66909974542,138346760,chonthicha.khaopradit@lotuss.com
,66910076207,138346827,sirisuk.poungprom@lotuss.com
,66910153233,138036291,kanlaya.preeda@lotuss.com
,66910161798,138348888,suphap.fusee@lotuss.com
,66910162545,138346893,pornsuda.sulinload@lotuss.com
,66910494442,138344980,kanisorn.wongsaengkham@lotuss.com
,66910791238,138346960,prapatpong.khankaew@lotuss.com
,66912498535,138348983,siriprapa.niyomwong@lotuss.com
,66914105677,138348631,patranan.patarawanee@lotuss.com
,66914798462,138346950,jariya.chaisan@lotuss.com
,66914964993,138347233,phakhawat.artton@lotuss.com
,66917071771,138344954,pakasit.sawatdiraksa@lotuss.com
,66917233725,138346459,napon.ittipunkul@lotuss.com
,66917348790,138125919,poltham.pakchuen@lotuss.com
,66917471913,138302860,kamonchanok.jaiart@lotuss.com
,66917493918,138346608,warin.poonsawat@lotuss.com
,66917693012,138264640,rattanaphon.vechthawin@lotuss.com
,66917804525,138348313,narubhorn.wathaya@lotuss.com
,66917936295,138345028,srisuda.montreewong@lotuss.com
,66918292545,138348794,sirirat.soysaeng@lotuss.com
,66918380161,138346589,sittiwat.srisomphong@lotuss.com
,66918399898,138346743,chalermpon.petcharat@lotuss.com
,66918479638,138347922,vipawadee.kongpang@lotuss.com
,66918517482,138347240,apinya.intarungsee@lotuss.com
,66918546274,138347102,udompan.poungpan@lotuss.com
,66918586005,138346907,adisak.promanan@lotuss.com
,66918599236,138348243,kirin.ainta@lotuss.com
,66918651024,138344918,sarunkun.ounkat@lotuss.com
,66918679693,138346187,samita.kaewdulphan@lotuss.com
,66918717060,138344765,gewalin.ratchatavarotai@lotuss.com
,66918781745,138344803,somnuek.kaewkrachang@lotuss.com
,66922425958,138348246,niracha.kradadthong@lotuss.com
,66922467327,138125917,siripat.chamnanraksa@lotuss.com
,66922629719,138347330,nattakarn.sunakorn@lotuss.com
,66922828003,138347365,kasidej.thaisayam@lotuss.com
,66923710688,138036269,rinda.aree@lotuss.com
,66923865444,138036367,kitsana.manchay@lotuss.com
,66923931657,138036352,rattana.klumjarurn@lotuss.com
,66924343013,138126062,artitaya.chaiainsoon@lotuss.com
,66924416308,138125860,nawinda.khirisi@lotuss.com
,66924623955,138347615,thanapat.rattanasut@lotuss.com
,66926010006,138345031,pawita.taypongsak@lotuss.com
,66926801116,138452335,rattananaporn.boonna@lotuss.com
,66926939991,138347441,pattra.seethongdee@lotuss.com
,66928145924,138126036,boontharik.koagsaengpak@lotuss.com
,66928275028,138161492,chirawan.ainaiang@lotuss.com
,66928300802,138302866,chophaka.phrmchan@lotuss.com
,66928493099,138036369,suthida.chiadchat@lotuss.com
,66929072211,138126013,niramol.rassameeronnachai@lotuss.com
,66929473180,138161480,atitaya.sianglum@lotuss.com
,66929684363,138345385,naphutsorn.sirirut@lotuss.com
,66929694390,138346736,chaiyaporn.thongngam@lotuss.com
,66930409280,138346609,anupab.jampatong@lotuss.com
,66931902163,138036295,naritsara.sitthiprasong@lotuss.com
,66931914978,138345787,anon.burerat@lotuss.com
,66932108844,138345387,nattha.saengpiroon@lotuss.com
,66933144099,138348391,phawat.chumnumpron@lotuss.com
,66933299681,138346865,panaporn.tongdeenok@lotuss.com
,66933466674,138126015,aranya.phetnin@lotuss.com
,66933752506,138126060,pimnapa.khunkaew@lotuss.com
,66934846308,138036255,khwanyakon.thiwsuwan@lotuss.com
,66935757015,138347194,kanyanat.khongnaluek@lotuss.com
,66936478914,138348144,kamolwan.sudprasert@lotuss.com
,66936536650,138345240,krongkan.jampapang@lotuss.com
,66937240066,138125949,thirawat.pomsuwan@lotuss.com
,66937871337,138452324,supansa.sangjak@lotuss.com
,66938689185,138036366,pathompong.jungtheerapanit@lotuss.com
,66939515146,138036271,kamonchat.ammi@lotuss.com
,66941495045,138349016,pimchanok.chaowalit@lotuss.com
,66941860222,138346525,kanyawee.silsmit@lotuss.com
,66943408877,138347448,chavakarn.pitucktikul@lotuss.com
,66943766591,138452260,kitthidet.buapha@lotuss.com
,66944159940,138344973,panchasap.pholyiam@lotuss.com
,66944519768,138125851,weerapon.laema@lotuss.com
,66944793070,138345550,parinya.onkrum@lotuss.com
,66944975061,138345616,nantakarn.komalodaka@lotuss.com
,66945051515,138348181,supharang.buranapiyawong@lotuss.com
,66945492950,138348765,thitiparkarn.sirithatthamrong@lotuss.com
,66945516041,138345167,tharin.srisopha@lotuss.com
,66947024152,138083585,pornnapat.kisaiya@lotuss.com
,66947236519,138346739,teerapong.deekum@lotuss.com
,66947703360,138345188,bongkod.yingdilokphankul@lotuss.com
,66948202342,138349395,sarothip.saengnarinda@lotuss.com
,66949355525,138344934,takoon.tangchiwinsirikul@lotuss.com
,66949526225,138346140,jatuporn.runboon@lotuss.com
,66951341109,138344753,niramon.tunsuwan@lotuss.com
,66951341114,138346620,phatcharee.khechorn@lotuss.com
,66951561470,138346925,waraporn.yungmuang@lotuss.com
,66951928880,138346656,worawit.panphoom@lotuss.com
,66952044237,138346759,tanthita.rojanagitthanawat@lotuss.com
,66952078901,138348984,niwat.lerdsaenee@lotuss.com
,66952236747,138345381,chatchawan.phromin@lotuss.com
,66952325272,138346894,mai.prangchan@lotuss.com
,66952389966,138347281,worapon.thipsawat@lotuss.com
,66952487229,138348723,thanpicha.modthong@lotuss.com
,66952518422,138349020,tanawat.jujia@lotuss.com
,66952895051,138346898,pathom.natpulwat@lotuss.com
,66953096426,138346733,sompong.moolpradub@lotuss.com
,66953359994,138347230,naruthep.chaiwan@lotuss.com
,66953411628,138036335,teerapat.dawyeam@lotuss.com
,66953476573,138125975,purinat.kamdee@lotuss.com
,66953530487,138083591,nattaphong.iamthuam@lotuss.com
,66953546124,138347155,wanwadee.srisuk@lotuss.com
,66953764911,138348982,supaksorn.martin@lotuss.com
,66953964929,138346672,sujitra.siriwanichakul@lotuss.com
,66954049836,138345189,salisa.hwanchaaem@lotuss.com
,66954146109,138348588,nicharee.terawong@lotuss.com
,66954193652,138344801,naparat.meekaew@lotuss.com
,66954201163,138346649,suganya.hwanglee@lotuss.com
,66954265291,138346746,pimprapai.srimaung@lotuss.com
,66954292637,138346751,duangkamal.sittacom@lotuss.com
,66954312819,138348506,pemuk.limsatjapanit@lotuss.com
,66954419061,138036382,wannida.photinam@lotuss.com
,66954570571,138344789,sutida.karkeaw@lotuss.com
,66954587046,138347000,sahasarin.kumyu@lotuss.com
,66954969423,138347542,nattananya.tiammon@lotuss.com
,66955038197,138347519,nithiphon.mekkham@lotuss.com
,66955047723,138348856,chanittha.chaiwong@lotuss.com
,66955104566,138346458,kornkanok.srithong@lotuss.com
,66955138805,138348038,nuttawoot.chuenkrut@lotuss.com
,66955264240,138036302,sunisa.kaewhawong@lotuss.com
,66955495940,138348561,chonthicha.sawatyanon@lotuss.com
,66955536605,138348440,pongpon.promsornpason@lotuss.com
,66955861999,138344923,chanchai.vijitmaktong@lotuss.com
,66955930621,138036332,dechathon.thongbo@lotuss.com
,66955940760,138345223,chutima.malai@lotuss.com
,66956189723,138346555,aransaya.uyiam@lotuss.com
,66956191836,138036386,aomporn.chartsri@lotuss.com
,66956219153,138344895,banthun.uilee@lotuss.com
,66956367373,138346537,chananchida.panthanyakit@lotuss.com
,66956515568,138125946,sunya.buddee@lotuss.com
,66956753492,138346613,supatra.pinyokum@lotuss.com
,66956780088,138347041,watcharapon.wongin@lotuss.com
,66956812586,138161483,nattakamon.thonhtaeng@lotuss.com
,66956835463,138347137,apinya.thammasin@lotuss.com
,66956873302,138346776,salinee.samutpach@lotuss.com
,66956877381,138347126,natsuda.nimitsil@lotuss.com
,66956878290,138346910,padabdaw.kewoasawa@lotuss.com
,66957093696,138346186,nanthana.putthawaro@lotuss.com
,66957953597,138348704,porndanai.saenglohaphand@lotuss.com
,66958067035,138125974,natthapong.suwannarat@lotuss.com
,66958280038,138348752,teerawut.suebson@lotuss.com
,66958320536,138346607,pimputta.making@lotuss.com
,66958321510,138036354,wipada.kaensa@lotuss.com
,66958391919,138348531,chanchinan.isarakul@lotuss.com
,66958577825,138346986,arphorn.orntadee@lotuss.com
,66958601267,138126068,wilawan.chuathong@lotuss.com
,66958742451,138348560,warunya.trakarnvijit@lotuss.com
,66958850568,138347042,nutthinee.kunlayanawoot@lotuss.com
,66958953212,138346737,jaranya.pundes@lotuss.com
,66958968847,138346603,raphiphan.suwannasak@lotuss.com
,66959041652,138347153,naruewong.jena@lotuss.com
,66959219014,138346849,thongmee.monthathip@lotuss.com
,66959233264,138345083,phonthakan.chotmaneerat@lotuss.com
,66959240999,138348939,sukit.noibunlue@lotuss.com
,66959258953,138347193,nitiphong.chareanthum@lotuss.com
,66959291714,138346698,samak.chatchai@lotuss.com
,66959341626,138348341,sanfun.sriprach@lotuss.com
,66959469384,138349547,sriwan.kamming@lotuss.com
,66959579043,138348500,ratchanun.thavonsaksutee@lotuss.com
,66959610751,138348937,teerapon.bolla@lotuss.com
,66959761691,138348617,aroon.kumsumalee@lotuss.com
,66960165614,138345217,thantiva.yamae@lotuss.com
,66960462092,138345321,pornsit.isarankula@lotuss.com
,66960641755,138345621,jiraprapa.klinnoi@lotuss.com
,66961472937,138347074,pornnarin.hankla@lotuss.com
,66961614514,138347421,pichaya.kaewvises@lotuss.com
,66961879919,138345566,padtamawadee.mongpetch@lotuss.com
,66961898937,138346731,jakkaphong.poolayleung@lotuss.com
,66962256520,138346821,phatchara.boonrueng@lotuss.com
,66962308887,138302857,wirunya.chainurak@lotuss.com
,66962585799,138348923,patchareeya.noikoon@lotuss.com
,66962863265,138349483,somchit.ounpang@lotuss.com
,66962896596,138346720,kritsakon.korwichit@lotuss.com
,66962945362,138348766,phoowis.gijsriurai@lotuss.com
,66962949149,138347381,taychinee.vittayaviwatsakul@lotuss.com
,66963542962,138348743,kanisara.ngamsuntisuk@lotuss.com
,66963629266,138348478,piyaporn.duangsaengchan@lotuss.com
,66964393727,138125862,chanchira.singkahawen@lotuss.com
,66965485283,138348943,treerachot.janyarak@lotuss.com
,66966423268,138347331,chorpet.thunyapuch@lotuss.com
,66966429902,138347033,patcharee.martong@lotuss.com
,66966485284,138348093,patcharaporn.sawangkeaw@lotuss.com
,66966586708,138348608,natcha.buamanee@lotuss.com
,66967079963,138345165,karnjanapan.surinkad@lotuss.com
,66967325685,138125931,phongphet.chantaring@lotuss.com
,66967596493,138348444,parut.limsomboon@lotuss.com
,66967658246,138345086,naruemon.tempiam@lotuss.com
,66967749244,138161487,pollawat.tiengna@lotuss.com
,66967818843,138348426,kantapat.krasin@lotuss.com
,66968095742,138345399,phenphitcha.phumphuang@lotuss.com
,66968129000,138348790,pharamet.zhavaldi@lotuss.com
,66968188882,138346693,pongpun.duangsombut@lotuss.com
,66968200074,138126066,komsan.jaihan@lotuss.com
,66968750152,138347130,treeradech.gantawong@lotuss.com
,66968811870,138036358,rungfa.chuainurak@lotuss.com
,66969151193,138346534,naphat.inngern@lotuss.com
,66969218285,138345496,rattana.phengkawong@lotuss.com
,66969394549,138348593,kantapon.jankorn@lotuss.com
,66969547952,138346851,nitikarn.wongsuthipisarn@lotuss.com
,66969711903,138346651,norawee.sethabutra@lotuss.com
,66969752715,138452304,nattawut.thongsuk2@lotuss.com
,66969847556,138346924,nussara.phangpa@lotuss.com
,66970217439,138346758,aphisak.mangkhangdee@lotuss.com
,66970236836,138348221,punyanuch.pongpanich@lotuss.com
,66970248739,138346141,naphathip.phonkham@lotuss.com
,66970300943,138346830,bee.sakthaisong@lotuss.com
,66970969546,138161481,benjawan.decharattanathongchai@lotuss.com
,66970984183,138344760,thanaphon.chaijinda@lotuss.com
,66970985740,138347464,natchamon.chansri@lotuss.com
,66971014384,138036390,sutinee.sandee@lotuss.com
,66971070357,138347072,amphon.nanta@lotuss.com
,66971104545,138346658,nopparat.jaikla@lotuss.com
,66971129515,138036383,pornwimon.rungswang@lotuss.com
,66971165093,138345726,methavee.thaitrong@lotuss.com
,66971302888,138348721,kanya.pronpra@lotuss.com
,66971465397,138345124,nichapha.deecharoen@lotuss.com
,66971526355,138036394,panatchakron.sengnoi@lotuss.com
,66971595323,138264639,kanapot.phoomoon@lotuss.com
,66971598552,138345292,atithep.passa@lotuss.com
,66971634082,138125894,malinee.ardkonghan@lotuss.com
,66971689418,138346902,napat.kaikaew@lotuss.com
,66971730101,138345409,chnon.tosomsakul@lotuss.com
,66971766997,138344914,surakiat.somumjan@lotuss.com
,66972183318,138345237,wannaporn.amornpairoj@lotuss.com
,66972212642,138347219,kraisorn.piewluang@lotuss.com
,66972309281,138345243,nutchaya.hassaitong@lotuss.com
,66972311639,138346856,natchaya.rakanatorn@lotuss.com
,66972415563,138346532,nittaya.sinpakdee@lotuss.com
,66972451687,138346826,kwanwara.chalayondecha@lotuss.com
,66972513224,138345520,chalermchai.songrit@lotuss.com
,66972678623,138348224,pakavadee.kuwiboonsin@lotuss.com
,66972958654,138346664,montree.yingyong@lotuss.com
,66973239096,138346823,wichittra.haojamnong@lotuss.com
,66973327973,138349552,jarinya.phosri@lotuss.com
,66973438089,138348724,junsuda.turawron@lotuss.com
,66973529828,138346930,sirintra.somsri@lotuss.com
,66973545245,138346954,udomsak.chanaeid@lotuss.com
,66973561405,138347234,nattakan.nipattrakul@lotuss.com
,66973590714,138346624,natchaya.airsoo@lotuss.com
,66974191991,138264641,tanut.kowatana@lotuss.com
,66974295698,138348917,chayanon.sophonsirinun@lotuss.com
,66979234541,138348772,chareeda.prawatwin@lotuss.com
,66979397102,138126040,mukda.inkong@lotuss.com
,66979795504,138347613,matiporn.jongprasoplarp@lotuss.com
,66979979697,138125887,wiset.sanmano@lotuss.com
,66980288831,138347127,kittiya.intama@lotuss.com
,66980594559,138347560,chetteaphon.suratham@lotuss.com
,66980656138,138302858,woramun.srisuwanuwat@lotuss.com
,66980953499,138346615,nattanon.manosan@lotuss.com
,66981614265,138346669,thanyakorn.wonghiran@lotuss.com
,66982180981,138452291,thitaporn.tratsaru@lotuss.com
,66982496847,138161491,sirawit.onnom@lotuss.com
,66982587893,138347364,wisanlaya.youngdee@lotuss.com
,66982624468,138346439,juthamat.phatthararangsan@lotuss.com
,66983360974,138126065,chutima.saengdaeng@lotuss.com
,66984528174,138125951,janthakan.niwongsa@lotuss.com
,66984567080,138347614,wassakarn.sangchay@lotuss.com
,66985219375,138264651,watsana.maneesaeng@lotuss.com
,66985264309,138036391,kampannin.somtanaree@lotuss.com
,66985524458,138348318,chayapon.gross@lotuss.com
,66985564515,138348245,sirawich.ngamkerdsiri@lotuss.com
,66985653596,138347581,veerisa.kijboonchai@lotuss.com
,66985804118,138198981,sirawan.chantasan@lotuss.com
,66985856341,138036393,nisarat.phola@lotuss.com
,66986619366,138346761,thitiphat.phankrawee@lotuss.com
,66986915615,138349509,voradon.chanpanich@lotuss.com
,66987455294,138346833,natchaya.kalanuson@lotuss.com
,66987996257,138161469,sarike.muanmanot@lotuss.com
,66988247660,138346520,thichavee.janphong@lotuss.com
,66988578422,138347057,chulalak.phummala@lotuss.com
,66989572871,138346052,tanwa.wongkumjun@lotuss.com
,66990161002,138036294,aiyaret.suksarn@lotuss.com
,66990843984,138347249,saichon.chanrueang@lotuss.com
,66991630440,138347427,wimonrat.chamapalin@lotuss.com
,66991789166,138348634,napaadar.pongsook@lotuss.com
,66991911444,138348072,suttajit.wiboontanasarn@lotuss.com
,66992073743,138083587,jakkapong.kaiyarat@lotuss.com
,66992081290,138302847,wasinee.kaewtreewong@lotuss.com
,66992414452,138346449,korlab.kobkoy@lotuss.com
,66992415459,138345629,khananat.tanhasukont@lotuss.com
,66992854674,138348180,ariya.thongrod@lotuss.com
,66993247770,138347579,tanakit.chaikajonpat@lotuss.com
,66993569456,138347361,pimwadee.petsom@lotuss.com
,66993672403,138346978,thanyalak.pathummasut@lotuss.com
,66996203613,138348146,chanavee.shanmuga@lotuss.com
,66996263756,138347076,darunee.tiptiang@lotuss.com
,66996271617,138346784,chidchanok.kirdlap@lotuss.com
,66996326474,138036397,aticha.ritdet@lotuss.com
,66996359455,138344922,pongsan.niphatnithimeth@lotuss.com
,66996404708,138036328,isarapron.mekamphorn@lotuss.com
,66996414564,138348854,weerapol.lodarbchai@lotuss.com
,6845804444,138345753,naris.thamkuekool1@lotuss.com
,9.1771E+11,138391842,jaya.themaskar@lotuss.com
,9.1879E+11,138391804,manjunath.kunta@lotuss.com
