1623426280323,{"message":"Request failed with status code 400","name":"Error","stack":"Error: Request failed with status code 400\n    at createError (c:\\scripts\\ProvisionSMSMFA\\node_modules\\axios\\lib\\core\\createError.js:16:15)\n    at settle (c:\\scripts\\ProvisionSMSMFA\\node_modules\\axios\\lib\\core\\settle.js:17:12)\n    at IncomingMessage.handleStreamEnd (c:\\scripts\\ProvisionSMSMFA\\node_modules\\axios\\lib\\adapters\\http.js:260:11)\n    at IncomingMessage.emit (events.js:388:22)\n    at endReadableNT (internal/streams/readable.js:1336:12)\n    at processTicksAndRejections (internal/process/task_queues.js:82:21)","config":{"url":"https://api.us.onelogin.com/api/1/users/134927747/otp_devices","method":"post","data":"{\"factor_id\":72251,\"display_name\":\"Request OTP (SMS)\",\"number\":\"66896993310\",\"verified\":true}","headers":{"Accept":"application/json, text/plain, */*","Content-Type":"application/json","Authorization":"bearer:7b05de14268ac855a234b1f6300c6f86948c49dff590e9036a4c0ee6deda92e7","User-Agent":"axios/0.21.1","Content-Length":93},"transformRequest":[null],"transformResponse":[null],"timeout":0,"xsrfCookieName":"XSRF-TOKEN","xsrfHeaderName":"X-XSRF-TOKEN","maxContentLength":-1,"maxBodyLength":-1}}
1623426280526,{"message":"Request failed with status code 400","name":"Error","stack":"Error: Request failed with status code 400\n    at createError (c:\\scripts\\ProvisionSMSMFA\\node_modules\\axios\\lib\\core\\createError.js:16:15)\n    at settle (c:\\scripts\\ProvisionSMSMFA\\node_modules\\axios\\lib\\core\\settle.js:17:12)\n    at IncomingMessage.handleStreamEnd (c:\\scripts\\ProvisionSMSMFA\\node_modules\\axios\\lib\\adapters\\http.js:260:11)\n    at IncomingMessage.emit (events.js:388:22)\n    at endReadableNT (internal/streams/readable.js:1336:12)\n    at processTicksAndRejections (internal/process/task_queues.js:82:21)","config":{"url":"https://api.us.onelogin.com/api/1/users/134851442/otp_devices","method":"post","data":"{\"factor_id\":72251,\"display_name\":\"Request OTP (SMS)\",\"number\":\"66993526228\",\"verified\":true}","headers":{"Accept":"application/json, text/plain, */*","Content-Type":"application/json","Authorization":"bearer:7b05de14268ac855a234b1f6300c6f86948c49dff590e9036a4c0ee6deda92e7","User-Agent":"axios/0.21.1","Content-Length":93},"transformRequest":[null],"transformResponse":[null],"timeout":0,"xsrfCookieName":"XSRF-TOKEN","xsrfHeaderName":"X-XSRF-TOKEN","maxContentLength":-1,"maxBodyLength":-1}}
1623426282546,-,7519947,Success,137178203
1623426284484,-,7519948,Success,137178279
1623426286468,-,7519949,Success,137178285
1623426288656,-,7519951,Success,137178286
1623426290718,6.01111E+11,7519952,Success,137176748
1623426292506,60172606388,7519954,Success,135569279
1623426294724,66610282981,7519955,Success,137177262
1623426296495,66610319243,7519956,Success,137176671
1623426298511,66610969510,7519957,Success,137176811
1623426300573,66611529729,7519958,Success,137178283
1623426302573,66612389310,7519960,Success,137177271
1623426304526,66613359491,7519963,Success,137178416
1623426306714,66613408337,7519965,Success,137177836
1623426308656,66613592172,7519966,Success,137177984
1623426310447,66614634214,7519967,Success,137176812
1623426312462,66614727203,7519969,Success,137177052
1623426314521,66614953574,7519970,Success,137176601
1623426316678,66614975247,7519971,Success,137176573
1623426318553,66615854167,7519972,Success,137178007
1623426320740,66616435999,7519973,Success,137178117
1623426322662,66616683978,7519976,Success,137177770
1623426324521,66617066115,7519979,Success,137178486
1623426326564,66617173032,7519981,Success,137178392
1623426328487,66619095698,7519982,Success,137176742
1623426330519,66619409772,7519984,Success,137176900
1623426332682,66621068298,7519985,Success,137177856
1623426334824,66621135688,7519986,Success,137176716
1623426336511,66621152521,7519987,Success,137177803
1623426338549,66622255192,7519988,Success,137176683
1623426340664,66622484834,7519989,Success,137177908
1623426342800,66622619068,7519990,Success,137177259
1623426344486,66622930076,7519992,Success,137178116
1623426346300,66623724346,7519993,Success,137177079
1623426348546,66623738098,7519994,Success,137176704
1623426350515,66623956803,7519995,Success,137178365
1623426352531,66624027161,7519996,Success,137176792
1623426354683,66624573904,7519998,Success,137177068
1623426356491,66625362871,7519999,Success,137178156
1623426358491,66625410770,7520000,Success,137176992
1623426360576,66625483447,7520002,Success,137176790
1623426362514,66625499358,7520005,Success,137178275
1623426364576,66625571164,7520006,Success,137176994
1623426366624,66625756629,7520007,Success,137177174
1623426368749,66625800455,7520008,Success,137176697
1623426370533,66626165679,7520009,Success,137176976
1623426372768,66626606115,7520010,Success,137177982
1623426374507,66626812727,7520011,Success,137176743
1623426376523,66626866678,7520013,Success,137177232
1623426378695,66627049880,7520014,Success,137176662
1623426380685,66627352655,7520015,Success,137176929
1623426382513,66627735522,7520016,Success,137177234
1623426384529,66627901920,7520019,Success,137176701
1623426386654,66627971662,7520021,Success,137176838
1623426388504,66628455550,7520022,Success,137177152
1623426390504,66628715441,7520023,Success,137178496
1623426392473,66628786834,7520024,Success,137176587
1623426394518,66628840111,7520025,Success,137177935
1623426396800,66629156508,7520026,Success,137178400
1623426398868,66629396932,7520027,Success,137177168
1623426400549,66629903294,7520028,Success,137177303
1623426402533,66630504470,7520029,Success,137176595
1623426404565,66630965135,7520030,Success,137178394
1623426406465,66631171738,7520031,Success,137178098
1623426408514,66631588640,7520033,Success,137177273
1623426410686,66632406972,7520034,Success,137177953
1623426412530,66632642761,7520035,Success,137176615
1623426414540,66633132636,7520036,Success,137176973
1623426416712,66633187640,7520037,Success,137177077
1623426418494,66634755006,7520038,Success,137177769
1623426420565,66635138790,7520041,Success,137176517
1623426422534,66635496261,7520042,Success,137177088
1623426424534,66636497334,7520043,Success,137177330
1623426426706,66636628226,7520044,Success,137178157
1623426428471,66637165741,7520045,Success,137178097
1623426430565,66637260328,7520046,Success,137178441
1623426432518,66637265072,7520047,Success,137178100
1623426434565,66637757078,7520048,Success,137177020
1623426436806,66638041294,7520049,Success,137177076
1623426438509,66638511657,7520050,Success,137176888
1623426440634,66638694132,7520051,Success,137177032
1623426442681,66639155911,7520052,Success,137178376
1623426444773,66639461725,7520053,Success,137178133
1623426446508,66639740019,7520056,Success,137177127
1623426448558,66640103505,7520057,Success,137176567
1623426450527,66640451792,7520058,Success,137177347
1623426452480,66640491548,7520059,Success,137178045
1623426454477,66640542133,7520060,Success,137177834
1623426456493,66640764391,7520061,Success,137178440
1623426458774,66640852985,7520062,Success,137177233
1623426460468,66642042030,7520064,Success,137178135
1623426462657,66642214909,7520065,Success,137177227
1623426464541,66642514869,7520066,Success,137177782
1623426466603,66642543387,7520067,Success,137178308
1623426468507,66642742365,7520068,Success,137176576
1623426470538,66642874003,7520069,Success,137178497
1623426472741,66643578159,7520070,Success,137177789
1623426474760,66644197267,7520071,Success,137178217
1623426476514,66644293787,7520072,Success,137177183
1623426478701,66644304701,7520074,Success,137178326
1623426480561,66645267383,7520076,Success,137176785
1623426482707,66645463284,7520077,Success,137177296
1623426484566,66645629836,7520078,Success,137176841
1623426486457,66645726820,7520079,Success,137177165
1623426488478,66645768458,7520080,Success,137177182
1623426490712,66646017938,7520083,Success,137177101
1623426492524,66646246457,7520084,Success,137176612
1623426494602,66646308264,7520085,Success,137176897
1623426496598,66646918830,7520086,Success,137176670
1623426498752,66647068478,7520087,Success,137177843
1623426500689,66647091938,7520088,Success,137177788
1623426502520,66647197152,7520089,Success,137176975
1623426504483,66647651346,7520090,Success,137177313
1623426506494,66647792133,7520093,Success,137177801
1623426508776,66648570636,7520094,Success,137178047
1623426510514,66648689026,7520095,Success,137176570
1623426512737,66648728365,7520096,Success,137177791
1623426514476,66649298458,7520097,Success,137177175
1623426516480,66650213149,7520098,Success,137177936
1623426518502,66650438629,7520099,Success,137176602
1623426520491,66650627065,7520101,Success,137177985
1623426522694,66650851206,7520102,Success,137178477
1623426524555,66652585842,7520104,Success,137177941
1623426526588,66652745642,7520105,Success,137176718
1623426528830,66653202808,7520106,Success,137177802
1623426530580,66653921937,7520107,Success,137176845
1623426532658,66654792393,7520108,Success,137178290
1623426534678,66654961496,7520109,Success,137178337
1623426536680,66654969294,7520110,Success,137178336
1623426538727,66655760280,7520113,Success,137178485
1623426540556,66656033645,7520115,Success,137176848
1623426542775,66656138515,7520116,Success,137176673
1623426544467,66656503566,7520117,Success,137176663
1623426546545,66656598828,7520118,Success,137176916
1623426548482,66657702994,7520119,Success,137177743
1623426550699,66658182687,7520120,Success,137178366
1623426552455,66658184032,7520121,Success,137178393
1623426554502,66658213563,7520122,Success,137177261
1623426556534,66658308534,7520123,Success,137176974
1623426558631,66658834469,7520125,Success,137177916
1623426560491,66658867405,7520128,Success,137177750
1623426562506,66658921586,7520129,Success,137176803
1623426564522,66800140854,7520130,Success,137176540
1623426566459,66800510340,7520133,Success,137176589
1623426568477,66800599136,7520135,Success,137176933
1623426570852,66801057410,7520136,Success,137178487
1623426572538,66802246506,7520137,Success,137176693
1623426574511,66802507807,7520138,Success,137177820
1623426576462,66803319469,7520139,Success,137176502
1623426578524,66803320216,7520140,Success,137176984
1623426580605,66803637701,7520142,Success,137177051
1623426582512,66804080056,7520143,Success,137178108
1623426584637,66804286944,7520144,Success,137176796
1623426586512,66805649815,7520145,Success,137176931
1623426588543,66806349013,7520146,Success,137178325
1623426590527,66806358939,7520147,Success,137178174
1623426593338,66806479870,7520148,Success,137177226
1623426594557,66807240403,7520149,Success,137178246
1623426596524,66807714057,7520150,Success,137177780
1623426598555,66807928706,7520152,Success,137178063
1623426600476,66808083215,7520155,Success,137177342
1623426602773,66808189801,7520156,Success,137178220
1623426604523,66808290812,7520157,Success,137178291
1623426606570,66808438344,7520158,Success,137177102
1623426608523,66808651124,7520159,Success,137178478
1623426610523,66808885659,7520160,Success,137176847
1623426612742,66809095918,7520161,Success,137176801
1623426614523,66809297831,7520162,Success,137176786
1623426616535,66809303426,7520163,Success,137177314
1623426618535,66809426077,7520164,Success,137176513
1623426620598,66809529569,7520165,Success,137177844
1623426622475,66809958109,7520166,Success,137176664
1623426624490,66812464185,7520169,Success,137176795
1623426626521,66813492965,7520170,Success,137176703
1623426628693,66813925870,7520172,Success,137176993
1623426630490,66816068974,7520173,Success,137177845
1623426632511,66820855086,7520174,Success,137177291
1623426634486,66820979913,7520175,Success,137176958
1623426636486,66821050074,7520176,Success,137177749
1623426638737,66822045694,7520177,Success,137176694
1623426640503,66822370642,7520178,Success,137176868
1623426642540,66824456480,7520180,Success,137177940
1623426644524,66825089800,7520181,Success,137176773
1623426646509,66827392419,7520182,Success,137176600
1623426648571,66829436811,7520183,Success,137176877
1623426650684,66829544320,7520184,Success,137176686
1623426652575,66830429776,7520185,Success,137176586
1623426654485,66830556986,7520186,Success,137176571
1623426656517,66830696995,7520187,Success,137176983
1623426658642,66834288370,7520188,Success,137178284
1623426660517,66834756037,7520192,Success,137178247
1623426662483,66835057521,7520193,Success,137178031
1623426664452,66835083454,7520194,Success,137178172
1623426666511,66835457871,7520195,Success,137176741
1623426668502,66837062354,7520196,Success,137177252
1623426670502,66838836042,7520197,Success,137177934
1623426672756,66838973319,7520198,Success,137177332
1623426674709,66839130867,7520199,Success,137176809
1623426676724,66839851338,7520200,Success,137177246
1623426678521,66842054091,7520201,Success,137177956
1623426680490,66842186204,7520202,Success,137176955
1623426682506,66842422528,7520203,Success,137176523
1623426684647,66849166334,7520204,Success,137178494
1623426686537,66849869577,7520207,Success,137177869
1623426688681,66849927351,7520208,Success,137177071
1623426690697,66855807262,7520210,Success,137176872
1623426692509,66857571077,7520212,Success,137177815
1623426694677,66858147082,7520213,Success,137178107
1623426696550,66858655040,7520214,Success,137178398
1623426698477,66858710532,7520215,Success,137176524
1623426700493,66861238647,7520216,Success,137178461
1623426702576,66863028354,7520217,Success,137177333
1623426704498,66864447511,7520218,Success,137177781
1623426706560,66865433047,7520219,Success,137177265
1623426708529,66865492238,7520220,Success,137177126
1623426710545,66871307847,7520221,Success,137176782
1623426712576,66876382496,7520222,Success,137176846
1623426714701,66876856723,7520223,Success,137176886
1623426716527,66882302722,7520224,Success,137178382
1623426718496,66884118782,7520226,Success,137177954
1623426720606,66884943591,7520229,Success,137178204
1623426722746,66885870708,7520230,Success,137176626
1623426724684,66886209639,7520231,Success,137178211
1623426726512,66886365278,7520232,Success,137176866
1623426728528,66887499398,7520233,Success,137176981
1623426730544,66888948727,7520234,Success,137177054
1623426732537,66889202783,7520235,Success,137177087
1623426734505,66889421198,7520237,Success,137178245
1623426736674,66889439640,7520238,Success,137177053
1623426738710,66892560055,7520241,Success,137177349
1623426740772,66892920490,7520242,Success,137177305
1623426742507,66896400817,7520243,Success,137176696
1623426744585,66902208919,7520244,Success,137177790
1623426746491,66902291159,7520247,Success,137177272
1623426748522,66902562119,7520248,Success,137177194
1623426750507,66903261775,7520249,Success,137176751
1623426752491,66903270691,7520250,Success,137178024
1623426754511,66904345523,7520252,Success,137177235
1623426756693,66909901402,7520253,Success,137176865
1623426758506,66910299254,7520254,Success,137176753
1623426760496,66910328409,7520255,Success,137177924
1623426762574,66917585782,7520256,Success,137177340
1623426764550,66917707198,7520257,Success,137178216
1623426766518,66918681066,7520258,Success,137176613
1623426768737,66921470904,7520259,Success,137176740
1623426770511,66922527432,7520260,Success,137177019
1623426772527,66922722880,7520262,Success,137178008
1623426774510,66922789560,7520263,Success,137178300
1623426776521,66922985167,7520264,Success,137176596
1623426778505,66923419384,7520266,Success,137176717
1623426780552,66923625050,7520268,Success,137178029
1623426782583,66924083561,7520269,Success,137178380
1623426784525,66925254321,7520270,Success,137177783
1623426787573,66925629949,7520272,Success,137176995
1623426788495,66925796995,7520273,Success,137178171
1623426790572,66927384344,7520274,Success,137178292
1623426792510,66927450383,7520275,Success,137178301
1623426794479,66927563688,7520276,Success,137177955
1623426796533,66927787471,7520277,Success,137176621
1623426798533,66927958181,7520278,Success,137177069
1623426800674,66928244843,7520279,Success,137177871
1623426802502,66929087660,7520280,Success,137178469
1623426804520,66929174065,7520282,Success,137178210
1623426806727,66929494186,7520283,Success,137178137
1623426808571,66929502428,7520284,Success,137176634
1623426810526,66929550589,7520285,Success,137176932
1623426812542,66929916494,7520286,Success,137178037
1623426814482,66929919610,7520287,Success,137178064
1623426816534,66929962677,7520288,Success,137176915
1623426818518,66930211417,7520289,Success,137177331
1623426820706,66930243514,7520291,Success,137177855
1623426822549,66930271294,7520293,Success,137178324
1623426824534,66930425031,7520295,Success,137178339
1623426826900,66930636577,7520296,Success,137177166
1623426828541,66931543215,7520297,Success,137177923
1623426830525,66931700569,7520298,Success,137176568
1623426832541,66932121531,7520300,Success,137177253
1623426834650,66932207327,7520301,Success,137176869
1623426836594,66932988387,7520302,Success,137176584
1623426838531,66933031332,7520305,Success,137176500
1623426840546,66933059645,7520306,Success,137177131
1623426842515,66933494195,7520307,Success,137177768
1623426845037,66933643007,7520309,Success,137176498
1623426846552,66934199940,7520310,Success,137176889
1623426848553,66934547326,7520311,Success,137176705
1623426850540,66934609903,7520312,Success,137178375
1623426852509,66934717557,7520313,Success,137178222
1623426854540,66934910151,7520314,Success,137176575
1623426856761,66935057164,7520316,Success,137177360
1623426858546,66935255106,7520317,Success,137176681
1623426860749,66935461168,7520319,Success,137177245
1623426862530,66936096708,7520320,Success,137177362
1623426864530,66936202421,7520322,Success,137176594
1623426866577,66937457422,7520323,Success,137177034
1623426868486,66938400779,7520326,Success,137178197
1623426870561,66940515301,7520327,Success,137178468
1623426872624,66942582747,7520328,Success,137177816
1623426874765,66942681247,7520331,Success,137178399
1623426876778,66943282098,7520332,Success,137178374
1623426878521,66943366877,7520333,Success,137178442
1623426880529,66944616455,7520334,Success,137178299
1623426882560,66944975323,7520335,Success,137176569
1623426884810,66945431985,7520336,Success,137178212
1623426886545,66946811493,7520337,Success,137177917
1623426888586,66947074743,7520338,Success,137177224
1623426890517,66948196559,7520339,Success,137177922
1623426892617,66948696533,7520340,Success,137177132
1623426894570,66949684014,7520342,Success,137178046
1623426896554,66951614563,7520344,Success,137176624
1623426898535,66951766006,7520348,Success,137178271
1623426900572,66951900595,7520349,Success,137178306
1623426902525,66952212417,7520350,Success,137177341
1623426904779,66952499860,7520351,Success,137177295
1623426906607,66952874882,7520352,Success,137178305
1623426908701,66953494457,7520354,Success,137177854
1623426910592,66953823096,7520355,Success,137178364
1623426912560,66953949904,7520356,Success,137176532
1623426914513,66954780608,7520357,Success,137178118
1623426916560,66954956026,7520358,Success,137178202
1623426918607,66955328131,7520359,Success,137176840
1623426920563,66955573898,7520360,Success,137177070
1623426922594,66955642756,7520362,Success,137176965
1623426924605,66955751208,7520363,Success,137178109
1623426926777,66956380094,7520364,Success,137178414
1623426928527,66956846753,7520365,Success,137178025
1623426930589,66956973851,7520368,Success,137178123
1623426932574,66957085731,7520369,Success,137176772
1623426934756,66957298156,7520370,Success,137178096
1623426936572,66957353295,7520371,Success,137177100
1623426938602,66957495208,7520372,Success,137177031
1623426940552,66957549671,7520373,Success,137178495
1623426942552,66957693209,7520374,Success,137178270
1623426944552,66959086099,7520375,Success,137176543
1623426946589,66959094482,7520376,Success,137178006
1623426948782,66959183105,7520377,Success,137176585
1623426950532,66959236247,7520378,Success,137177343
1623426952565,66959265152,7520379,Success,137176784
1623426954596,66959306693,7520381,Success,137177863
1623426956584,66959570203,7520382,Success,137176914
1623426958593,66961048246,7520386,Success,137178470
1623426960484,66961310092,7520387,Success,137176597
1623426962906,66961398706,7520389,Success,137177910
1623426964578,66962061838,7520390,Success,137177181
1623426966562,66962133531,7520391,Success,137178272
1623426968637,66962751623,7520392,Success,137177030
1623426970621,66963072476,7520393,Success,137178218
1623426972778,66963593260,7520394,Success,137177883
1623426974590,66963597462,7520395,Success,137178367
1623426976563,66964084235,7520397,Success,137177304
1623426978578,66964218710,7520398,Success,137177078
1623426980516,66964240469,7520400,Success,137177312
1623426982565,66966564561,7520401,Success,137177018
1623426984578,66966835484,7520403,Success,137178338
1623426986626,66966848461,7520406,Success,137176956
1623426988612,66966944490,7520408,Success,137176682
1623426990581,66967271181,7520411,Success,137178401
1623426992554,66967281138,7520412,Success,137177251
1623426994554,66967412420,7520413,Success,137177361
1623426996538,66967515714,7520414,Success,137178136
1623426998723,66968064309,7520415,Success,137176518
1623427000598,66968214429,7520416,Success,137178415
1623427002582,66968266322,7520417,Success,137176887
1623427004536,66968267752,7520418,Success,137176802
1623427006569,66968944008,7520419,Success,137177167
1623427008569,66969702713,7520421,Success,137176660
1623427010559,66970241102,7520422,Success,137177315
1623427012549,66970357534,7520423,Success,137178039
1623427014537,66970370419,7520424,Success,137176625
1623427016631,66970408175,7520425,Success,137177933
1623427018584,66970424295,7520426,Success,137178424
1623427020508,66970463565,7520428,Success,137177155
1623427022751,66970466984,7520429,Success,137176506
1623427024532,66971071757,7520430,Success,137177133
1623427026829,66971161617,7520433,Success,137176719
1623427028642,66972245190,7520434,Success,137177853
1623427030517,66972366205,7520435,Success,137177859
1623427032546,66973031561,7520436,Success,137176964
1623427034737,66973040909,7520437,Success,137176899
1623427036581,66973141428,7520438,Success,137178022
1623427038530,66973380094,7520439,Success,137176599
1623427040778,66979959230,7520440,Success,137176527
1623427042532,66980324037,7520441,Success,137176710
1623427044564,66980325718,7520443,Success,137177882
1623427046790,66980655323,7520447,Success,137178462
1623427048758,66981058355,7520449,Success,137176982
1623427050618,66981095582,7520450,Success,137178030
1623427052540,66981873806,7520451,Success,137176695
1623427054571,66981873806,7520452,Success,137178371
1623427056571,66982565683,7520453,Success,137177833
1623427058602,66982606003,7520454,Success,137176577
1623427060563,66982613905,7520456,Success,137177907
1623427062563,66982656328,7520457,Success,137177860
1623427064753,66983280362,7520458,Success,137178009
1623427066549,66983743637,7520459,Success,137177153
1623427068524,66983900736,7520460,Success,137177870
1623427070565,66984475812,7520461,Success,137177348
1623427072573,66985180378,7520462,Success,137177918
1623427074745,66985384163,7520463,Success,137178307
1623427076573,66985988940,7520464,Success,137177196
1623427078573,66986201095,7520466,Success,137178459
1623427080539,66986303924,7520467,Success,137177297
1623427082593,66986328021,7520470,Success,137176839
1623427084577,66986328340,7520472,Success,137178213
1623427086546,66986563243,7520473,Success,137176593
1623427088593,66986650789,7520474,Success,137176611
1623427090516,66986867418,7520476,Success,137177128
1623427092548,66987025434,7520477,Success,137177939
1623427094566,66987568603,7520478,Success,137176533
1623427096836,66988075944,7520479,Success,137176509
1623427098711,66988178542,7520480,Success,137178383
1623427100601,66988259723,7520481,Success,137177909
1623427102554,66988347898,7520483,Success,137176963
1623427104852,66988407307,7520485,Success,137176512
1623427106587,66988906841,7520487,Success,137176771
1623427108587,66989017299,7520490,Success,137177274
1623427110540,66989243091,7520491,Success,137176610
1623427112571,66989466522,7520492,Success,137176810
1623427114649,66989466647,7520493,Success,137178038
1623427116777,66989702077,7520494,Success,137176542
1623427118542,66989705675,7520495,Success,137177191
1623427120380,66989929259,7520496,Success,137176658
1623427122552,66990299099,7520497,Success,137177884
1623427124661,66990396254,7520498,Success,137177180
1623427126545,66990564674,7520500,Success,137178381
1623427128577,66990599780,7520501,Success,137178479
1623427130546,66990698611,7520503,Success,137177173
1623427132583,66990938317,7520504,Success,137177134
1623427134709,66991074430,7520506,Success,137177244
1623427136557,66991404789,7520507,Success,137176674
1623427138590,66991491493,7520509,Success,137176898
1623427140650,66991692171,7520511,Success,137177247
1623427142625,66992063254,7520512,Success,137178482
1623427144549,66992261160,7520514,Success,137178417
1623427146595,66992342889,7520515,Success,137177125
1623427148517,66992518049,7520517,Success,137176684
1623427150658,66992842246,7520519,Success,137178065
1623427152643,66992987812,7520520,Success,137176497
1623427154628,66993959225,7520521,Success,137177835
1623427156565,66994484271,7520522,Success,137176876
1623427158550,66994615401,7520523,Success,137176957
1623427160553,66994890167,7520524,Success,137176528
1623427162600,66995323491,7520526,Success,137177154
1623427164584,66996142421,7520527,Success,137176917
1623427166787,66996279182,7520530,Success,137178023
1623427168553,66997013228,7520531,Success,137177103
1623427170569,66997019297,7520533,Success,137178460
1623427172569,66997129946,7520534,Success,137177089
1623427174575,66997359352,7520536,Success,137177748
1623427176841,66997821152,7520537,Success,137177195
1623427178529,9.1897E+11,7520538,Success,137176754
1623427180549,9.196E+11,7520539,Success,137176755
1623427182565,9.19654E+11,7520540,Success,137177771
