mobile,userid,Username
60103776184,140417132,gunaseelan.raman@lotuss.com
60104313082,140417068,nadia.din@lotuss.com
6.01111E+11,140352778,kartikayan.ganesan@lotuss.com
6.01112E+11,140530011,izzat.najmi@lotuss.com
6.01116E+11,140417138,logeswary.rajendran@lotuss.com
6.01124E+11,140352994,sitihaslina.salman@lotuss.com
6.0113E+11,140352858,noorbaitie.mdrani@lotuss.com
6.01161E+11,140417144,nuremyraashikin.norpizan@lotuss.com
6.01162E+11,140584616,muhammadfarisadiyat.shahrizan@lotuss.com
6.0117E+11,140584607,ahmadmuqri.haidil@lotuss.com
60142465241,140417151,sarizan.salim@lotuss.com
60149120177,140352836,anissabirin.mohamadharis@lotuss.com
60163395633,140490373,kai.sing.kee@lotuss.com
60167337269,140417163,nizam.ali@lotuss.com
60172582971,140417070,shahrilnizam.ismail@lotuss.com
60172979565,140352915,low.linhung@lotuss.com
60173712481,140529997,khairulrosdi.roslan@lotuss.com
60173804354,140353016,noranisyafiqah.shaharudin@lotuss.com
60175027092,140352798,mohammadsyafiq.yusof@lotuss.com
60179911581,140352817,nurliyana.mohdpauzi@lotuss.com
60183825119,140417131,vijeswary.muthusamy@lotuss.com
60184749509,140417148,sitirogayah.othman@lotuss.com
60187643363,140352980,alianabilah.jamalabdulnasir@lotuss.com
60189196858,140584625,muhamadfazreen.mdyusof@lotuss.com
60193883211,140530016,syedezanie.saiyad@lotuss.com
60194775221,140417145,sopiah.ismail@lotuss.com
66610309700,140529670,naruemon.tayeang@lotuss.com
66610310383,140528929,peerapat.wannakasem@lotuss.com
66610532451,140354054,suphaphon.phuntie@lotuss.com
66610601972,140529578,bussakon.phothisen@lotuss.com
66611379237,140353521,jansuda.thongsuk@lotuss.com
66611463114,140529110,sirigorn.khirisri@lotuss.com
66611503369,140528995,wuttisak.saengthopho@lotuss.com
66612274749,140352761,chawaawan.songmueang@lotuss.com
66612350754,140529913,.22@lotuss.com
66612545272,140529308,sirikan.jitsupa@lotuss.com
66613491416,140528990,phimlaphat.lophin@lotuss.com
66613686386,140529292,natthanicha.yawan@lotuss.com
66613715869,140528928,khomsan.phukkarawek@lotuss.com
66614256344,140529451,rutlalan.kado@lotuss.com
66614416707,140529040,renuka.suwinya@lotuss.com
66614535729,140352640,phrawphan.phothong@lotuss.com
66614739209,140354069,wanida.choksataponsin@lotuss.com
66614790912,140353410,phatcharin.lueklam@lotuss.com
66614811409,140529380,thawatchai.phinthong@lotuss.com
66615309987,140529548,jiratchaya.martwanna@lotuss.com
66615404450,140529053,wanvisa.thongsupan@lotuss.com
66615508801,140352682,nisarat.chunlasi@lotuss.com
66615562378,140352296,phonwalai.chaonamoom@lotuss.com
66615650536,140353637,siwapat.senachak@lotuss.com
66615679080,140529813,nattharika.phomma@lotuss.com
66616366869,140353382,rhatpetr.intarawipun@lotuss.com
66616402337,140529754,sirisak.sakunsukwong@lotuss.com
66616589176,140529356,traiphob.thongouan@lotuss.com
66616802960,140528913,chutamas.kaewmanee@lotuss.com
66617700177,140529127,kittipan.chueathaow@lotuss.com
66618278897,140353092,.20@lotuss.com
66619319917,140529193,khanittha.thonsao@lotuss.com
66619902198,140417069,surin.jindarat@lotuss.com
66620622615,140353836,rungnapha.butdavong@lotuss.com
66620709623,140352116,waehama.waesuemae@lotuss.com
66621408626,140529173,anchariga.suwankam@lotuss.com
66621492338,140352333,phonsuang.suwan@lotuss.com
66621694530,140531832,peeraprapa.tongjeuah@lotuss.com
66621751478,140353046,patcharin.khodchampa@lotuss.com
66621893509,140353487,prakai.chaiyasaen@lotuss.com
66622327823,140529474,chodka.puangjam@lotuss.com
66623098328,140353429,laksika.suphom@lotuss.com
66623351933,140352591,wasana.fongngam@lotuss.com
66623574712,140352127,nutdow.luecha@lotuss.com
66623862872,140529874,arisa.jabal@lotuss.com
66624030214,140529087,chanchira.thongdi@lotuss.com
66624186073,140529198,wirakarn.kamsamlee@lotuss.com
66624270641,140529471,phanthasa.phankham@lotuss.com
66624391647,140353660,sunitsuk.sinmak@lotuss.com
66624430740,140529364,narongyut.janthuek@lotuss.com
66624561512,140529138,suepsak.chansiri@lotuss.com
66624823918,140529895,kanlayanee.thongkrathok@lotuss.com
66625144847,140353938,phennapha.khomsri@lotuss.com
66625467687,140529246,piyamon.yomram@lotuss.com
66625644083,140353774,halit.bunmalert@lotuss.com
66625692204,140529932,anchalee.lohitthai@lotuss.com
66625852370,140529172,ratsamee.mopo@lotuss.com
66626061175,140354029,nuryanah.chsma@lotuss.com
66627639781,140529086,pholasit.kongsomboon@lotuss.com
66628596539,140352607,priwan.supasee@lotuss.com
66628974083,140529853,natthanicha.hirunvathit@lotuss.com
66628988472,140528912,supanan.kamma@lotuss.com
66629859707,140529141,oatjiriya.najan@lotuss.com
66629878803,140528934,kesini.sokampang@lotuss.com
66630148602,140354121,khwanruean.bauthong@lotuss.com
66630285935,140353357,.21@lotuss.com
66630962579,140353929,kanokwan.potiwiput@lotuss.com
66632695874,140529175,natthakorn.khositchalathan@lotuss.com
66632700113,140529561,phattharaphong.khongbouaonkiad@lotuss.com
66633694628,140352556,naowarat.kainoonnoy@lotuss.com
66633975099,140529577,phongsakorn.sommai@lotuss.com
66634061106,140352508,siriwimon.boonnak@lotuss.com
66634083030,140529004,wanna.sanguanngam@lotuss.com
66634125326,140352213,sirinthip.sathantraiphop@lotuss.com
66634390808,140353745,teerata.oonraksa@lotuss.com
66634658548,140529990,.24@lotuss.com
66635765092,140353608,suchada.toleythet@lotuss.com
66635787545,140530023,tipawan.noomaew@lotuss.com
66636283555,140353897,phuatchalin.phungnam@lotuss.com
66636301297,140353677,nppamas.lampat@lotuss.com
66636575667,140352142,wutthiphong.phoodphoh@lotuss.com
66636733889,140352719,tavanrung.nachai@lotuss.com
66637282992,140529781,haruethal.saenkham@lotuss.com
66637426459,140584602,chiranan.chanket@lotuss.com
66637574197,140529760,marisa.buntha@lotuss.com
66637674430,140529168,supraneet.lomsai@lotuss.com
66637819264,140529345,sittichai.sripnonmuang@lotuss.com
66638305219,140529599,ubonrat.thepudom@lotuss.com
66638309843,140529294,wiphawee.seesanit@lotuss.com
66638602437,140529105,mathee.chotechuang@lotuss.com
66638859695,140529851,onuma.sonphirom@lotuss.com
66639214481,140529931,.26@lotuss.com
66639925995,140353070,kanyapak.weng@lotuss.com
66640619658,140529002,lertrat.khempan@lotuss.com
66640741900,140529174,nanthapong.aunkaew@lotuss.com
66641063276,140353376,wannisa.keedkin@lotuss.com
66641100649,140529338,poldech.chansung@lotuss.com
66642896530,140353501,sujittra.saeaung@lotuss.com
66643129916,140353723,wipada.ounjai@lotuss.com
66644080176,140529359,chetsada.charoensri@lotuss.com
66644237280,140529103,chamaiporn.longkran@lotuss.com
66644580568,140529219,noppol.suriyachai@lotuss.com
66645923637,140354033,anawin.sogunthiga@lotuss.com
66646063140,140353339,setthada.ketprom@lotuss.com
66646169377,140352494,paphitchaya.prakham@lotuss.com
66646392415,140353366,vipavee.maleewat@lotuss.com
66646846344,140353062,rattapong.lapyen@lotuss.com
66647242753,140529268,areerat.boontham@lotuss.com
66647541510,140529812,arisa.domsutham@lotuss.com
66647569832,140529576,thanathon.phomyayab@lotuss.com
66647906691,140528917,chetsuda.sriprayun@lotuss.com
66649175094,140529015,kannika.wongthongho@lotuss.com
66649329477,140417133,kaeota.bunkhampha@lotuss.com
66649431079,140528988,waranit.pipachtanapakdea@lotuss.com
66652516369,140529019,parichat.pattapho@lotuss.com
66653808744,140352733,kiattisak.chimma@lotuss.com
66656387850,140584594,ketkanok.jumrunchay@lotuss.com
66657346895,140352535,kanpin.oanphakdi@lotuss.com
66658343956,140528926,siriwat.suiphonoi@lotuss.com
66658794358,140417143,chanaphat.yamphuntu@lotuss.com
66800456624,140352182,passara.choothungyo@lotuss.com
66801066461,140529901,watsana.yimnoi@lotuss.com
66801436037,140352514,pornnida.sophonpiphat@lotuss.com
66802389084,140353801,jeerawat.banlit@lotuss.com
66803059281,140352697,jirasak.ruchiyat@lotuss.com
66803274734,140353128,supansa.soisarika@lotuss.com
66803327966,140528989,nongluck.meetem@lotuss.com
66803471620,140528932,.27@lotuss.com
66803556457,140353597,chakrit.wanth@lotuss.com
66804097596,140529586,thitawat.baulakhon@lotuss.com
66804461951,140353311,pawin.chaichat@lotuss.com
66804635465,140354017,khemanit.daengdon@lotuss.com
66805913595,140353533,amnart.playlaharn@lotuss.com
66806068110,140529784,anukun.chairot@lotuss.com
66806136415,140529109,kanyarat.mekkaew@lotuss.com
66806933094,140417100,sujire.polsomwang@lotuss.com
66806964725,140529449,aidil.mahsaree@lotuss.com
66807233065,140529477,ontida.boonudom@lotuss.com
66807310744,140529355,korawit.sinpo@lotuss.com
66808009036,140529111,montree.pootalers@lotuss.com
66808062337,140529041,phattharaphon.nanthi@lotuss.com
66808582197,140529810,thofun.liamthaisong@lotuss.com
66809051627,140529742,aphichat.matsi@lotuss.com
66809491971,140529259,namhwan.tolu@lotuss.com
66811802096,140529634,sarunya.nuping@lotuss.com
66814354551,140352438,parichat.detkhram@lotuss.com
66817180152,140529256,rapeephan.phothiwat@lotuss.com
66818660250,140352154,boosara.chantanon@lotuss.com
66820542475,140529347,pijitta.khueanphong@lotuss.com
66820918489,140353101,jirachaya.pavaputa@lotuss.com
66820970937,140353786,jaroonvit.boonsoon@lotuss.com
66821302250,140529139,ratchadaporn.setthawong@lotuss.com
66821407941,140584628,wanna.chaikun@lotuss.com
66821543600,140529021,wachira.laouttha@lotuss.com
66822154422,140529125,patcharaphon.seebobpa@lotuss.com
66823350395,140352936,chanisa.kongsong@lotuss.com
66824576477,140353704,wanchai.sukjaroen@lotuss.com
66825457601,140353950,kitthitee.jitwiset@lotuss.com
66825607678,140528927,.28@lotuss.com
66827675037,140353449,wirot.saensaart@lotuss.com
66827683517,140353845,jariya.tinthoranee@lotuss.com
66828610718,140529753,benya.chunharatchaphan@lotuss.com
66829261657,140353918,wannisa.tongkasem@lotuss.com
66829575184,140353887,kottuphon.jaroenying@lotuss.com
66829943604,140353763,chanin.samas@lotuss.com
66830246544,140529014,aphinya.panphet@lotuss.com
66832464932,140529006,chayanut.phokaew@lotuss.com
66832683853,140353295,suwapat.wongsamaneerattana@lotuss.com
66834458834,140529022,phatnari.baosari@lotuss.com
66835415949,140529005,nitiphoom.ruksasak@lotuss.com
66837174854,140529417,anucha.promdee@lotuss.com
66837835297,140529591,mayurin.kaewboonruang@lotuss.com
66838643635,140529247,thipprakay.kiengkaew@lotuss.com
66839323381,140528939,sukanya.sangpayap@lotuss.com
66839325829,140529933,poomphat.kornkontee@lotuss.com
66839756912,140529740,namfon.bunchoen@lotuss.com
66839859222,140352948,kwanchanok.faioey@lotuss.com
66840300722,140529587,jiratthiphon.chatarupa@lotuss.com
66840507713,140352424,suchada.semphiphat@lotuss.com
66840721415,140353345,supatsara.romyean@lotuss.com
66841015934,140528967,tawatchai.pansrimek@lotuss.com
66841085723,140352605,anuta.ngiongam@lotuss.com
66841440320,140352206,kanya.saardluea@lotuss.com
66841759985,140528937,kritsana.paenprasert@lotuss.com
66842038192,140417129,nittaya.phonphruksa@lotuss.com
66842686706,140529126,suwanan.jaengngngam@lotuss.com
66843903166,140353120,chatchawan.lahansim@lotuss.com
66845198965,140353578,narawan.thipmontha@lotuss.com
66848829507,140352311,laddawan.wangkam@lotuss.com
66849311397,140353691,natthaporn.kamcho@lotuss.com
66853684230,140531826,ratchaneekorn.saenmontree@lotuss.com
66855149252,140529854,ekachai.srila@lotuss.com
66855964610,140529763,sutinee.somdang@lotuss.com
66858705108,140528938,nakarin.kantaros@lotuss.com
66860044885,140352747,sappaya.jamroenraksa@lotuss.com
66862312187,140353711,itdsara.duangsong@lotuss.com
66863192686,140529385,jamjuree.vansanit@lotuss.com
66863649345,140352867,palathip.uthikamporn@lotuss.com
66869067870,140529636,thipawan.khajornwong@lotuss.com
66869259558,140353439,phattharawan.klunruang@lotuss.com
66869853623,140352848,bhumiphat.weeradaechakul@lotuss.com
66870318306,140584605,orawan.likhit@lotuss.com
66870865864,140529914,papatsara.khoyudklang@lotuss.com
66871444523,140529748,bunlit.daoprakay@lotuss.com
66875015565,140353552,chinnawat.bunsuk@lotuss.com
66878356137,140352710,nantana.prachanimitchiwin@lotuss.com
66879570268,140352736,seri.phaiphimai@lotuss.com
66885938717,140353969,nirut.prampree@lotuss.com
66886577967,140529580,sorawit.buadaeng@lotuss.com
66886722824,140353400,pimchanok.kosanthai@lotuss.com
66886820894,140352276,natthaphong.wonglakhon@lotuss.com
66887067901,140353040,wunnarat.namboonrueng@lotuss.com
66889178827,140353810,yatfa.sumalee@lotuss.com
66889678247,140529309,suwanun.kongkalai@lotuss.com
66889954413,140353404,sudarat.pinmuang@lotuss.com
66892117860,140352824,sireethorn.kamid@lotuss.com
66896676104,140353451,wandee.pariram@lotuss.com
66902082399,140529555,atchara.boonmang@lotuss.com
66902973907,140529637,nittaya.phraliang@lotuss.com
66904043639,140352904,wilawan.nawatharadol@lotuss.com
66904806151,140529934,isika.srisuk@lotuss.com
66906732723,140528964,rattawan.thammachieng@lotuss.com
66906975719,140353417,thanyanan.ngokphon@lotuss.com
66909202748,140353336,benchaporn.tunphichai@lotuss.com
66910383829,140352466,phattharaphong.techo@lotuss.com
66910392277,140529911,benchawan.promprasong@lotuss.com
66910411864,140584611,prangruetai.panpach@lotuss.com
66910465892,140529280,thanaporn.kerdjantuek@lotuss.com
66910589089,140529340,apicha.watana@lotuss.com
66912843577,140529167,thassanee.phomuan@lotuss.com
66914587862,140529166,jiranat.rodwihok@lotuss.com
66915205661,140352263,narisara.tangjintana@lotuss.com
66916900582,140529677,sujitra.piajan@lotuss.com
66917698671,140529339,siriporn.viriyawangsakul@lotuss.com
66917811885,140529187,nadchapon.kumchay@lotuss.com
66917959171,140529809,areewan.saykasun@lotuss.com
66922824695,140530013,.23@lotuss.com
66922837173,140417076,patnarin.pewluang@lotuss.com
66923269875,140352170,sornchai.niansit@lotuss.com
66923603146,140529416,surangkhana.ananlapmongkhon@lotuss.com
66923752662,140352396,nipada.bamrungin@lotuss.com
66924353478,140354045,kampntip.chongkanpon@lotuss.com
66924375023,140354133,sutatta.polkhan@lotuss.com
66924531781,140530014,kerrine.suckanguaon@lotuss.com
66925268033,140529275,somporn.chunchui@lotuss.com
66925283927,140353362,amaraporn.ritpan@lotuss.com
66925406615,140529274,chatvalee.tammaket@lotuss.com
66925865633,140529183,rommanee.raksri@lotuss.com
66926244877,140529081,rattanachat.ponsirllukkana@lotuss.com
66927374676,140353589,warapon.junpen@lotuss.com
66928033419,140529600,kanyapad.wanwong@lotuss.com
66928356577,140528933,nattarat.jaengtrakul@lotuss.com
66928973045,140584621,patipan.poomsuwan@lotuss.com
66929543660,140529020,jirapon.potiwat@lotuss.com
66929581830,140352237,siwakon.sangkhasuwannakun@lotuss.com
66930165868,140529000,mantita.maneepech@lotuss.com
66930263485,140352485,suda.promsaen@lotuss.com
66930277164,140529777,yonradee.saisaen@lotuss.com
66930575857,140529311,kanokwan.phromboot@lotuss.com
66930685088,140529415,apinya.janlit@lotuss.com
66930989331,140529873,sumet.yangsuay@lotuss.com
66931298192,140529870,amarin.tewinram@lotuss.com
66931477102,140529559,sorravit.wienrob@lotuss.com
66932102928,140529199,phonnapha.sukjaem@lotuss.com
66932229206,140417098,chakkit.diloed@lotuss.com
66932500058,140352584,kanyanat.mapong@lotuss.com
66933388738,140529513,wisawasak.chaiyarat@lotuss.com
66933789108,140352575,daorueang.bucha@lotuss.com
66934144324,140528918,panisa.nachairit@lotuss.com
66934183035,140352193,nurhayatee.batunae@lotuss.com
66934230055,140352407,anuthida.boonterm@lotuss.com
66934724528,140353433,apisak.hompirom@lotuss.com
66934802284,140529341,valaporn.longpon@lotuss.com
66934827976,140529128,kongkingwan.patchum@lotuss.com
66934845665,140531830,watchala.saenli@lotuss.com
66934845665,140531854,ratchanee.kromrat@lotuss.com
66934987946,140529551,darawan.poothirat@lotuss.com
66935512933,140529104,nittaya.pasanjorn@lotuss.com
66935589727,140529383,sulatda.khiaopan@lotuss.com
66935690846,140529511,sudarat.jongklang@lotuss.com
66935753440,140529450,sudapan.sompawa@lotuss.com
66935920315,140529514,chalini.khampanon@lotuss.com
66936191704,140529446,pawisa.greeso@lotuss.com
66937709979,140529269,sunisa.chuaypu@lotuss.com
66942094460,140529480,korakoch.boonyung@lotuss.com
66942099338,140352527,orrapan.ausajai@lotuss.com
66942348050,140353878,jirayut.aekkawat@lotuss.com
66942717325,140352254,wisut.thatphaibun@lotuss.com
66943686056,140353304,garnjhanapa.kaewchoo@lotuss.com
66945211569,140353511,tanaporn.chinfan@lotuss.com
66945798835,140529739,chanida.saelee@lotuss.com
66946099343,140353621,phattharawadee.mekkhala@lotuss.com
66946303487,140352806,chanida.damrongsak@lotuss.com
66947819446,140529552,angkhana.lanwong@lotuss.com
66947954253,140353332,kitti.chandondaeng@lotuss.com
66948080433,140353080,patcharin.seehawong@lotuss.com
66948235642,140529221,sireetorn.sukkho@lotuss.com
66948596774,140529279,punna.prasertsri@lotuss.com
66949409871,140529532,teerawat.wongdaeng@lotuss.com
66949873002,140353856,thiyaporn.phusung@lotuss.com
66949975257,140352454,suphatcha.chumsen@lotuss.com
66950038363,140529278,sudachat.daonuea@lotuss.com
66951689404,140529678,butsaya.bunsucha@lotuss.com
66951852363,140529357,seeprapa.yaisompong@lotuss.com
66952315205,140352226,pathipan.yingtrakul@lotuss.com
66952385198,140529220,nopparat.boonma@lotuss.com
66953060394,140353866,sumalee.booranrom@lotuss.com
66953494891,140529531,koraphin.talingchaisong@lotuss.com
66954302022,140353378,korawit.aiamaksorn@lotuss.com
66954790362,140352365,yuwalak.soda@lotuss.com
66955197830,140529638,thaniwat.sisaud@lotuss.com
66955408265,140529201,nidawan.walamat@lotuss.com
66955421659,140353543,suparat.seepattanat@lotuss.com
66955633259,140529034,ratchanikon.phuchomsri@lotuss.com
66956736631,140417071,jessada.midam@lotuss.com
66957688511,140352669,jirawan.donladlee@lotuss.com
66957878947,140529992,pakchayakorn.prueksasri@lotuss.com
66958090892,140529185,sopha.losungnoen@lotuss.com
66958451041,140352630,pattharaporn.thongwongsa@lotuss.com
66958916637,140529257,sorathorn.kanjustriew@lotuss.com
66958954099,140529755,soraya.sukmi@lotuss.com
66959535101,140529108,chadanatthanaporn.sangsom@lotuss.com
66960922805,140529598,chetsada.manalee@lotuss.com
66960955802,140529276,rossukon.robroo@lotuss.com
66961622059,140353465,thanakorn.jarudoljinda@lotuss.com
66962245835,140529891,seksan.unnen@lotuss.com
66962964218,140528920,pornsuda.thonnam@lotuss.com
66963385892,140529419,napawan.thonguntung@lotuss.com
66963538180,140528919,nareerat.aothong@lotuss.com
66963822740,140529248,hmoang.wachiraphlangkul@lotuss.com
66966034165,140529033,sutida.pirapak@lotuss.com
66966479889,140353388,monlika.musikajaroen@lotuss.com
66966723297,140529265,chingchai.campooka@lotuss.com
66967047090,140529293,nanthawan.thiman@lotuss.com
66967170265,140529872,kanokpon.oppanan@lotuss.com
66968763565,140354090,kunawoot.meauam@lotuss.com
66969362203,140354003,raksina.nootpong@lotuss.com
66969513684,140352892,pattarawadee.yodkraikringdech@lotuss.com
66969648241,140529140,bancha.ngamphao@lotuss.com
66969681003,140352957,natthapong.onta@lotuss.com
66969684417,140529186,nanthima.chaiwut@lotuss.com
66970641911,140352384,thapanee.stisawat@lotuss.com
66971934694,140529249,phakkhaphon.konchaliao@lotuss.com
66971958953,140531853,chamaiporn.rupmoa@lotuss.com
66972016100,140529530,jenita.phothi@lotuss.com
66972917165,140352879,apiworajarath.unmaneerat@lotuss.com
66973291067,140529051,khatchakhun.kanthapeng@lotuss.com
66973351728,140353399,suphimchanok.sriphamon@lotuss.com
66973591237,140529191,waramon.phasuk@lotuss.com
66973594008,140529190,parinya.viyasing@lotuss.com
66979526718,140353826,jiradat.phosrithong@lotuss.com
66979738835,140529054,kitsada.uaongchari@lotuss.com
66979900898,140352972,nimit.wongsabuala@lotuss.com
66980060671,140529192,naphaporn.seehawong@lotuss.com
66980080159,140529083,suthee.jaiyuakyan@lotuss.com
66980215244,140529560,laddawan.jantavong@lotuss.com
66981151647,140417101,duangnet.romphophak@lotuss.com
66981606943,140529601,chonlatee.ngoebudda@lotuss.com
66981628733,140529258,wilawan.mongkhonsupa@lotuss.com
66981803620,140354097,supaporn.sareethong@lotuss.com
66982613723,140529989,.25@lotuss.com
66982802883,140529052,somkiat.suwanjun@lotuss.com
66982980595,140529589,nawin.phonkhamrak@lotuss.com
66983033536,140352924,rattana.karapakdee@lotuss.com
66984261973,140529013,dolnapha.duruengram@lotuss.com
66984345257,140353563,witchayada.kaewmongkol@lotuss.com
66984926327,140529893,kannika.phuphet@lotuss.com
66984948596,140528965,somkiet.peungsungworn@lotuss.com
66985122546,140352371,thodsaphon.chaksuwong@lotuss.com
66985749493,140353355,.19@lotuss.com
66986040443,140529295,pansak.kasem@lotuss.com
66986295068,140354114,prakasit.pariwantang@lotuss.com
66986305085,140529267,nataporn.poopanwer@lotuss.com
66986377846,140352618,pornpipat.pimpon@lotuss.com
66986764232,140529310,chanisara.panvijit@lotuss.com
66987909796,140417097,khemmathat.hukaeo@lotuss.com
66989170444,140531856,phisut.ninphai@lotuss.com
66989720553,140529007,supaporn.saengngarm@lotuss.com
66989873180,140528962,rawipa.wijitchaijinda@lotuss.com
66990461137,140352351,kanokon.namkaew@lotuss.com
66991588824,140531833,waranyu.sumrit@lotuss.com
66992477659,140417109,yuwadee.prommachat@lotuss.com
66992639469,140353298,preecha.wannarach@lotuss.com
66992862485,140353908,cholchanok.paensuwan@lotuss.com
66993322560,140528940,apinya.sonthuch@lotuss.com
66993387191,140529896,rattana.mongdee@lotuss.com
66993415537,140529512,chutinan.jarabram@lotuss.com
66993456669,140352657,suppakorn.combud@lotuss.com
66993684142,140529001,rungjiraporn.yamporadit@lotuss.com
66994123213,140529849,sudarat.mosaman@lotuss.com
66994311545,140531855,suphakan.jangso@lotuss.com
66994328533,140529200,supadtra.rueangsuwan@lotuss.com
66994357532,140529741,panuwat.darapa@lotuss.com
66997678806,140529346,arnon.thongchan@lotuss.com
9.17798E+11,140491886,sushmita.more@lotuss.com
9.19506E+11,140490378,anand.medar@lotuss.com
9.72505E+11,140490368,kavita.kumari@lotuss.com
9.72543E+11,140490382,sreedevi.sreenivasan@lotuss.com
